Workbook

Sheet Ventas
A1: Articulo | B1: Descripcion | C1: Codigos Barras | D1: Vta.Jul/25 | E1: Vta.Ago/25 | F1: Vta.Sep/25 | G1: Vta.Oct/25 | H1: Vta.Nov/25 | I1: Vta.Dic/25 | J1: Vta.Ene/26 | K1: Vta.Feb/26 | L1: Vta.Mar/26 | M1: Vta.Abr/26 | N1: Vta.May/26 | O1: Vta.Jun/26 | P1: Vta.Jul/26 | Q1: Jul/25 | R1: Ago/25 | S1: Sep/25 | T1: Oct/25 | U1: Nov/25 | V1: Dic/25 | W1: Ene/26 | X1: Feb/26 | Y1: Mar/26 | Z1: Abr/26 | AA1: May/26 | AB1: Jun/26 | AC1: Jul/26 | AD1: Rotacion DesEstac. | AE1: Rot. Manual | AF1: Estado Art.
A2: HX076 | B2: LLAVERO FANTECH | Q2: 0 | R2: 0 | S2: 0 | T2: 0 | U2: 0 | V2: 0 | W2: 0 | X2: 0 | Y2: 0 | Z2: 0 | AA2: 0 | AB2: 0 | AC2: 0 | AF2: A
A3: HX077 | B3: CINTA VELCRO ORGANIZ. DE CABLES FANTECH | Q3: 0 | R3: 0 | S3: 0 | T3: 0 | U3: 0 | V3: 0 | W3: 0 | X3: 0 | Y3: 0 | Z3: 0 | AA3: 0 | AB3: 0 | AC3: 0 | AF3: A
A4: HX033 | B4: GORRA FANTECH | Q4: 0 | R4: 0 | S4: 0 | T4: 0 | U4: 0 | V4: 0 | W4: 0 | X4: 0 | Y4: 0 | Z4: 0 | AA4: 0 | AB4: 0 | AC4: 0 | AF4: A
A5: HX034 | B5: VASO FANTECH NEGRO | Q5: 0 | R5: 0 | S5: 0 | T5: 0 | U5: 0 | V5: 0 | W5: 0 | X5: 0 | Y5: 0 | Z5: 0 | AA5: 0 | AB5: 0 | AC5: 0 | AF5: A
A6: HX035 | B6: CAMPERA DE NYLON FANTECH XL - NO USAR | Q6: 0 | R6: 0 | S6: 0 | T6: 0 | U6: 0 | V6: 0 | W6: 0 | X6: 0 | Y6: 0 | Z6: 0 | AA6: 0 | AB6: 0 | AC6: 0 | AF6: A
A7: HX036 | B7: CAMPERA DE NYLON FANTECH XXL | Q7: 0 | R7: 0 | S7: 0 | T7: 0 | U7: 0 | V7: 0 | W7: 0 | X7: 0 | Y7: 0 | Z7: 0 | AA7: 0 | AB7: 0 | AC7: 0 | AF7: A
A8: HX040 | B8: REMERA FANTECH M - NO USAR | Q8: 0 | R8: 0 | S8: 0 | T8: 0 | U8: 0 | V8: 0 | W8: 0 | X8: 0 | Y8: 0 | Z8: 0 | AA8: 0 | AB8: 0 | AC8: 0 | AF8: A
A9: HX041 | B9: REMERA FANTECH L - NO USAR | Q9: 0 | R9: 0 | S9: 0 | T9: 0 | U9: 0 | V9: 0 | W9: 0 | X9: 0 | Y9: 0 | Z9: 0 | AA9: 0 | AB9: 0 | AC9: 0 | AF9: A
A10: HX046 | B10: VASO FANTECH ROJO | Q10: 0 | R10: 0 | S10: 0 | T10: 0 | U10: 0 | V10: 0 | W10: 0 | X10: 0 | Y10: 0 | Z10: 0 | AA10: 0 | AB10: 0 | AC10: 0 | AF10: A
A11: HX047 | B11: REMERA FANTECH M RED - NO USAR | Q11: 0 | R11: 0 | S11: 0 | T11: 0 | U11: 0 | V11: 0 | W11: 0 | X11: 0 | Y11: 0 | Z11: 0 | AA11: 0 | AB11: 0 | AC11: 0 | AF11: A
A12: HX048 | B12: REMERA FANTECH L RED - NO USAR | Q12: 0 | R12: 0 | S12: 0 | T12: 0 | U12: 0 | V12: 0 | W12: 0 | X12: 0 | Y12: 0 | Z12: 0 | AA12: 0 | AB12: 0 | AC12: 0 | AF12: A
A13: HX049 | B13: REMERA FANTECH XL RED - NO USAR | Q13: 0 | R13: 0 | S13: 0 | T13: 0 | U13: 0 | V13: 0 | W13: 0 | X13: 0 | Y13: 0 | Z13: 0 | AA13: 0 | AB13: 0 | AC13: 0 | AF13: A
... A38: I001168 | B38: VASO FANTECH NEGRO - NO USAR | Q38: 0 | R38: 0 | S38: 0 | T38: 0 | U38: 0 | V38: 0 | W38: 0 | X38: 0 | Y38: 0 | Z38: 0 | AA38: 0 | AB38: 0 | AC38: 0 | AF38: A
A39: I00975 | B39: MOUSE GAMING X17 BK BLAKE FANTECH | E39: 6 | Q39: 0 | R39: 0.4615 | S39: 0 | T39: 0 | U39: 0 | V39: 0 | W39: 0 | X39: 0 | Y39: 0 | Z39: 0 | AA39: 0 | AB39: 0 | AC39: 0 | AF39: D
A40: I00976 | B40: TECLADO FANTECH CABLEADO NEGRO K513 | Q40: 0 | R40: 0 | S40: 0 | T40: 0 | U40: 0 | V40: 0 | W40: 0 | X40: 0 | Y40: 0 | Z40: 0 | AA40: 0 | AB40: 0 | AC40: 0 | AF40: A
A41: I00977 | B41: TECLADO MECANICO FANTECH CABLEADO NEGRO MK851RGB | Q41: 0 | R41: 0 | S41: 0 | T41: 0 | U41: 0 | V41: 0 | W41: 0 | X41: 0 | Y41: 0 | Z41: 0 | AA41: 0 | AB41: 0 | AC41: 0 | AF41: A
A42: I00978 | B42: AURICULAR CABLEADO FANTECH 7.1 BK HG15 | Q42: 0 | R42: 0 | S42: 0 | T42: 0 | U42: 0 | V42: 0 | W42: 0 | X42: 0 | Y42: 0 | Z42: 0 | AA42: 0 | AB42: 0 | AC42: 0 | AF42: A
A43: I00980 | B43: PARLANTE 2.0 USB FANTECH BLACK / WHITE GS201 | Q43: 0 | R43: 0 | S43: 0 | T43: 0 | U43: 0 | V43: 0 | W43: 0 | X43: 0 | Y43: 0 | Z43: 0 | AA43: 0 | AB43: 0 | AC43: 0 | AF43: A
A44: I00981 | B44: PARLANTE USB/3.5M GS202 BK RGB FANTECH | D44: 13 | E44: 8 | F44: 4 | G44: 3 | H44: 3 | I44: 6 | J44: 5 | K44: 7 | L44: 5 | M44: 1 | N44: 4 | O44: 5 | P44: 1 | Q44: 0.233 | R44: 0.2581 | S44: 0.1905 | T44: 0.0968 | U44: 0.0909 | V44: 0.1382 | W44: 0.2016 | X44: 0.3571 | Y44: 0.1792 | Z44: 0.0417 | AA44: 0.129 | AB44: 0.1667 | AC44: 0.0179 | AD44: 0.1736 | AE44: 0.1736 | AF44: A
A45: I00982 | B45: NO FACTURAR PARLANTE 2.0 USB FANTECH BK GS203 | Q45: 0 | R45: 0 | S45: 0 | T45: 0 | U45: 0 | V45: 0 | W45: 0 | X45: 0 | Y45: 0 | Z45: 0 | AA45: 0 | AB45: 0 | AC45: 0 | AF45: A
A46: I00983 | B46: PARLANTE BARRA BS150 BT SPACE EDITION FANTECH | Q46: 0 | R46: 0 | S46: 0 | T46: 0 | U46: 0 | V46: 0 | W46: 0 | X46: 0 | Y46: 0 | Z46: 0 | AA46: 0 | AB46: 0 | AC46: 0 | AF46: D
A47: I00984 | B47: FAN FC124 RGB FANTECH | Q47: 0 | R47: 0 | S47: 0 | T47: 0 | U47: 0 | V47: 0 | W47: 0 | X47: 0 | Y47: 0 | Z47: 0 | AA47: 0 | AB47: 0 | AC47: 0 | AF47: D
A48: I00985 | B48: KIT FAN COOLER FB301 RGB FANTECH | Q48: 0 | R48: 0 | S48: 0 | T48: 0 | U48: 0 | V48: 0 | W48: 0 | X48: 0 | Y48: 0 | Z48: 0 | AA48: 0 | AB48: 0 | AC48: 0 | AF48: D
A49: I00986 | B49: VENTILADOR PC RGB FANTECH FB302 | Q49: 0 | R49: 0 | S49: 0 | T49: 0 | U49: 0 | V49: 0 | W49: 0 | X49: 0 | Y49: 0 | Z49: 0 | AA49: 0 | AB49: 0 | AC49: 0 | AF49: A
A50: I01003 | B50: PARLANTE USB/3.5M GS203 BK RGB FANTECH | D50: 65 | E50: 8 | F50: 38 | G50: 31 | H50: 11 | I50: 17 | J50: 16 | K50: 31 | L50: 17 | M50: 45 | N50: 30 | O50: 24 | P50: 36 | Q50: 1.1649 | R50: 0.2581 | S50: 1.8095 | T50: 1 | U50: 0.3333 | V50: 0.3917 | W50: 0.6452 | X50: 1.5816 | Y50: 0.6093 | Z50: 1.875 | AA50: 0.9677 | AB50: 0.8 | AC50: 0.6452 | AD50: 0.953 | AE50: 0.953 | AF50: A
A51: I01004 | B51: PARLANTE USB/3.5M GS203 WH RGB SPACE EDIT FANTECH | D51: 15 | E51: 10 | F51: 9 | G51: 15 | H51: 20 | I51: 2 | J51: 10 | K51: 10 | L51: 24 | M51: 14 | N51: 9 | O51: 15 | Q51: 0.2688 | R51: 0.3226 | S51: 0.4286 | T51: 0.4839 | U51: 0.6061 | V51: 0.0461 | W51: 0.4032 | X51: 0.5102 | Y51: 0.8602 | Z51: 0.5833 | AA51: 0.2903 | AB51: 0.5 | AC51: 0 | AD51: 0.4419 | AE51: 0.4419 | AF51: A
A52: I01060 | B52: TECLADO MECÁNICO MK852 FANTECH SAKURA | Q52: 0 | R52: 0 | S52: 0 | T52: 0 | U52: 0 | V52: 0 | W52: 0 | X52: 0 | Y52: 0 | Z52: 0 | AA52: 0 | AB52: 0 | AC52: 0 | AF52: A
A53: I01061 | B53: MOUSEPAD SAKURA MPR800s PINK FANTECH | D53: 6 | F53: -1 | G53: 2 | I53: 2 | J53: 5 | K53: 1 | L53: 2 | M53: 25 | N53: 1 | O53: 3 | P53: 3 | Q53: 0.1075 | R53: 0 | S53: -0.0476 | T53: 0.0645 | U53: 0 | V53: 0.0461 | W53: 0.2016 | X53: 0.051 | Y53: 0.0717 | Z53: 1.0417 | AA53: 0.0323 | AB53: 0.1 | AC53: 0.0538 | AD53: 0.1391 | AE53: 0.1391 | AF53: A
A54: I01062 | B54: SOPORTE AURICULAR AC3001 FANTECH SAKURA | D54: 5 | E54: 9 | F54: 3 | G54: -3 | H54: 4 | I54: 10 | J54: 10 | K54: 1 | L54: 1 | M54: 3 | O54: 2 | Q54: 0.0896 | R54: 0.2903 | S54: 0.1429 | T54: -0.0968 | U54: 0.1212 | V54: 0.2304 | W54: 0.4032 | X54: 0.051 | Y54: 0.0358 | Z54: 0.125 | AA54: 0 | AB54: 0.0667 | AC54: 0 | AD54: 0.1216 | AE54: 0.1216 | AF54: A
A55: I01063 | B55: MOUSE GAMING VX7 SAKURA EDITION FANTECH | D55: 5 | E55: 10 | F55: 24 | G55: 5 | H55: 1 | I55: 5 | J55: 2 | K55: 8 | L55: 4 | M55: 25 | N55: 7 | O55: 9 | Q55: 0.0896 | R55: 0.3226 | S55: 1.1429 | T55: 0.1613 | U55: 0.0303 | V55: 0.1152 | W55: 0.0806 | X55: 0.4082 | Y55: 0.1434 | Z55: 1.0417 | AA55: 0.2258 | AB55: 0.3 | AC55: 0 | AD55: 0.3385 | AE55: 0.3385 | AF55: A
A56: I01064 | B56: AURICULAR GAMING HG20 PINK SAKURA FANTECH | D56: 6 | E56: 5 | F56: -1 | H56: 4 | I56: 6 | J56: 6 | K56: 2 | L56: 2 | M56: -2 | O56: 9 | P56: 1 | Q56: 0.1075 | R56: 0.1613 | S56: -0.0476 | T56: 0 | U56: 0.1212 | V56: 0.1382 | W56: 0.2419 | X56: 0.102 | Y56: 0.0717 | Z56: -0.0833 | AA56: 0 | AB56: 0.3 | AC56: 0.0179 | AD56: 0.0927 | AE56: 0.0927 | AF56: A
A57: I01065 | B57: TECLADO GAMING SAKURA K613L PINK FANTECH | Q57: 0 | R57: 0 | S57: 0 | T57: 0 | U57: 0 | V57: 0 | W57: 0 | X57: 0 | Y57: 0 | Z57: 0 | AA57: 0 | AB57: 0 | AC57: 0 | AF57: D
A58: I01066 | B58: MOUSEPAD SAKURA MP35 PINK FANTECH | D58: 15 | E58: 11 | F58: 1 | G58: 2 | H58: 5 | Q58: 0.2688 | R58: 0.3548 | S58: 0.0476 | T58: 0.0909 | U58: 0 | V58: 0 | W58: 0 | X58: 0 | Y58: 0 | Z58: 0 | AA58: 0 | AB58: 0 | AC58: 0 | AD58: 0.2237 | AE58: 0.2237 | AF58: A
A59: I01067 | B59: PARLANTE 2,0 SAKURA USB GS202 PINK FANTECH | D59: 1 | Q59: 0 | R59: 0 | S59: 0 | T59: 0 | U59: 0 | V59: 0 | W59: 0 | X59: 0 | Y59: 0 | Z59: 0 | AA59: 0 | AB59: 0 | AC59: 0 | AF59: D
A60: I01076 | B60: MOUSE GAMING VX7 SPACE EDITION FANTECH | D60: 19 | E60: 10 | F60: 3 | G60: 11 | H60: 7 | I60: 3 | J60: 4 | K60: 6 | L60: 5 | M60: 11 | N60: 8 | O60: 4 | P60: 1 | Q60: 0.3405 | R60: 0.3226 | S60: 0.1429 | T60: 0.3548 | U60: 0.2121 | V60: 0.0691 | W60: 0.1613 | X60: 0.3061 | Y60: 0.1792 | Z60: 0.4583 | AA60: 0.2581 | AB60: 0.1333 | AC60: 0.0179 | AD60: 0.2449 | AE60: 0.2449 | AF60: A
A61: I01077 | B61: -NO FACTURAR -MOUSE VX 7 FANTECH SAK | Q61: 0 | R61: 0 | S61: 0 | T61: 0 | U61: 0 | V61: 0 | W61: 0 | X61: 0 | Y61: 0 | Z61: 0 | AA61: 0 | AB61: 0 | AC61: 0 | AF61: A
A62: I01078 | B62: MOUSE GAMING X17 SPACE EDITION FANTECH | D62: 3 | E62: 1 | F62: 2 | G62: 1 | J62: 1 | Q62: 0.0538 | R62: 0.0385 | S62: 0 | T62: 0 | U62: 0 | V62: 0 | W62: 0 | X62: 0 | Y62: 0 | Z62: 0 | AA62: 0 | AB62: 0 | AC62: 0 | AD62: 0.0538 | AE62: 0.0538 | AF62: A
A63: I01079 | B63: TECLADO MECÁNICO MK852 BROWN FANTECH SPACE EDITION | D63: -1 | Q63: 0 | R63: 0 | S63: 0 | T63: 0 | U63: 0 | V63: 0 | W63: 0 | X63: 0 | Y63: 0 | Z63: 0 | AA63: 0 | AB63: 0 | AC63: 0 | AF63: A
A64: I01080 | B64: LIBRE PARA USAR | Q64: 0 | R64: 0 | S64: 0 | T64: 0 | U64: 0 | V64: 0 | W64: 0 | X64: 0 | Y64: 0 | Z64: 0 | AA64: 0 | AB64: 0 | AC64: 0 | AF64: A
A65: I01081 | B65: MOUSEPAD MPR800s FANTECH SPACE EDITION | D65: 21 | E65: 10 | G65: 2 | I65: 9 | Q65: 0.3763 | R65: 0.3226 | S65: 0 | T65: 0.0645 | U65: 0 | V65: 0.4018 | W65: 0 | X65: 0 | Y65: 0 | Z65: 0 | AA65: 0 | AB65: 0 | AC65: 0 | AD65: 0.1527 | AE65: 0.1527 | AF65: D
A66: I01082 | B66: MOUSEPAD MPR800s FANTECH RGB | Q66: 0 | R66: 0 | S66: 0 | T66: 0 | U66: 0 | V66: 0 | W66: 0 | X66: 0 | Y66: 0 | Z66: 0 | AA66: 0 | AB66: 0 | AC66: 0 | AF66: D
A67: I01083 | B67: AURICULAR GAMING USB HG11 PINK FANTECH SAKURA | E67: 2 | F67: 1 | H67: 3 | J67: 2 | O67: 1 | Q67: 0 | R67: 0.0645 | S67: 0.0476 | T67: 0 | U67: 0.0909 | V67: 0 | W67: 0.0806 | X67: 0 | Y67: 0 | Z67: 0 | AA67: 0 | AB67: 0.0333 | AC67: 0 | AD67: 0.0264 | AE67: 0.0264 | AF67: D
A68: I01084 | B68: AURICULAR GAMING HG11 FANTECH SPACE EDITION | Q68: 0 | R68: 0 | S68: 0 | T68: 0 | U68: 0 | V68: 0 | W68: 0 | X68: 0 | Y68: 0 | Z68: 0 | AA68: 0 | AB68: 0 | AC68: 0 | AF68: D
A69: I01085 | B69: AURICULAR GAMING HG17s FANTECH SPACE EDITION | Q69: 0 | R69: 0 | S69: 0 | T69: 0 | U69: 0 | V69: 0 | W69: 0 | X69: 0 | Y69: 0 | Z69: 0 | AA69: 0 | AB69: 0 | AC69: 0 | AF69: D
A70: I01086 | B70: SOPORTE AURICULAR AC3001 FANTECH SPACE EDITION | D70: 3 | F70: 1 | J70: -1 | K70: 1 | Q70: 0 | R70: 0 | S70: 0 | T70: 0 | U70: 0 | V70: 0 | W70: 0 | X70: 0 | Y70: 0 | Z70: 0 | AA70: 0 | AB70: 0 | AC70: 0 | AF70: D
A71: I01087 | B71: LIBRE PARA USAR | Q71: 0 | R71: 0 | S71: 0 | T71: 0 | U71: 0 | V71: 0 | W71: 0 | X71: 0 | Y71: 0 | Z71: 0 | AA71: 0 | AB71: 0 | AC71: 0 | AF71: A
A72: I01089 | B72: MICROFONO MCX01 FANTECH LEVIOSA | D72: 17 | E72: 9 | G72: 7 | H72: 4 | I72: 17 | J72: 6 | K72: 1 | L72: 2 | M72: 10 | O72: 40 | P72: 1 | Q72: 0.3047 | R72: 0.2903 | S72: 0 | T72: 0.2258 | U72: 0.1212 | V72: 0.3917 | W72: 0.2419 | X72: 0.051 | Y72: 0.0717 | Z72: 0.4167 | AA72: 0 | AB72: 1.3333 | AC72: 0.0179 | AD72: 0.2874 | AE72: 0.2874 | AF72: A
A73: I01090 | B73: MOUSE INAL VENOM WGC1 BK FANTECH | Q73: 0 | R73: 0 | S73: 0 | T73: 0 | U73: 0 | V73: 0 | W73: 0 | X73: 0 | Y73: 0 | Z73: 0 | AA73: 0 | AB73: 0 | AC73: 0 | AF73: D
A74: I01104 | B74: TECLADO MECANICO MK853 RD SW SAKURA FANTECH | F74: 1 | I74: 2 | M74: 3 | N74: 1 | O74: 1 | Q74: 0 | R74: 0 | S74: 0.0476 | T74: 0 | U74: 0 | V74: 0.0461 | W74: 0 | X74: 0 | Y74: 0 | Z74: 0.125 | AA74: 0.0323 | AB74: 0.0333 | AC74: 0 | AD74: 0.0237 | AE74: 0.0237 | AF74: A
A75: I01105 | B75: TECLADO MECANICO MK853 BL SW SAKURA FANTECH | D75: 5 | F75: -1 | G75: 1 | N75: 20 | Q75: 0.0896 | R75: 0 | S75: -0.0476 | T75: 0.0323 | U75: 0 | V75: 0 | W75: 0 | X75: 0 | Y75: 0 | Z75: 0 | AA75: 0.6452 | AB75: 0 | AC75: 0 | AD75: 0.06 | AE75: 0.06 | AF75: A
A76: I01108 | B76: MOUSEPAD FANTECH CORDURA MPC450 45x40x3 | F76: 1 | G76: 1 | Q76: 0 | R76: 0 | S76: 0 | T76: 0 | U76: 0 | V76: 0 | W76: 0 | X76: 0 | Y76: 0 | Z76: 0 | AA76: 0 | AB76: 0 | AC76: 0 | AF76: A
A77: I01109 | B77: MOUSEPAD FANTECH CORDURA MPC900 90x40x3 | Q77: 0 | R77: 0 | S77: 0 | T77: 0 | U77: 0 | V77: 0 | W77: 0 | X77: 0 | Y77: 0 | Z77: 0 | AA77: 0 | AB77: 0 | AC77: 0 | AF77: A
A78: I01110 | B78: LLAVERO FANTECH - NO USAR | Q78: 0 | R78: 0 | S78: 0 | T78: 0 | U78: 0 | V78: 0 | W78: 0 | X78: 0 | Y78: 0 | Z78: 0 | AA78: 0 | AB78: 0 | AC78: 0 | AF78: D
A79: I01111 | B79: VASO FANTECH BLANCO - NO USAR | Q79: 0 | R79: 0 | S79: 0 | T79: 0 | U79: 0 | V79: 0 | W79: 0 | X79: 0 | Y79: 0 | Z79: 0 | AA79: 0 | AB79: 0 | AC79: 0 | AF79: D
A80: I01112 | B80: VASO FANTECH ROJO - NO USAR | Q80: 0 | R80: 0 | S80: 0 | T80: 0 | U80: 0 | V80: 0 | W80: 0 | X80: 0 | Y80: 0 | Z80: 0 | AA80: 0 | AB80: 0 | AC80: 0 | AF80: D
A81: I01113 | B81: REMERA FANTECH M - NO USAR | Q81: 0 | R81: 0 | S81: 0 | T81: 0 | U81: 0 | V81: 0 | W81: 0 | X81: 0 | Y81: 0 | Z81: 0 | AA81: 0 | AB81: 0 | AC81: 0 | AF81: D
A82: I01114 | B82: REMERA FANTECH L - NO USAR | Q82: 0 | R82: 0 | S82: 0 | T82: 0 | U82: 0 | V82: 0 | W82: 0 | X82: 0 | Y82: 0 | Z82: 0 | AA82: 0 | AB82: 0 | AC82: 0 | AF82: D
A83: I01115 | B83: REMERA FANTECH XL - NO USAR | Q83: 0 | R83: 0 | S83: 0 | T83: 0 | U83: 0 | V83: 0 | W83: 0 | X83: 0 | Y83: 0 | Z83: 0 | AA83: 0 | AB83: 0 | AC83: 0 | AF83: D
A84: I01116 | B84: REMERA FANTECH XXXL - NO USAR | Q84: 0 | R84: 0 | S84: 0 | T84: 0 | U84: 0 | V84: 0 | W84: 0 | X84: 0 | Y84: 0 | Z84: 0 | AA84: 0 | AB84: 0 | AC84: 0 | AF84: D
A85: I01126 | B85: MOUSE GAMING G13 RHASTA II BLACK FANTECH | D85: 6 | E85: 17 | F85: 21 | G85: 14 | H85: 8 | I85: 24 | J85: 14 | K85: 4 | M85: 15 | N85: 3 | O85: 8 | P85: 16 | Q85: 0.1075 | R85: 0.5484 | S85: 1 | T85: 0.4516 | U85: 0.2424 | V85: 0.553 | W85: 0.5645 | X85: 0.2041 | Y85: 0 | Z85: 0.625 | AA85: 0.0968 | AB85: 0.2667 | AC85: 0.2867 | AD85: 0.3883 | AE85: 0.3883 | AF85: A
A86: I01127 | B86: MOUSE X11 DAREDEVIL FANTECH GAMING BLACK | Q86: 0 | R86: 0 | S86: 0 | T86: 0 | U86: 0 | V86: 0 | W86: 0 | X86: 0 | Y86: 0 | Z86: 0 | AA86: 0 | AB86: 0 | AC86: 0 | AF86: A
A87: I01128 | B87: TECLADO MECANICO MK857 BK 60% BLUE SW FANTECH | Q87: 0 | R87: 0 | S87: 0 | T87: 0 | U87: 0 | V87: 0 | W87: 0 | X87: 0 | Y87: 0 | Z87: 0 | AA87: 0 | AB87: 0 | AC87: 0 | AF87: A
A88: I01129 | B88: TECLADO MECANICO MK857 WH 60% BLUE SW FANTECH | Q88: 0 | R88: 0 | S88: 0 | T88: 0 | U88: 0 | V88: 0 | W88: 0 | X88: 0 | Y88: 0 | Z88: 0 | AA88: 0 | AB88: 0 | AC88: 0 | AF88: A
A89: I01130 | B89: TECLADO MECANICO MK857 WH 60% RED SWI FANTECH | Q89: 0 | R89: 0 | S89: 0 | T89: 0 | U89: 0 | V89: 0 | W89: 0 | X89: 0 | Y89: 0 | Z89: 0 | AA89: 0 | AB89: 0 | AC89: 0 | AF89: A
A90: I01131 | B90: TECLADO GAMING K613 FANTECH TKL II BLACK | Q90: 0 | R90: 0 | S90: 0 | T90: 0 | U90: 0 | V90: 0 | W90: 0 | X90: 0 | Y90: 0 | Z90: 0 | AA90: 0 | AB90: 0 | AC90: 0 | AF90: D
A91: I01132 | B91: TECLADO GAMING K613X FANTECH TOURNAMENT EDITION | D91: 4 | E91: 8 | F91: 3 | G91: 9 | H91: 2 | J91: 9 | L91: 1 | O91: -1 | Q91: 0.0717 | R91: 0.2581 | S91: 0.1429 | T91: 0.2903 | U91: 0.0606 | V91: 0 | W91: 1.0227 | X91: 0 | Y91: 0 | Z91: 0 | AA91: 0 | AB91: 0 | AC91: 0 | AD91: 0.1373 | AE91: 0.1373 | AF91: D
A92: I01133 | B92: KIT 3 en 1 GAMING P31 TECLADO MOUSE Y PAD FANTECH | D92: 2 | E92: 10 | F92: 12 | G92: 14 | H92: 4 | I92: 5 | J92: 21 | K92: 1 | L92: 7 | M92: 6 | N92: 20 | O92: 11 | P92: 1 | Q92: 0.0383 | R92: 2 | S92: 0.6122 | T92: 0.4516 | U92: 0.3636 | V92: 0.1276 | W92: 0.9722 | X92: 0.051 | Y92: 0.2509 | Z92: 0.5 | AA92: 0.6452 | AB92: 0.3667 | AC92: 0.0179 | AD92: 0.3531 | AE92: 0.3531 | AF92: A
A93: I01134 | B93: TECLADO NUMERICO FTK-801 FANTECH - NEGRO | Q93: 0 | R93: 0 | S93: 0 | T93: 0 | U93: 0 | V93: 0 | W93: 0 | X93: 0 | Y93: 0 | Z93: 0 | AA93: 0 | AB93: 0 | AC93: 0 | AF93: A
A94: I01135 | B94: MOUSEPAD SVEN MP25 FANTECH 25x21x2 | D94: 7 | E94: 12 | F94: 6 | G94: 8 | H94: 6 | I94: 5 | J94: 10 | K94: 4 | L94: 11 | M94: 1 | N94: 7 | Q94: 0.2258 | R94: 0.3871 | S94: 0.2 | T94: 0.2581 | U94: 0.2 | V94: 0.1613 | W94: 0.3226 | X94: 0.1429 | Y94: 0.3548 | Z94: 0.0333 | AA94: 1 | AB94: 0 | AC94: 0 | AD94: 0.2286 | AE94: 0.2286 | AF94: A
A95: I01136 | B95: MOUSEPAD SVEN BLACK MP35 FANTECH 35x25x4 | D95: 2 | E95: 8 | F95: 1 | G95: 6 | H95: 2 | I95: 6 | J95: 6 | K95: 1 | L95: 2 | N95: 6 | O95: 1 | P95: 8 | Q95: 0.0645 | R95: 0.2581 | S95: 0.0333 | T95: 0.1935 | U95: 0.0667 | V95: 0.1935 | W95: 0.1935 | X95: 0.0357 | Y95: 0.0645 | Z95: 0 | AA95: 0.1935 | AB95: 0.0333 | AC95: 0.2581 | AD95: 0.1108 | AE95: 0.1108 | AF95: A
A96: I01137 | B96: MOUSEPAD SVEN MP44 FANTECH 44x35x4 | D96: 15 | F96: -1 | G96: 3 | I96: 1 | Q96: 0.2688 | R96: 0 | S96: -0.0476 | T96: 0.0968 | U96: 0 | V96: 0.023 | W96: 0 | X96: 0 | Y96: 0 | Z96: 0 | AA96: 0 | AB96: 0 | AC96: 0 | AD96: 0.0284 | AE96: 0.0284 | AF96: A
A97: I01138 | B97: MOUSEPAD BASIC MP64XL FANTECH - NEGRO | D97: 106 | E97: 42 | F97: 82 | G97: 72 | H97: 18 | I97: 142 | J97: 17 | K97: 25 | L97: 51 | M97: 62 | N97: 37 | O97: 40 | P97: 46 | Q97: 2.0307 | R97: 1.3548 | S97: 3.9048 | T97: 2.3226 | U97: 0.6545 | V97: 3.6224 | W97: 0.6855 | X97: 1.2755 | Y97: 1.828 | Z97: 2.5833 | AA97: 1.1935 | AB97: 1.3333 | AC97: 0.8244 | AD97: 1.8313 | AE97: 1.8313 | AF97: A
A98: I01139 | B98: MOUSEPAD MP80 MP806 VIGIL FANTECH 80x30x3 CONTROL | F98: 1 | I98: 13 | J98: 2 | K98: 4 | L98: 1 | M98: 5 | N98: 1 | P98: 3 | Q98: 0 | R98: 0 | S98: 0 | T98: 0 | U98: 0 | V98: 0.3316 | W98: 0.0806 | X98: 0.2041 | Y98: 0.0358 | Z98: 0.2083 | AA98: 0.0323 | AB98: 0 | AC98: 0.0538 | AD98: 0.0935 | AE98: 0.0935 | AF98: A
A99: I01140 | B99: AURICULAR GAMING HG20 BLACK CHIEF II FANTECH | D99: 64 | E99: 17 | F99: 7 | G99: 13 | J99: 1 | K99: 2 | L99: 13 | M99: 7 | N99: 8 | O99: 9 | P99: 5 | Q99: 1.2261 | R99: 4.25 | S99: 0.3571 | T99: 0.6842 | U99: 0 | V99: 0 | W99: 0.0543 | X99: 0.102 | Y99: 0.4659 | Z99: 0.2917 | AA99: 0.2581 | AB99: 0.3 | AC99: 0.0896 | AD99: 0.2835 | AE99: 0.2835 | AF99: A
A100: I01141 | B100: AURICULAR GAMING MH83 BLACK FANTECH | Q100: 0 | R100: 0 | S100: 0 | T100: 0 | U100: 0 | V100: 0 | W100: 0 | X100: 0 | Y100: 0 | Z100: 0 | AA100: 0 | AB100: 0 | AC100: 0 | AF100: A
A101: I01142 | B101: AURICULAR GAMING MH87 BLACK FANTECH | Q101: 0 | R101: 0 | S101: 0 | T101: 0 | U101: 0 | V101: 0 | W101: 0 | X101: 0 | Y101: 0 | Z101: 0 | AA101: 0 | AB101: 0 | AC101: 0 | AF101: A
A102: I01143 | B102: AURICULAR GAMING MH87 SPACE EDITION FANTECH | Q102: 0 | R102: 0 | S102: 0 | T102: 0 | U102: 0 | V102: 0 | W102: 0 | X102: 0 | Y102: 0 | Z102: 0 | AA102: 0 | AB102: 0 | AC102: 0 | AF102: A
A103: I01144 | B103: SOPORTE AURICULAR AC3001 BLACK FANTECH | Q103: 0 | R103: 0 | S103: 0 | T103: 0 | U103: 0 | V103: 0 | W103: 0 | X103: 0 | Y103: 0 | Z103: 0 | AA103: 0 | AB103: 0 | AC103: 0 | AF103: A
A104: I01145 | B104: MOUSE GAMING VX7 BLACK FANTECH | D104: 18 | E104: 4 | F104: 6 | G104: 12 | H104: 5 | I104: 6 | J104: 4 | K104: 3 | L104: 5 | N104: 7 | P104: 7 | Q104: 0.3226 | R104: 0.129 | S104: 0.2857 | T104: 0.3871 | U104: 0.1515 | V104: 0.1382 | W104: 0.1613 | X104: 0.1531 | Y104: 0.1792 | Z104: 0 | AA104: 0.2258 | AB104: 0 | AC104: 0.1254 | AD104: 0.1778 | AE104: 0.1778 | AF104: A
A105: I01190 | B105: MOUSE GAMING INAL WG11 SPACE EDITION FANTECH | D105: 4 | E105: 15 | F105: 10 | G105: 19 | H105: 30 | I105: 10 | J105: 26 | K105: 4 | L105: 5 | M105: 10 | N105: 4 | O105: 31 | P105: 8 | Q105: 0.0717 | R105: 0.4839 | S105: 0.4762 | T105: 0.6129 | U105: 0.9091 | V105: 0.2304 | W105: 1.0484 | X105: 0.2041 | Y105: 0.1792 | Z105: 0.4167 | AA105: 0.129 | AB105: 1.0333 | AC105: 0.3175 | AD105: 0.4829 | AE105: 0.4829 | AF105: D
A106: I01191 | B106: VENTILADOR X3 FANTECH TURBINE FB301 | Q106: 0 | R106: 0 | S106: 0 | T106: 0 | U106: 0 | V106: 0 | W106: 0 | X106: 0 | Y106: 0 | Z106: 0 | AA106: 0 | AB106: 0 | AC106: 0 | AF106: A
A107: I01192 | B107: SOPORTE MOUSE BUNGEE MBR01 BK RGB FANTECH | D107: 1 | E107: -1 | F107: 1 | M107: 2 | Q107: 0.0179 | R107: -0.0323 | S107: 0.0476 | T107: 0 | U107: 0 | V107: 0 | W107: 0 | X107: 0 | Y107: 0 | Z107: 0.0833 | AA107: 0 | AB107: 0 | AC107: 0 | AD107: 0.0097 | AE107: 0.0097 | AF107: A
A108: I01193 | B108: SOPORTE MOUSE BUNGEE MBR01 WHITE RGB FANTECH | D108: 1 | E108: -1 | Q108: 0.0179 | R108: -0.0323 | S108: 0 | T108: 0 | U108: 0 | V108: 0 | W108: 0 | X108: 0 | Y108: 0 | Z108: 0 | AA108: 0 | AB108: 0 | AC108: 0 | AF108: A
A109: I01194 | B109: SOPORTE MOUSE BUNGEE MBR01 PINK RGB FANTECH | Q109: 0 | R109: 0 | S109: 0 | T109: 0 | U109: 0 | V109: 0 | W109: 0 | X109: 0 | Y109: 0 | Z109: 0 | AA109: 0 | AB109: 0 | AC109: 0 | AF109: A
A110: I01195 | B110: MOUSE GAMING INAL WGC2 MINT VENOM II FANTECH | D110: 7 | E110: 1 | F110: 1 | G110: 3 | H110: 1 | I110: 3 | J110: 2 | L110: 2 | M110: 2 | N110: 2 | O110: 1 | P110: 2 | Q110: 0.1254 | R110: 0.0323 | S110: 0.0476 | T110: 0.0968 | U110: 0.0303 | V110: 0.0691 | W110: 0.0806 | X110: 0 | Y110: 0.0717 | Z110: 0.0833 | AA110: 0.0645 | AB110: 0.0333 | AC110: 0.0358 | AD110: 0.0612 | AE110: 0.0612 | AF110: D
A111: I01196 | B111: TECLADO MECANICO MK856 RD SW MINT FANTECH | D111: 3 | E111: 3 | F111: 4 | H111: 1 | I111: 3 | J111: 7 | L111: 1 | M111: 2 | N111: -1 | O111: 1 | Q111: 0.0538 | R111: 0.0968 | S111: 0.1905 | T111: 0 | U111: 0.0303 | V111: 0.0691 | W111: 0.2823 | X111: 0 | Y111: 0.0358 | Z111: 0.0833 | AA111: -0.0323 | AB111: 0.0333 | AC111: 0 | AD111: 0.0702 | AE111: 0.0702 | AF111: D
A112: I01197 | B112: MOUSEPAD MP904 MINT FANTECH | D112: 3 | I112: 7 | J112: 2 | K112: 1 | L112: 5 | M112: 2 | N112: 1 | P112: 6 | Q112: 0.0538 | R112: 0 | S112: 0 | T112: 0 | U112: 0 | V112: 0.1613 | W112: 0.0806 | X112: 0.051 | Y112: 0.1792 | Z112: 0.0833 | AA112: 0.0323 | AB112: 0 | AC112: 0.1075 | AD112: 0.0535 | AE112: 0.0535 | AF112: D
A113: I01198 | B113: AURICULAR GAMING MH86 MINT FANTECH | D113: 3 | E113: 1 | F113: 3 | G113: 3 | H113: 1 | I113: 5 | J113: 3 | L113: 1 | M113: 1 | N113: -7 | O113: 1 | P113: 3 | Q113: 0.0538 | R113: 0.0323 | S113: 0.1429 | T113: 0.0968 | U113: 0.0303 | V113: 0.1152 | W113: 0.121 | X113: 0 | Y113: 0.0358 | Z113: 0.0417 | AA113: -0.2258 | AB113: 0.0333 | AC113: 0.0538 | AD113: 0.0398 | AE113: 0.0398 | AF113: D
A114: I01199 | B114: SOPORTE AURICULAR AC3004 FANTECH MINT | D114: 2 | E114: 5 | F114: 1 | G114: -2 | I114: 2 | K114: 1 | L114: 1 | N114: -3 | O114: 2 | P114: 3 | Q114: 0.0358 | R114: 0.1613 | S114: 0.0476 | T114: -0.0645 | U114: 0 | V114: 0.0461 | W114: 0 | X114: 0.051 | Y114: 0.0358 | Z114: 0 | AA114: -0.0968 | AB114: 0.0667 | AC114: 0.0538 | AD114: 0.0236 | AE114: 0.0236 | AF114: D
A115: I01200 | B115: AURICULAR INAL. GAMING WH01 MINT FANTECH | G115: -1 | Q115: 0 | R115: 0 | S115: 0 | T115: 0 | U115: 0 | V115: 0 | W115: 0 | X115: 0 | Y115: 0 | Z115: 0 | AA115: 0 | AB115: 0 | AC115: 0 | AF115: D
A116: I01201 | B116: MOUSE INAL XD3 MINT FANTECH | C116: 6972661281446 | Q116: 0 | R116: 0 | S116: 0 | T116: 0 | U116: 0 | V116: 0 | W116: 0 | X116: 0 | Y116: 0 | Z116: 0 | AA116: 0 | AB116: 0 | AC116: 0 | AF116: A
A117: I01202 | B117: KIT GAMER 5 EN 1 FANTECH MINT P52 | Q117: 0 | R117: 0 | S117: 0 | T117: 0 | U117: 0 | V117: 0 | W117: 0 | X117: 0 | Y117: 0 | Z117: 0 | AA117: 0 | AB117: 0 | AC117: 0 | AF117: A
A118: I01208 | B118: TECLADO MECANICO MK857 BK 60% RED SW FANTECH | Q118: 0 | R118: 0 | S118: 0 | T118: 0 | U118: 0 | V118: 0 | W118: 0 | X118: 0 | Y118: 0 | Z118: 0 | AA118: 0 | AB118: 0 | AC118: 0 | AF118: A
A119: I01209 | B119: PARLANTE GS301 2.0 DUAL BT/USB BK GAMER FANTECH | Q119: 0 | R119: 0 | S119: 0 | T119: 0 | U119: 0 | V119: 0 | W119: 0 | X119: 0 | Y119: 0 | Z119: 0 | AA119: 0 | AB119: 0 | AC119: 0 | AF119: D
A120: I01210 | B120: MOUSE GAMING INAL WG11 BK FANTECH | D120: 7 | E120: 13 | F120: 9 | G120: 15 | H120: 8 | I120: 49 | J120: 26 | K120: 7 | L120: 19 | M120: 7 | N120: 1 | O120: 5 | P120: 7 | Q120: 0.1254 | R120: 0.4194 | S120: 0.4286 | T120: 0.4839 | U120: 0.2424 | V120: 1.129 | W120: 1.0484 | X120: 0.3571 | Y120: 0.681 | Z120: 0.625 | AA120: 0.0323 | AB120: 0.1667 | AC120: 0.1254 | AD120: 0.4649 | AE120: 0.4649 | AF120: D
A121: I01211 | B121: AURICULAR GAMING HG20 WHITE SPACE EDITION FANTECH | D121: 18 | E121: 18 | G121: 15 | H121: 5 | I121: 15 | J121: 18 | K121: 4 | L121: 10 | M121: 3 | N121: 1 | O121: 6 | P121: 5 | Q121: 0.3448 | R121: 0.5806 | S121: 0 | T121: 0.4839 | U121: 0.1515 | V121: 0.3456 | W121: 0.7258 | X121: 0.2041 | Y121: 0.3584 | Z121: 0.125 | AA121: 0.0323 | AB121: 0.2 | AC121: 0.0896 | AD121: 0.2916 | AE121: 0.2916 | AF121: A
A122: I01242 | B122: TECLADO MECANICO MK856 BL SW MINT FANTECH | N122: -13 | Q122: 0 | R122: 0 | S122: 0 | T122: 0 | U122: 0 | V122: 0 | W122: 0 | X122: 0 | Y122: 0 | Z122: 0 | AA122: -0.4194 | AB122: 0 | AC122: 0 | AF122: D
A123: I01245 | B123: MOUSE GAMING INAL WGC2 WHITE VENOM II FANTECH | D123: 13 | E123: 3 | G123: 13 | H123: 2 | I123: 11 | J123: 9 | K123: 6 | L123: 11 | M123: 11 | N123: 12 | O123: 1 | P123: 3 | Q123: 0.233 | R123: 0.0968 | S123: 0 | T123: 0.4194 | U123: 0.0606 | V123: 0.2535 | W123: 0.3629 | X123: 0.3061 | Y123: 0.3943 | Z123: 0.4583 | AA123: 0.3871 | AB123: 0.0333 | AC123: 0.0538 | AD123: 0.2504 | AE123: 0.2504 | AF123: A
A124: I01246 | B124: APOYA MUÑECAS PARA TECLADO AC4101L FANTECH | Q124: 0 | R124: 0 | S124: 0 | T124: 0 | U124: 0 | V124: 0 | W124: 0 | X124: 0 | Y124: 0 | Z124: 0 | AA124: 0 | AB124: 0 | AC124: 0 | AF124: A
...

Sheet Compras
A1: Fecha Proxima Importacion | B1: 46331 | D1: Dias Pedido | E1: 100 | G1: Dias Duracion | H1: 60 | J1: Relacion Venta Marcas | K1: 1 | L1: 1 | M1: 1
E3: I M P O R T A C I O N - 598 | N3: I M P O R T A C I O N - 600 | W3: S T O C K A L 05/11/2026 | AF3: S T O C K A L 04/01/2027
A4: Codigos Barras | B4: Descripcion | C4: Articulo.1 | D4: Stock Act.1 | E4: Arribo | F4: Dias Arribo. | G4: Quiebre Stk.1 | H4: % Proteccion.1 | I4: Pedidos.1 | J4: Stk.Arribo.1 | K4: FOB Arribo.1 | L4: UnidxEnv | M4: Volumen | N4: Arribo | O4: Dias Arribo. | P4: Quiebre Stk.1 | Q4: % Proteccion.1 | R4: Pedidos.1 | S4: Stk.Arribo.1 | T4: FOB Arribo.1 | U4: UnidxEnv | V4: Volumen | W4: Arribo Prox. | X4: Dias Arribo | Y4: Quiebre Stk.1 | Z4: % Proteccion.1 | AA4: Pedir Artic.1 | AB4: Confirmado Art.1 | AC4: Stk.Acumulado.1 | AD4: FOB U$S Art.1 | AE4: Prov. Cpa. Art.1 | AF4: Stk.Final.1 | AG4: % Proteccion.1 | AH4: Estado Art.1
B5: GORRA FANTECH | C5: HX033 | D5: 81 | E5: 46230 | F5: 5 | G5: =(D5-(0)+0-(F5*Ventas!AE4*0.0000)) | I5: 6 | J5: =IF(G5>0,G5+I5,I5) | N5: 46275 | O5: 45 | P5: =(IF(G5>0,G5+I5,I5)-(O5*Ventas!AE4*1.0000)) | R5: 0 | S5: =IF(P5>0,P5+R5,R5) | W5: 46331 | X5: 56 | Y5: =(IF(P5>0,P5+R5,R5)-(X5*Ventas!AE4*1.0000)) | AA5: =(100*(Ventas!AE4*1.0000) - IF(Y5>0,Y5,0)) | AB5: =IF(AA5>0,AA5,0) | AC5: =IF(Y5>0,Y5+IF(AB5>0,AB5,0),AB5) | AE5: 3027 | AH5: A
B6: REMERA FANTECH M | C6: HX055 | D6: 14 | E6: 46230 | F6: 5 | G6: =(D6-(0)+0-(F6*Ventas!AE18*0.0000)) | I6: 0 | J6: =IF(G6>0,G6+I6,I6) | N6: 46275 | O6: 45 | P6: =(IF(G6>0,G6+I6,I6)-(O6*Ventas!AE18*1.0000)) | R6: 0 | S6: =IF(P6>0,P6+R6,R6) | W6: 46331 | X6: 56 | Y6: =(IF(P6>0,P6+R6,R6)-(X6*Ventas!AE18*1.0000)) | AA6: =(100*(Ventas!AE18*1.0000) - IF(Y6>0,Y6,0)) | AB6: =IF(AA6>0,AA6,0) | AC6: =IF(Y6>0,Y6+IF(AB6>0,AB6,0),AB6) | AE6: 3027 | AH6: A
B7: VASO FANTECH BLANCO | C7: HX056 | E7: 46230 | F7: 5 | G7: =(D7-(0)+0-(F7*Ventas!AE19*0.0000)) | I7: 0 | J7: =IF(G7>0,G7+I7,I7) | N7: 46275 | O7: 45 | P7: =(IF(G7>0,G7+I7,I7)-(O7*Ventas!AE19*1.0000)) | R7: 0 | S7: =IF(P7>0,P7+R7,R7) | W7: 46331 | X7: 56 | Y7: =(IF(P7>0,P7+R7,R7)-(X7*Ventas!AE19*1.0000)) | AA7: =(100*(Ventas!AE19*1.0000) - IF(Y7>0,Y7,0)) | AB7: =IF(AA7>0,AA7,0) | AC7: =IF(Y7>0,Y7+IF(AB7>0,AB7,0),AB7) | AH7: A
B8: REMERA FANTECH M RED | C8: HX057 | D8: 8 | E8: 46230 | F8: 5 | G8: =(D8-(0)+0-(F8*Ventas!AE20*0.0000)) | I8: 15 | J8: =IF(G8>0,G8+I8,I8) | N8: 46275 | O8: 45 | P8: =(IF(G8>0,G8+I8,I8)-(O8*Ventas!AE20*1.0000)) | R8: 0 | S8: =IF(P8>0,P8+R8,R8) | W8: 46331 | X8: 56 | Y8: =(IF(P8>0,P8+R8,R8)-(X8*Ventas!AE20*1.0000)) | AA8: =(100*(Ventas!AE20*1.0000) - IF(Y8>0,Y8,0)) | AB8: =IF(AA8>0,AA8,0) | AC8: =IF(Y8>0,Y8+IF(AB8>0,AB8,0),AB8) | AE8: 3027 | AH8: A
B9: REMERA FANTECH L RED | C9: HX058 | D9: 19 | E9: 46230 | F9: 5 | G9: =(D9-(0)+0-(F9*Ventas!AE21*0.0000)) | I9: 0 | J9: =IF(G9>0,G9+I9,I9) | N9: 46275 | O9: 45 | P9: =(IF(G9>0,G9+I9,I9)-(O9*Ventas!AE21*1.0000)) | R9: 0 | S9: =IF(P9>0,P9+R9,R9) | W9: 46331 | X9: 56 | Y9: =(IF(P9>0,P9+R9,R9)-(X9*Ventas!AE21*1.0000)) | AA9: =(100*(Ventas!AE21*1.0000) - IF(Y9>0,Y9,0)) | AB9: =IF(AA9>0,AA9,0) | AC9: =IF(Y9>0,Y9+IF(AB9>0,AB9,0),AB9) | AH9: A
B10: REMERA FANTECH XL RED | C10: HX059 | D10: 16 | E10: 46230 | F10: 5 | G10: =(D10-(0)+0-(F10*Ventas!AE22*0.0000)) | I10: 10 | J10: =IF(G10>0,G10+I10,I10) | N10: 46275 | O10: 45 | P10: =(IF(G10>0,G10+I10,I10)-(O10*Ventas!AE22*1.0000)) | R10: 0 | S10: =IF(P10>0,P10+R10,R10) | W10: 46331 | X10: 56 | Y10: =(IF(P10>0,P10+R10,R10)-(X10*Ventas!AE22*1.0000)) | AA10: =(100*(Ventas!AE22*1.0000) - IF(Y10>0,Y10,0)) | AB10: =IF(AA10>0,AA10,0) | AC10: =IF(Y10>0,Y10+IF(AB10>0,AB10,0),AB10) | AE10: 3027 | AH10: A
B11: REMERA FANTECH XXL RED | C11: HX060 | D11: 13 | E11: 46230 | F11: 5 | G11: =(D11-(0)+0-(F11*Ventas!AE23*0.0000)) | I11: 10 | J11: =IF(G11>0,G11+I11,I11) | N11: 46275 | O11: 45 | P11: =(IF(G11>0,G11+I11,I11)-(O11*Ventas!AE23*1.0000)) | R11: 0 | S11: =IF(P11>0,P11+R11,R11) | W11: 46331 | X11: 56 | Y11: =(IF(P11>0,P11+R11,R11)-(X11*Ventas!AE23*1.0000)) | AA11: =(100*(Ventas!AE23*1.0000) - IF(Y11>0,Y11,0)) | AB11: =IF(AA11>0,AA11,0) | AC11: =IF(Y11>0,Y11+IF(AB11>0,AB11,0),AB11) | AE11: 3027 | AH11: A
B12: REMERA FANTECH XXXL RED | C12: HX061 | D12: 10 | E12: 46230 | F12: 5 | G12: =(D12-(0)+0-(F12*Ventas!AE24*0.0000)) | I12: 0 | J12: =IF(G12>0,G12+I12,I12) | N12: 46275 | O12: 45 | P12: =(IF(G12>0,G12+I12,I12)-(O12*Ventas!AE24*1.0000)) | R12: 0 | S12: =IF(P12>0,P12+R12,R12) | W12: 46331 | X12: 56 | Y12: =(IF(P12>0,P12+R12,R12)-(X12*Ventas!AE24*1.0000)) | AA12: =(100*(Ventas!AE24*1.0000) - IF(Y12>0,Y12,0)) | AB12: =IF(AA12>0,AA12,0) | AC12: =IF(Y12>0,Y12+IF(AB12>0,AB12,0),AB12) | AE12: 3027 | AH12: A
B13: REMERA FANTECH XXXXL RED | C13: HX062 | D13: 17 | E13: 46230 | F13: 5 | G13: =(D13-(0)+0-(F13*Ventas!AE25*0.0000)) | I13: 0 | J13: =IF(G13>0,G13+I13,I13) | N13: 46275 | O13: 45 | P13: =(IF(G13>0,G13+I13,I13)-(O13*Ventas!AE25*1.0000)) | R13: 0 | S13: =IF(P13>0,P13+R13,R13) | W13: 46331 | X13: 56 | Y13: =(IF(P13>0,P13+R13,R13)-(X13*Ventas!AE25*1.0000)) | AA13: =(100*(Ventas!AE25*1.0000) - IF(Y13>0,Y13,0)) | AB13: =IF(AA13>0,AA13,0) | AC13: =IF(Y13>0,Y13+IF(AB13>0,AB13,0),AB13) | AH13: A
B14: CAMPERA DE NYLON FANTECH XL | C14: HX063 | E14: 46230 | F14: 5 | G14: =(D14-(0)+0-(F14*Ventas!AE26*0.0000)) | I14: 0 | J14: =IF(G14>0,G14+I14,I14) | N14: 46275 | O14: 45 | P14: =(IF(G14>0,G14+I14,I14)-(O14*Ventas!AE26*1.0000)) | R14: 5 | S14: =IF(P14>0,P14+R14,R14) | W14: 46331 | X14: 56 | Y14: =(IF(P14>0,P14+R14,R14)-(X14*Ventas!AE26*1.0000)) | AA14: =(100*(Ventas!AE26*1.0000) - IF(Y14>0,Y14,0)) | AB14: =IF(AA14>0,AA14,0) | AC14: =IF(Y14>0,Y14+IF(AB14>0,AB14,0),AB14) | AH14: A
B15: REMERA FANTECH XXXL | C15: HX064 | E15: 46230 | F15: 5 | G15: =(D15-(0)+0-(F15*Ventas!AE27*0.0000)) | I15: 0 | J15: =IF(G15>0,G15+I15,I15) | N15: 46275 | O15: 45 | P15: =(IF(G15>0,G15+I15,I15)-(O15*Ventas!AE27*1.0000)) | R15: 0 | S15: =IF(P15>0,P15+R15,R15) | W15: 46331 | X15: 56 | Y15: =(IF(P15>0,P15+R15,R15)-(X15*Ventas!AE27*1.0000)) | AA15: =(100*(Ventas!AE27*1.0000) - IF(Y15>0,Y15,0)) | AB15: =IF(AA15>0,AA15,0) | AC15: =IF(Y15>0,Y15+IF(AB15>0,AB15,0),AB15) | AH15: A
B16: REMERA FANTECH XL | C16: HX065 | E16: 46230 | F16: 5 | G16: =(D16-(0)+0-(F16*Ventas!AE28*0.0000)) | I16: 0 | J16: =IF(G16>0,G16+I16,I16) | N16: 46275 | O16: 45 | P16: =(IF(G16>0,G16+I16,I16)-(O16*Ventas!AE28*1.0000)) | R16: 0 | S16: =IF(P16>0,P16+R16,R16) | W16: 46331 | X16: 56 | Y16: =(IF(P16>0,P16+R16,R16)-(X16*Ventas!AE28*1.0000)) | AA16: =(100*(Ventas!AE28*1.0000) - IF(Y16>0,Y16,0)) | AB16: =IF(AA16>0,AA16,0) | AC16: =IF(Y16>0,Y16+IF(AB16>0,AB16,0),AB16) | AH16: A
B17: REMERA FANTECH L | C17: HX066 | D17: 12 | E17: 46230 | F17: 5 | G17: =(D17-(0)+0-(F17*Ventas!AE29*0.0000)) | I17: 0 | J17: =IF(G17>0,G17+I17,I17) | N17: 46275 | O17: 45 | P17: =(IF(G17>0,G17+I17,I17)-(O17*Ventas!AE29*1.0000)) | R17: 0 | S17: =IF(P17>0,P17+R17,R17) | W17: 46331 | X17: 56 | Y17: =(IF(P17>0,P17+R17,R17)-(X17*Ventas!AE29*1.0000)) | AA17: =(100*(Ventas!AE29*1.0000) - IF(Y17>0,Y17,0)) | AB17: =IF(AA17>0,AA17,0) | AC17: =IF(Y17>0,Y17+IF(AB17>0,AB17,0),AB17) | AH17: A
B18: PARAGUAS NEGRA FANTECH | C18: HX070 | D18: 45 | E18: 46230 | F18: 5 | G18: =(D18-(0)+0-(F18*Ventas!AE31*0.0000)) | I18: 0 | J18: =IF(G18>0,G18+I18,I18) | N18: 46275 | O18: 45 | P18: =(IF(G18>0,G18+I18,I18)-(O18*Ventas!AE31*1.0000)) | R18: 0 | S18: =IF(P18>0,P18+R18,R18) | W18: 46331 | X18: 56 | Y18: =(IF(P18>0,P18+R18,R18)-(X18*Ventas!AE31*1.0000)) | AA18: =(100*(Ventas!AE31*1.0000) - IF(Y18>0,Y18,0)) | AB18: =IF(AA18>0,AA18,0) | AC18: =IF(Y18>0,Y18+IF(AB18>0,AB18,0),AB18) | AE18: 3010 | AH18: A
B19: CAMPERA DE NYLON FANTECH M | C19: HX075 | E19: 46230 | F19: 5 | G19: =(D19-(0)+0-(F19*Ventas!AE35*0.0000)) | I19: 0 | J19: =IF(G19>0,G19+I19,I19) | N19: 46275 | O19: 45 | P19: =(IF(G19>0,G19+I19,I19)-(O19*Ventas!AE35*1.0000)) | R19: 4 | S19: =IF(P19>0,P19+R19,R19) | W19: 46331 | X19: 56 | Y19: =(IF(P19>0,P19+R19,R19)-(X19*Ventas!AE35*1.0000)) | AA19: =(100*(Ventas!AE35*1.0000) - IF(Y19>0,Y19,0)) | AB19: =IF(AA19>0,AA19,0) | AC19: =IF(Y19>0,Y19+IF(AB19>0,AB19,0),AB19) | AH19: A
B20: LLAVERO FANTECH | C20: HX076 | E20: 46230 | F20: 5 | G20: =(D20-(0)+0-(F20*Ventas!AE2*0.0000)) | I20: 0 | J20: =IF(G20>0,G20+I20,I20) | N20: 46275 | O20: 45 | P20: =(IF(G20>0,G20+I20,I20)-(O20*Ventas!AE2*1.0000)) | R20: 0 | S20: =IF(P20>0,P20+R20,R20) | W20: 46331 | X20: 56 | Y20: =(IF(P20>0,P20+R20,R20)-(X20*Ventas!AE2*1.0000)) | AA20: =(100*(Ventas!AE2*1.0000) - IF(Y20>0,Y20,0)) | AB20: =IF(AA20>0,AA20,0) | AC20: =IF(Y20>0,Y20+IF(AB20>0,AB20,0),AB20) | AH20: A
B21: CINTA VELCRO ORGANIZ. DE CABLES FANTECH | C21: HX077 | E21: 46230 | F21: 5 | G21: =(D21-(0)+0-(F21*Ventas!AE3*0.0000)) | I21: 309 | J21: =IF(G21>0,G21+I21,I21) | N21: 46275 | O21: 45 | P21: =(IF(G21>0,G21+I21,I21)-(O21*Ventas!AE3*1.0000)) | R21: 0 | S21: =IF(P21>0,P21+R21,R21) | W21: 46331 | X21: 56 | Y21: =(IF(P21>0,P21+R21,R21)-(X21*Ventas!AE3*1.0000)) | AA21: =(100*(Ventas!AE3*1.0000) - IF(Y21>0,Y21,0)) | AB21: =IF(AA21>0,AA21,0) | AC21: =IF(Y21>0,Y21+IF(AB21>0,AB21,0),AB21) | AE21: 3027 | AH21: A
B22: MOUSEPAD SVEN MP25 FANTECH 25x21x2 | C22: I01135 | E22: 46230 | F22: 5 | G22: =(D22-(0)+0-(F22*Ventas!AE94*0.0000)) | H22: =(G22/(Ventas!AE94*0.0000)/0) | I22: 0 | J22: =IF(G22>0,G22+I22,I22) | L22: 112 | M22: 0.000641 | N22: 46275 | O22: 45 | P22: =(IF(G22>0,G22+I22,I22)-(O22*Ventas!AE94*1.0000)) | Q22: =(P22/(Ventas!AE94*1.0000)/0) | R22: 0 | S22: =IF(P22>0,P22+R22,R22) | U22: 112 | V22: 0.000641 | W22: 46331 | X22: 56 | Y22: =(IF(P22>0,P22+R22,R22)-(X22*Ventas!AE94*1.0000)) | Z22: =(Y22/(Ventas!AE94*1.0000)/0) | AA22: =(100*(Ventas!AE94*1.0000) - IF(Y22>0,Y22,0)) | AB22: =IF(AA22>0,AA22,0) | AC22: =IF(Y22>0,Y22+IF(AB22>0,AB22,0),AB22) | AD22: 0.8 | AE22: 3027 | AF22: =(AC22-(60*Ventas!AE94*1.0000)) | AG22: =(AF22/(Ventas!AE94*1.0000)/0) | AH22: A
B23: MOUSEPAD SVEN BLACK MP35 FANTECH 35x25x4 | C23: I01136 | D23: 38 | E23: 46230 | F23: 5 | G23: =(D23-(0)+0-(F23*Ventas!AE95*0.0000)) | H23: =(G23/(Ventas!AE95*0.0000)/0) | I23: 0 | J23: =IF(G23>0,G23+I23,I23) | L23: 60 | M23: 0.001249 | N23: 46275 | O23: 45 | P23: =(IF(G23>0,G23+I23,I23)-(O23*Ventas!AE95*1.0000)) | Q23: =(P23/(Ventas!AE95*1.0000)/0) | R23: 0 | S23: =IF(P23>0,P23+R23,R23) | U23: 60 | V23: 0.001249 | W23: 46331 | X23: 56 | Y23: =(IF(P23>0,P23+R23,R23)-(X23*Ventas!AE95*1.0000)) | Z23: =(Y23/(Ventas!AE95*1.0000)/0) | AA23: =(100*(Ventas!AE95*1.0000) - IF(Y23>0,Y23,0)) | AB23: =IF(AA23>0,AA23,0) | AC23: =IF(Y23>0,Y23+IF(AB23>0,AB23,0),AB23) | AD23: 1.9 | AE23: 3027 | AF23: =(AC23-(60*Ventas!AE95*1.0000)) | AG23: =(AF23/(Ventas!AE95*1.0000)/0) | AH23: A
B24: EXHIBIDOR FANTECH GRANDE | C24: I01250 | D24: 13 | E24: 46230 | F24: 5 | G24: =(D24-(0)+0-(F24*Ventas!AE128*1.3000)) | I24: 0 | J24: =IF(G24>0,G24+I24,I24) | N24: 46275 | O24: 45 | P24: =(IF(G24>0,G24+I24,I24)-(O24*Ventas!AE128*1.1889)) | R24: 0 | S24: =IF(P24>0,P24+R24,R24) | W24: 46331 | X24: 56 | Y24: =(IF(P24>0,P24+R24,R24)-(X24*Ventas!AE128*0.9464)) | AA24: =(100*(Ventas!AE128*1.3083) - IF(Y24>0,Y24,0)) | AB24: =IF(AA24>0,AA24,0) | AC24: =IF(Y24>0,Y24+IF(AB24>0,AB24,0),AB24) | AE24: 3027 | AH24: D
B25: TECLADO NUMERICO FTK-801 FANTECH - NEGRO | C25: I01134 | E25: 46230 | F25: 5 | G25: =(D25-(0)+0-(F25*Ventas!AE93*1.1900)) | I25: 0 | J25: =IF(G25>0,G25+I25,I25) | L25: 80 | M25: 0.000539 | N25: 46275 | O25: 45 | P25: =(IF(G25>0,G25+I25,I25)-(O25*Ventas!AE93*1.0169)) | R25: 0 | S25: =IF(P25>0,P25+R25,R25) | U25: 80 | V25: 0.000539 | W25: 46331 | X25: 56 | Y25: =(IF(P25>0,P25+R25,R25)-(X25*Ventas!AE93*0.9295)) | AA25: =(100*(Ventas!AE93*0.8733) - IF(Y25>0,Y25,0)) | AB25: =IF(AA25>0,AA25,0) | AC25: =IF(Y25>0,Y25+IF(AB25>0,AB25,0),AB25) | AD25: 2.2 | AE25: 3017 | AH25: A
B26: TECLADO Y MOUSE INAL. WK895 BK GOPOP FANTECH | C26: I01682 | E26: 46230 | F26: 5 | G26: =(D26-(0)+0-(F26*Ventas!AE157*1.1900)) | H26: =(G26/(Ventas!AE157*1.1900)/60) | I26: 0 | J26: =IF(G26>0,G26+I26,I26) | L26: 20 | M26: 0.00345 | N26: 46275 | O26: 45 | P26: =(IF(G26>0,G26+I26,I26)-(O26*Ventas!AE157*1.0169)) | Q26: =(P26/(Ventas!AE157*1.0169)/60) | R26: 20 | S26: =IF(P26>0,P26+R26,R26) | T26: 7.7 | U26: 20 | V26: 0.00345 | W26: 46331 | X26: 56 | Y26: =(IF(P26>0,P26+R26,R26)-(X26*Ventas!AE157*0.9295)) | Z26: =(Y26/(Ventas!AE157*0.9295)/60) | AA26: =(100*(Ventas!AE157*0.8733) - IF(Y26>0,Y26,0)) | AB26: =IF(AA26>0,AA26,0) | AC26: =IF(Y26>0,Y26+IF(AB26>0,AB26,0),AB26) | AD26: 7.7 | AE26: 3027 | AF26: =(AC26-(60*Ventas!AE157*0.8733)) | AG26: =(AF26/(Ventas!AE157*0.8733)/60) | AH26: A
B27: TECLADO Y MOUSE INAL. WK895 GREY GOPOP FANTECH | C27: I01683 | D27: 29 | E27: 46230 | F27: 5 | G27: =(D27-(0)+0-(F27*Ventas!AE158*1.1900)) | H27: =(G27/(Ventas!AE158*1.1900)/60) | I27: 0 | J27: =IF(G27>0,G27+I27,I27) | L27: 20 | M27: 0.00345 | N27: 46275 | O27: 45 | P27: =(IF(G27>0,G27+I27,I27)-(O27*Ventas!AE158*1.0169)) | Q27: =(P27/(Ventas!AE158*1.0169)/60) | R27: 0 | S27: =IF(P27>0,P27+R27,R27) | U27: 20 | V27: 0.00345 | W27: 46331 | X27: 56 | Y27: =(IF(P27>0,P27+R27,R27)-(X27*Ventas!AE158*0.9295)) | Z27: =(Y27/(Ventas!AE158*0.9295)/60) | AA27: =(100*(Ventas!AE158*0.8733) - IF(Y27>0,Y27,0)) | AB27: =IF(AA27>0,AA27,0) | AC27: =IF(Y27>0,Y27+IF(AB27>0,AB27,0),AB27) | AD27: 7.6 | AE27: 3010 | AF27: =(AC27-(60*Ventas!AE158*0.8733)) | AG27: =(AF27/(Ventas!AE158*0.8733)/60) | AH27: A
A28: 6977052252135 | B28: PARLANTE BT BS152 BK 5W NERABOX FANTECH | C28: I02455 | D28: 10 | E28: 46230 | F28: 5 | G28: =(D28-(0)+0-(F28*Ventas!AE272*1.1000)) | H28: =(G28/(Ventas!AE272*1.1000)/45) | I28: 50 | J28: =IF(G28>0,G28+I28,I28) | K28: 5.408 | L28: 50 | M28: 0.00058 | N28: 46275 | O28: 45 | P28: =(IF(G28>0,G28+I28,I28)-(O28*Ventas!AE272*0.9422)) | Q28: =(P28/(Ventas!AE272*0.9422)/45) | R28: 50 | S28: =IF(P28>0,P28+R28,R28) | T28: 5.4 | U28: 50 | V28: 0.00058 | W28: 46331 | X28: 56 | Y28: =(IF(P28>0,P28+R28,R28)-(X28*Ventas!AE272*0.8268)) | Z28: =(Y28/(Ventas!AE272*0.8268)/45) | AA28: =(100*(Ventas!AE272*1.9500) - IF(Y28>0,Y28,0)) | AB28: =IF(AA28>0,AA28,0) | AC28: =IF(Y28>0,Y28+IF(AB28>0,AB28,0),AB28) | AD28: 5.408 | AE28: 3027 | AF28: =(AC28-(60*Ventas!AE272*1.9500)) | AG28: =(AF28/(Ventas!AE272*1.9500)/45) | AH28: A
A29: 6977052253507 | B29: PARLANTE BT BS152 WH 5W NERABOX FANTECH | C29: I02456 | D29: 8 | E29: 46230 | F29: 5 | G29: =(D29-(0)+0-(F29*Ventas!AE273*1.1000)) | H29: =(G29/(Ventas!AE273*1.1000)/45) | I29: 50 | J29: =IF(G29>0,G29+I29,I29) | K29: 5.408 | L29: 50 | M29: 0.00058 | N29: 46275 | O29: 45 | P29: =(IF(G29>0,G29+I29,I29)-(O29*Ventas!AE273*0.9422)) | Q29: =(P29/(Ventas!AE273*0.9422)/45) | R29: 50 | S29: =IF(P29>0,P29+R29,R29) | T29: 5.4 | U29: 50 | V29: 0.00058 | W29: 46331 | X29: 56 | Y29: =(IF(P29>0,P29+R29,R29)-(X29*Ventas!AE273*0.8268)) | Z29: =(Y29/(Ventas!AE273*0.8268)/45) | AA29: =(100*(Ventas!AE273*1.9500) - IF(Y29>0,Y29,0)) | AB29: =IF(AA29>0,AA29,0) | AC29: =IF(Y29>0,Y29+IF(AB29>0,AB29,0),AB29) | AD29: 5.408 | AE29: 3027 | AF29: =(AC29-(60*Ventas!AE273*1.9500)) | AG29: =(AF29/(Ventas!AE273*1.9500)/45) | AH29: A
A30: 6977052253514 | B30: PARLANTE BT BS152 PINK 5W NERABOX FANTECH | C30: I02457 | D30: 21 | E30: 46230 | F30: 5 | G30: =(D30-(0)+0-(F30*Ventas!AE274*1.1000)) | H30: =(G30/(Ventas!AE274*1.1000)/45) | I30: 50 | J30: =IF(G30>0,G30+I30,I30) | K30: 5.408 | L30: 50 | M30: 0.00058 | N30: 46275 | O30: 45 | P30: =(IF(G30>0,G30+I30,I30)-(O30*Ventas!AE274*0.9422)) | Q30: =(P30/(Ventas!AE274*0.9422)/45) | R30: 50 | S30: =IF(P30>0,P30+R30,R30) | T30: 5.4 | U30: 50 | V30: 0.00058 | W30: 46331 | X30: 56 | Y30: =(IF(P30>0,P30+R30,R30)-(X30*Ventas!AE274*0.8268)) | Z30: =(Y30/(Ventas!AE274*0.8268)/45) | AA30: =(100*(Ventas!AE274*1.9500) - IF(Y30>0,Y30,0)) | AB30: =IF(AA30>0,AA30,0) | AC30: =IF(Y30>0,Y30+IF(AB30>0,AB30,0),AB30) | AD30: 5.408 | AE30: 3027 | AF30: =(AC30-(60*Ventas!AE274*1.9500)) | AG30: =(AF30/(Ventas!AE274*1.9500)/45) | AH30: A
A31: 6977052253521 | B31: PARLANTE BT BS152 PURP 5W NERABOX FANTECH | C31: I02458 | D31: 11 | E31: 46230 | F31: 5 | G31: =(D31-(0)+0-(F31*Ventas!AE275*1.1000)) | H31: =(G31/(Ventas!AE275*1.1000)/45) | I31: 50 | J31: =IF(G31>0,G31+I31,I31) | K31: 5.408 | L31: 50 | M31: 0.00058 | N31: 46275 | O31: 45 | P31: =(IF(G31>0,G31+I31,I31)-(O31*Ventas!AE275*0.9422)) | Q31: =(P31/(Ventas!AE275*0.9422)/45) | R31: 50 | S31: =IF(P31>0,P31+R31,R31) | T31: 5.4 | U31: 50 | V31: 0.00058 | W31: 46331 | X31: 56 | Y31: =(IF(P31>0,P31+R31,R31)-(X31*Ventas!AE275*0.8268)) | Z31: =(Y31/(Ventas!AE275*0.8268)/45) | AA31: =(100*(Ventas!AE275*1.9500) - IF(Y31>0,Y31,0)) | AB31: =IF(AA31>0,AA31,0) | AC31: =IF(Y31>0,Y31+IF(AB31>0,AB31,0),AB31) | AD31: 5.408 | AE31: 3027 | AF31: =(AC31-(60*Ventas!AE275*1.9500)) | AG31: =(AF31/(Ventas!AE275*1.9500)/45) | AH31: A
A32: 6977052253316 | B32: PARLANTE BT BS153 BK 5W NERABOX FANTECH | C32: I02459 | D32: 30 | E32: 46230 | F32: 5 | G32: =(D32-(0)+0-(F32*Ventas!AE276*1.1000)) | H32: =(G32/(Ventas!AE276*1.1000)/45) | I32: 50 | J32: =IF(G32>0,G32+I32,I32) | K32: 3.536 | L32: 50 | M32: 0.00048 | N32: 46275 | O32: 45 | P32: =(IF(G32>0,G32+I32,I32)-(O32*Ventas!AE276*0.9422)) | Q32: =(P32/(Ventas!AE276*0.9422)/45) | R32: 50 | S32: =IF(P32>0,P32+R32,R32) | T32: 3.5 | U32: 50 | V32: 0.00048 | W32: 46331 | X32: 56 | Y32: =(IF(P32>0,P32+R32,R32)-(X32*Ventas!AE276*0.8268)) | Z32: =(Y32/(Ventas!AE276*0.8268)/45) | AA32: =(100*(Ventas!AE276*1.9500) - IF(Y32>0,Y32,0)) | AB32: =IF(AA32>0,AA32,0) | AC32: =IF(Y32>0,Y32+IF(AB32>0,AB32,0),AB32) | AD32: 3.536 | AE32: 3027 | AF32: =(AC32-(60*Ventas!AE276*1.9500)) | AG32: =(AF32/(Ventas!AE276*1.9500)/45) | AH32: A
A33: 6977052253323 | B33: PARLANTE BT BS153 GREY 5W NERABOX FANTECH | C33: I02460 | D33: 22 | E33: 46230 | F33: 5 | G33: =(D33-(0)+0-(F33*Ventas!AE277*1.1000)) | H33: =(G33/(Ventas!AE277*1.1000)/45) | I33: 50 | J33: =IF(G33>0,G33+I33,I33) | K33: 3.536 | L33: 50 | M33: 0.00048 | N33: 46275 | O33: 45 | P33: =(IF(G33>0,G33+I33,I33)-(O33*Ventas!AE277*0.9422)) | Q33: =(P33/(Ventas!AE277*0.9422)/45) | R33: 50 | S33: =IF(P33>0,P33+R33,R33) | T33: 3.5 | U33: 50 | V33: 0.00048 | W33: 46331 | X33: 56 | Y33: =(IF(P33>0,P33+R33,R33)-(X33*Ventas!AE277*0.8268)) | Z33: =(Y33/(Ventas!AE277*0.8268)/45) | AA33: =(100*(Ventas!AE277*1.9500) - IF(Y33>0,Y33,0)) | AB33: =IF(AA33>0,AA33,0) | AC33: =IF(Y33>0,Y33+IF(AB33>0,AB33,0),AB33) | AD33: 3.536 | AE33: 3027 | AF33: =(AC33-(60*Ventas!AE277*1.9500)) | AG33: =(AF33/(Ventas!AE277*1.9500)/45) | AH33: A
A34: 6977052253330 | B34: PARLANTE BT BS154 BK 5W RGB NERABOX FANTECH | C34: I02461 | D34: 77 | E34: 46230 | F34: 5 | G34: =(D34-(0)+0-(F34*Ventas!AE278*1.1000)) | H34: =(G34/(Ventas!AE278*1.1000)/45) | I34: 40 | J34: =IF(G34>0,G34+I34,I34) | K34: 4.056 | L34: 40 | M34: 0.001625 | N34: 46275 | O34: 45 | P34: =(IF(G34>0,G34+I34,I34)-(O34*Ventas!AE278*0.9422)) | Q34: =(P34/(Ventas!AE278*0.9422)/45) | R34: 0 | S34: =IF(P34>0,P34+R34,R34) | U34: 40 | V34: 0.001625 | W34: 46331 | X34: 56 | Y34: =(IF(P34>0,P34+R34,R34)-(X34*Ventas!AE278*0.8268)) | Z34: =(Y34/(Ventas!AE278*0.8268)/45) | AA34: =(100*(Ventas!AE278*1.9500) - IF(Y34>0,Y34,0)) | AB34: =IF(AA34>0,AA34,0) | AC34: =IF(Y34>0,Y34+IF(AB34>0,AB34,0),AB34) | AD34: 4.056 | AE34: 3027 | AF34: =(AC34-(60*Ventas!AE278*1.9500)) | AG34: =(AF34/(Ventas!AE278*1.9500)/45) | AH34: A
A35: 6977052253347 | B35: PARLANTE BT BS154 GREY 5W RGB NERABOX FANTECH | C35: I02462 | D35: 46 | E35: 46230 | F35: 5 | G35: =(D35-(0)+0-(F35*Ventas!AE279*1.1000)) | H35: =(G35/(Ventas!AE279*1.1000)/45) | I35: 40 | J35: =IF(G35>0,G35+I35,I35) | K35: 4.056 | L35: 40 | M35: 0.001625 | N35: 46275 | O35: 45 | P35: =(IF(G35>0,G35+I35,I35)-(O35*Ventas!AE279*0.9422)) | Q35: =(P35/(Ventas!AE279*0.9422)/45) | R35: 40 | S35: =IF(P35>0,P35+R35,R35) | T35: 4.1 | U35: 40 | V35: 0.001625 | W35: 46331 | X35: 56 | Y35: =(IF(P35>0,P35+R35,R35)-(X35*Ventas!AE279*0.8268)) | Z35: =(Y35/(Ventas!AE279*0.8268)/45) | AA35: =(100*(Ventas!AE279*1.9500) - IF(Y35>0,Y35,0)) | AB35: =IF(AA35>0,AA35,0) | AC35: =IF(Y35>0,Y35+IF(AB35>0,AB35,0),AB35) | AD35: 4.056 | AE35: 3027 | AF35: =(AC35-(60*Ventas!AE279*1.9500)) | AG35: =(AF35/(Ventas!AE279*1.9500)/45) | AH35: A
A36: 6977052253361 | B36: PARLANTE BT BS157 BK 5W RGB NERABOX FANTECH | C36: I02463 | D36: 51 | E36: 46230 | F36: 5 | G36: =(D36-(0)+0-(F36*Ventas!AE280*1.1000)) | H36: =(G36/(Ventas!AE280*1.1000)/45) | I36: 0 | J36: =IF(G36>0,G36+I36,I36) | L36: 30 | M36: 0.001833 | N36: 46275 | O36: 45 | P36: =(IF(G36>0,G36+I36,I36)-(O36*Ventas!AE280*0.9422)) | Q36: =(P36/(Ventas!AE280*0.9422)/45) | R36: 0 | S36: =IF(P36>0,P36+R36,R36) | U36: 30 | V36: 0.001833 | W36: 46331 | X36: 56 | Y36: =(IF(P36>0,P36+R36,R36)-(X36*Ventas!AE280*0.8268)) | Z36: =(Y36/(Ventas!AE280*0.8268)/45) | AA36: =(100*(Ventas!AE280*1.9500) - IF(Y36>0,Y36,0)) | AB36: =IF(AA36>0,AA36,0) | AC36: =IF(Y36>0,Y36+IF(AB36>0,AB36,0),AB36) | AD36: 6.2852 | AE36: 3010 | AF36: =(AC36-(60*Ventas!AE280*1.9500)) | AG36: =(AF36/(Ventas!AE280*1.9500)/45) | AH36: A
A37: 6977052253378 | B37: PARLANTE BT BS157 GREY 5W RGB NERABOX FANTECH | C37: I02464 | D37: 52 | E37: 46230 | F37: 5 | G37: =(D37-(0)+0-(F37*Ventas!AE281*1.1000)) | H37: =(G37/(Ventas!AE281*1.1000)/45) | I37: 0 | J37: =IF(G37>0,G37+I37,I37) | L37: 30 | M37: 0.001833 | N37: 46275 | O37: 45 | P37: =(IF(G37>0,G37+I37,I37)-(O37*Ventas!AE281*0.9422)) | Q37: =(P37/(Ventas!AE281*0.9422)/45) | R37: 0 | S37: =IF(P37>0,P37+R37,R37) | U37: 30 | V37: 0.001833 | W37: 46331 | X37: 56 | Y37: =(IF(P37>0,P37+R37,R37)-(X37*Ventas!AE281*0.8268)) | Z37: =(Y37/(Ventas!AE281*0.8268)/45) | AA37: =(100*(Ventas!AE281*1.9500) - IF(Y37>0,Y37,0)) | AB37: =IF(AA37>0,AA37,0) | AC37: =IF(Y37>0,Y37+IF(AB37>0,AB37,0),AB37) | AD37: 6.2852 | AE37: 3010 | AF37: =(AC37-(60*Ventas!AE281*1.9500)) | AG37: =(AF37/(Ventas!AE281*1.9500)/45) | AH37: A
A38: 6977052253569 | B38: PARLANTE BT BS152 LUFFY ONE PIECE 5W FANTECH | C38: I02570 | D38: 92 | E38: 46230 | F38: 5 | G38: =(D38-(0)+0-(F38*Ventas!AE321*1.1000)) | H38: =(G38/(Ventas!AE321*1.1000)/45) | I38: 0 | J38: =IF(G38>0,G38+I38,I38) | L38: 50 | M38: 0.00058 | N38: 46275 | O38: 45 | P38: =(IF(G38>0,G38+I38,I38)-(O38*Ventas!AE321*0.9422)) | Q38: =(P38/(Ventas!AE321*0.9422)/45) | R38: 0 | S38: =IF(P38>0,P38+R38,R38) | U38: 50 | V38: 0.00058 | W38: 46331 | X38: 56 | Y38: =(IF(P38>0,P38+R38,R38)-(X38*Ventas!AE321*0.8268)) | Z38: =(Y38/(Ventas!AE321*0.8268)/45) | AA38: =(100*(Ventas!AE321*1.9500) - IF(Y38>0,Y38,0)) | AB38: =IF(AA38>0,AA38,0) | AC38: =IF(Y38>0,Y38+IF(AB38>0,AB38,0),AB38) | AD38: 5.9 | AE38: 3027 | AF38: =(AC38-(60*Ventas!AE321*1.9500)) | AG38: =(AF38/(Ventas!AE321*1.9500)/45) | AH38: A
A39: 6977052253583 | B39: PARLANTE BT BS152 ZORO ONE PIECE 5W FANTECH | C39: I02571 | D39: 42 | E39: 46230 | F39: 5 | G39: =(D39-(0)+0-(F39*Ventas!AE322*1.1000)) | H39: =(G39/(Ventas!AE322*1.1000)/45) | I39: 50 | J39: =IF(G39>0,G39+I39,I39) | K39: 5.9 | L39: 50 | M39: 0.00058 | N39: 46275 | O39: 45 | P39: =(IF(G39>0,G39+I39,I39)-(O39*Ventas!AE322*0.9422)) | Q39: =(P39/(Ventas!AE322*0.9422)/45) | R39: 0 | S39: =IF(P39>0,P39+R39,R39) | U39: 50 | V39: 0.00058 | W39: 46331 | X39: 56 | Y39: =(IF(P39>0,P39+R39,R39)-(X39*Ventas!AE322*0.8268)) | Z39: =(Y39/(Ventas!AE322*0.8268)/45) | AA39: =(100*(Ventas!AE322*1.9500) - IF(Y39>0,Y39,0)) | AB39: =IF(AA39>0,AA39,0) | AC39: =IF(Y39>0,Y39+IF(AB39>0,AB39,0),AB39) | AD39: 5.9 | AE39: 3027 | AF39: =(AC39-(60*Ventas!AE322*1.9500)) | AG39: =(AF39/(Ventas!AE322*1.9500)/45) | AH39: A
A40: 6977052253590 | B40: PARLANTE BT BS152 GEAR5 ONE PIECE 5W FANTECH | C40: I02572 | D40: 42 | E40: 46230 | F40: 5 | G40: =(D40-(0)+0-(F40*Ventas!AE323*1.1000)) | H40: =(G40/(Ventas!AE323*1.1000)/45) | I40: 50 | J40: =IF(G40>0,G40+I40,I40) | K40: 5.9 | L40: 50 | M40: 0.00058 | N40: 46275 | O40: 45 | P40: =(IF(G40>0,G40+I40,I40)-(O40*Ventas!AE323*0.9422)) | Q40: =(P40/(Ventas!AE323*0.9422)/45) | R40: 0 | S40: =IF(P40>0,P40+R40,R40) | U40: 50 | V40: 0.00058 | W40: 46331 | X40: 56 | Y40: =(IF(P40>0,P40+R40,R40)-(X40*Ventas!AE323*0.8268)) | Z40: =(Y40/(Ventas!AE323*0.8268)/45) | AA40: =(100*(Ventas!AE323*1.9500) - IF(Y40>0,Y40,0)) | AB40: =IF(AA40>0,AA40,0) | AC40: =IF(Y40>0,Y40+IF(AB40>0,AB40,0),AB40) | AD40: 5.9 | AE40: 3027 | AF40: =(AC40-(60*Ventas!AE323*1.9500)) | AG40: =(AF40/(Ventas!AE323*1.9500)/45) | AH40: A
A41: 6977052253576 | B41: PARLANTE BT BS152 NAMI ONE PIECE 5W FANTECH | C41: I02573 | D41: 45 | E41: 46230 | F41: 5 | G41: =(D41-(0)+0-(F41*Ventas!AE324*1.1000)) | H41: =(G41/(Ventas!AE324*1.1000)/45) | I41: 0 | J41: =IF(G41>0,G41+I41,I41) | L41: 50 | M41: 0.00058 | N41: 46275 | O41: 45 | P41: =(IF(G41>0,G41+I41,I41)-(O41*Ventas!AE324*0.9422)) | Q41: =(P41/(Ventas!AE324*0.9422)/45) | R41: 0 | S41: =IF(P41>0,P41+R41,R41) | U41: 50 | V41: 0.00058 | W41: 46331 | X41: 56 | Y41: =(IF(P41>0,P41+R41,R41)-(X41*Ventas!AE324*0.8268)) | Z41: =(Y41/(Ventas!AE324*0.8268)/45) | AA41: =(100*(Ventas!AE324*1.9500) - IF(Y41>0,Y41,0)) | AB41: =IF(AA41>0,AA41,0) | AC41: =IF(Y41>0,Y41+IF(AB41>0,AB41,0),AB41) | AD41: 5.9 | AE41: 3027 | AF41: =(AC41-(60*Ventas!AE324*1.9500)) | AG41: =(AF41/(Ventas!AE324*1.9500)/45) | AH41: A
B42: PARLANTE BT FANTECH NP02 NERA PARTY | C42: I02688 | E42: 46230 | F42: 5 | G42: =(D42-(0)+0-(F42*Ventas!AE371*1.1000)) | I42: 1 | J42: =IF(G42>0,G42+I42,I42) | K42: 111.2 | N42: 46275 | O42: 45 | P42: =(IF(G42>0,G42+I42,I42)-(O42*Ventas!AE371*0.9422)) | R42: 0 | S42: =IF(P42>0,P42+R42,R42) | W42: 46331 | X42: 56 | Y42: =(IF(P42>0,P42+R42,R42)-(X42*Ventas!AE371*0.8268)) | AA42: =(100*(Ventas!AE371*1.9500) - IF(Y42>0,Y42,0)) | AB42: =IF(AA42>0,AA42,0) | AC42: =IF(Y42>0,Y42+IF(AB42>0,AB42,0),AB42) | AD42: 111.2 | AE42: 3027 | AH42: D
B43: PARLANTE BT FANTECH NP03 NERA PARTY | C43: I02689 | E43: 46230 | F43: 5 | G43: =(D43-(0)+0-(F43*Ventas!AE372*1.1000)) | I43: 1 | J43: =IF(G43>0,G43+I43,I43) | K43: 79.2 | N43: 46275 | O43: 45 | P43: =(IF(G43>0,G43+I43,I43)-(O43*Ventas!AE372*0.9422)) | R43: 0 | S43: =IF(P43>0,P43+R43,R43) | W43: 46331 | X43: 56 | Y43: =(IF(P43>0,P43+R43,R43)-(X43*Ventas!AE372*0.8268)) | AA43: =(100*(Ventas!AE372*1.9500) - IF(Y43>0,Y43,0)) | AB43: =IF(AA43>0,AA43,0) | AC43: =IF(Y43>0,Y43+IF(AB43>0,AB43,0),AB43) | AD43: 79.2 | AE43: 3027 | AH43: D
B44: VASO FANTECH NEGRO | C44: HX034 | D44: 203 | E44: 46230 | F44: 5 | G44: =(D44-(0)+0-(F44*Ventas!AE5*1.8000)) | I44: 0 | J44: =IF(G44>0,G44+I44,I44) | N44: 46275 | O44: 45 | P44: =(IF(G44>0,G44+I44,I44)-(O44*Ventas!AE5*1.0044)) | R44: 0 | S44: =IF(P44>0,P44+R44,R44) | W44: 46331 | X44: 56 | Y44: =(IF(P44>0,P44+R44,R44)-(X44*Ventas!AE5*0.9018)) | AA44: =(100*(Ventas!AE5*1.2350) - IF(Y44>0,Y44,0)) | AB44: =IF(AA44>0,AA44,0) | AC44: =IF(Y44>0,Y44+IF(AB44>0,AB44,0),AB44) | AE44: 3027 | AH44: A
B45: CAMPERA DE NYLON FANTECH XL - NO USAR | C45: HX035 | D45: 2 | E45: 46230 | F45: 5 | G45: =(D45-(0)+0-(F45*Ventas!AE6*1.8000)) | I45: 0 | J45: =IF(G45>0,G45+I45,I45) | N45: 46275 | O45: 45 | P45: =(IF(G45>0,G45+I45,I45)-(O45*Ventas!AE6*1.0044)) | R45: 0 | S45: =IF(P45>0,P45+R45,R45) | W45: 46331 | X45: 56 | Y45: =(IF(P45>0,P45+R45,R45)-(X45*Ventas!AE6*0.9018)) | AA45: =(100*(Ventas!AE6*1.2350) - IF(Y45>0,Y45,0)) | AB45: =IF(AA45>0,AA45,0) | AC45: =IF(Y45>0,Y45+IF(AB45>0,AB45,0),AB45) | AE45: 3010 | AH45: A
B46: CAMPERA DE NYLON FANTECH XXL | C46: HX036 | D46: 4 | E46: 46230 | F46: 5 | G46: =(D46-(0)+0-(F46*Ventas!AE7*1.8000)) | I46: 0 | J46: =IF(G46>0,G46+I46,I46) | N46: 46275 | O46: 45 | P46: =(IF(G46>0,G46+I46,I46)-(O46*Ventas!AE7*1.0044)) | R46: 5 | S46: =IF(P46>0,P46+R46,R46) | W46: 46331 | X46: 56 | Y46: =(IF(P46>0,P46+R46,R46)-(X46*Ventas!AE7*0.9018)) | AA46: =(100*(Ventas!AE7*1.2350) - IF(Y46>0,Y46,0)) | AB46: =IF(AA46>0,AA46,0) | AC46: =IF(Y46>0,Y46+IF(AB46>0,AB46,0),AB46) | AE46: 3010 | AH46: A
B47: REMERA FANTECH M - NO USAR | C47: HX040 | D47: 7 | E47: 46230 | F47: 5 | G47: =(D47-(0)+0-(F47*Ventas!AE8*1.8000)) | I47: 0 | J47: =IF(G47>0,G47+I47,I47) | N47: 46275 | O47: 45 | P47: =(IF(G47>0,G47+I47,I47)-(O47*Ventas!AE8*1.0044)) | R47: 0 | S47: =IF(P47>0,P47+R47,R47) | W47: 46331 | X47: 56 | Y47: =(IF(P47>0,P47+R47,R47)-(X47*Ventas!AE8*0.9018)) | AA47: =(100*(Ventas!AE8*1.2350) - IF(Y47>0,Y47,0)) | AB47: =IF(AA47>0,AA47,0) | AC47: =IF(Y47>0,Y47+IF(AB47>0,AB47,0),AB47) | AE47: 3010 | AH47: A
B48: REMERA FANTECH L - NO USAR | C48: HX041 | D48: 8 | E48: 46230 | F48: 5 | G48: =(D48-(0)+0-(F48*Ventas!AE9*1.8000)) | I48: 0 | J48: =IF(G48>0,G48+I48,I48) | N48: 46275 | O48: 45 | P48: =(IF(G48>0,G48+I48,I48)-(O48*Ventas!AE9*1.0044)) | R48: 0 | S48: =IF(P48>0,P48+R48,R48) | W48: 46331 | X48: 56 | Y48: =(IF(P48>0,P48+R48,R48)-(X48*Ventas!AE9*0.9018)) | AA48: =(100*(Ventas!AE9*1.2350) - IF(Y48>0,Y48,0)) | AB48: =IF(AA48>0,AA48,0) | AC48: =IF(Y48>0,Y48+IF(AB48>0,AB48,0),AB48) | AE48: 3010 | AH48: A
B49: VASO FANTECH ROJO | C49: HX046 | E49: 46230 | F49: 5 | G49: =(D49-(0)+0-(F49*Ventas!AE10*1.8000)) | I49: 0 | J49: =IF(G49>0,G49+I49,I49) | N49: 46275 | O49: 45 | P49: =(IF(G49>0,G49+I49,I49)-(O49*Ventas!AE10*1.0044)) | R49: 0 | S49: =IF(P49>0,P49+R49,R49) | W49: 46331 | X49: 56 | Y49: =(IF(P49>0,P49+R49,R49)-(X49*Ventas!AE10*0.9018)) | AA49: =(100*(Ventas!AE10*1.2350) - IF(Y49>0,Y49,0)) | AB49: =IF(AA49>0,AA49,0) | AC49: =IF(Y49>0,Y49+IF(AB49>0,AB49,0),AB49) | AH49: A
B50: REMERA FANTECH M RED - NO USAR | C50: HX047 | E50: 46230 | F50: 5 | G50: =(D50-(0)+0-(F50*Ventas!AE11*1.8000)) | I50: 0 | J50: =IF(G50>0,G50+I50,I50) | N50: 46275 | O50: 45 | P50: =(IF(G50>0,G50+I50,I50)-(O50*Ventas!AE11*1.0044)) | R50: 0 | S50: =IF(P50>0,P50+R50,R50) | W50: 46331 | X50: 56 | Y50: =(IF(P50>0,P50+R50,R50)-(X50*Ventas!AE11*0.9018)) | AA50: =(100*(Ventas!AE11*1.2350) - IF(Y50>0,Y50,0)) | AB50: =IF(AA50>0,AA50,0) | AC50: =IF(Y50>0,Y50+IF(AB50>0,AB50,0),AB50) | AE50: 3010 | AH50: A
B51: REMERA FANTECH L RED - NO USAR | C51: HX048 | E51: 46230 | F51: 5 | G51: =(D51-(0)+0-(F51*Ventas!AE12*1.8000)) | I51: 0 | J51: =IF(G51>0,G51+I51,I51) | N51: 46275 | O51: 45 | P51: =(IF(G51>0,G51+I51,I51)-(O51*Ventas!AE12*1.0044)) | R51: 0 | S51: =IF(P51>0,P51+R51,R51) | W51: 46331 | X51: 56 | Y51: =(IF(P51>0,P51+R51,R51)-(X51*Ventas!AE12*0.9018)) | AA51: =(100*(Ventas!AE12*1.2350) - IF(Y51>0,Y51,0)) | AB51: =IF(AA51>0,AA51,0) | AC51: =IF(Y51>0,Y51+IF(AB51>0,AB51,0),AB51) | AE51: 3010 | AH51: A
B52: REMERA FANTECH XL RED - NO USAR | C52: HX049 | E52: 46230 | F52: 5 | G52: =(D52-(0)+0-(F52*Ventas!AE13*1.8000)) | I52: 0 | J52: =IF(G52>0,G52+I52,I52) | N52: 46275 | O52: 45 | P52: =(IF(G52>0,G52+I52,I52)-(O52*Ventas!AE13*1.0044)) | R52: 0 | S52: =IF(P52>0,P52+R52,R52) | W52: 46331 | X52: 56 | Y52: =(IF(P52>0,P52+R52,R52)-(X52*Ventas!AE13*0.9018)) | AA52: =(100*(Ventas!AE13*1.2350) - IF(Y52>0,Y52,0)) | AB52: =IF(AA52>0,AA52,0) | AC52: =IF(Y52>0,Y52+IF(AB52>0,AB52,0),AB52) | AE52: 3010 | AH52: A
B53: REMERA FANTECH XXL RED - NO USAR | C53: HX050 | E53: 46230 | F53: 5 | G53: =(D53-(0)+0-(F53*Ventas!AE14*1.8000)) | I53: 0 | J53: =IF(G53>0,G53+I53,I53) | N53: 46275 | O53: 45 | P53: =(IF(G53>0,G53+I53,I53)-(O53*Ventas!AE14*1.0044)) | R53: 0 | S53: =IF(P53>0,P53+R53,R53) | W53: 46331 | X53: 56 | Y53: =(IF(P53>0,P53+R53,R53)-(X53*Ventas!AE14*0.9018)) | AA53: =(100*(Ventas!AE14*1.2350) - IF(Y53>0,Y53,0)) | AB53: =IF(AA53>0,AA53,0) | AC53: =IF(Y53>0,Y53+IF(AB53>0,AB53,0),AB53) | AE53: 3010 | AH53: A
B54: REMERA FANTECH XXXL RED - NO USAR | C54: HX051 | E54: 46230 | F54: 5 | G54: =(D54-(0)+0-(F54*Ventas!AE15*1.8000)) | I54: 0 | J54: =IF(G54>0,G54+I54,I54) | N54: 46275 | O54: 45 | P54: =(IF(G54>0,G54+I54,I54)-(O54*Ventas!AE15*1.0044)) | R54: 0 | S54: =IF(P54>0,P54+R54,R54) | W54: 46331 | X54: 56 | Y54: =(IF(P54>0,P54+R54,R54)-(X54*Ventas!AE15*0.9018)) | AA54: =(100*(Ventas!AE15*1.2350) - IF(Y54>0,Y54,0)) | AB54: =IF(AA54>0,AA54,0) | AC54: =IF(Y54>0,Y54+IF(AB54>0,AB54,0),AB54) | AE54: 3010 | AH54: A
B55: REMERA FANTECH XXXXL RED - NO USAR | C55: HX052 | E55: 46230 | F55: 5 | G55: =(D55-(0)+0-(F55*Ventas!AE16*1.8000)) | I55: 0 | J55: =IF(G55>0,G55+I55,I55) | N55: 46275 | O55: 45 | P55: =(IF(G55>0,G55+I55,I55)-(O55*Ventas!AE16*1.0044)) | R55: 0 | S55: =IF(P55>0,P55+R55,R55) | W55: 46331 | X55: 56 | Y55: =(IF(P55>0,P55+R55,R55)-(X55*Ventas!AE16*0.9018)) | AA55: =(100*(Ventas!AE16*1.2350) - IF(Y55>0,Y55,0)) | AB55: =IF(AA55>0,AA55,0) | AC55: =IF(Y55>0,Y55+IF(AB55>0,AB55,0),AB55) | AE55: 3010 | AH55: A
B56: CAMPERA DE NYLON FANTECH XL - NO USAR | C56: HX054 | D56: 2 | E56: 46230 | F56: 5 | G56: =(D56-(0)+0-(F56*Ventas!AE17*1.8000)) | I56: 0 | J56: =IF(G56>0,G56+I56,I56) | N56: 46275 | O56: 45 | P56: =(IF(G56>0,G56+I56,I56)-(O56*Ventas!AE17*1.0044)) | R56: 0 | S56: =IF(P56>0,P56+R56,R56) | W56: 46331 | X56: 56 | Y56: =(IF(P56>0,P56+R56,R56)-(X56*Ventas!AE17*0.9018)) | AA56: =(100*(Ventas!AE17*1.2350) - IF(Y56>0,Y56,0)) | AB56: =IF(AA56>0,AA56,0) | AC56: =IF(Y56>0,Y56+IF(AB56>0,AB56,0),AB56) | AE56: 3010 | AH56: A
B57: CAMPERA DE NYLON FANTECH XL - NO USAR | C57: HX067 | E57: 46230 | F57: 5 | G57: =(D57-(0)+0-(F57*Ventas!AE30*1.8000)) | I57: 0 | J57: =IF(G57>0,G57+I57,I57) | N57: 46275 | O57: 45 | P57: =(IF(G57>0,G57+I57,I57)-(O57*Ventas!AE30*1.0044)) | R57: 0 | S57: =IF(P57>0,P57+R57,R57) | W57: 46331 | X57: 56 | Y57: =(IF(P57>0,P57+R57,R57)-(X57*Ventas!AE30*0.9018)) | AA57: =(100*(Ventas!AE30*1.2350) - IF(Y57>0,Y57,0)) | AB57: =IF(AA57>0,AA57,0) | AC57: =IF(Y57>0,Y57+IF(AB57>0,AB57,0),AB57) | AH57: A
B58: CAMPERA DE NYLON FANTECH XXXL | C58: HX071 | E58: 46230 | F58: 5 | G58: =(D58-(0)+0-(F58*Ventas!AE32*1.8000)) | I58: 0 | J58: =IF(G58>0,G58+I58,I58) | N58: 46275 | O58: 45 | P58: =(IF(G58>0,G58+I58,I58)-(O58*Ventas!AE32*1.0044)) | R58: 5 | S58: =IF(P58>0,P58+R58,R58) | W58: 46331 | X58: 56 | Y58: =(IF(P58>0,P58+R58,R58)-(X58*Ventas!AE32*0.9018)) | AA58: =(100*(Ventas!AE32*1.2350) - IF(Y58>0,Y58,0)) | AB58: =IF(AA58>0,AA58,0) | AC58: =IF(Y58>0,Y58+IF(AB58>0,AB58,0),AB58) | AH58: A
B59: CAMPERA DE NYLON FANTECH L | C59: HX072 | D59: 1 | E59: 46230 | F59: 5 | G59: =(D59-(0)+0-(F59*Ventas!AE33*1.8000)) | I59: 0 | J59: =IF(G59>0,G59+I59,I59) | N59: 46275 | O59: 45 | P59: =(IF(G59>0,G59+I59,I59)-(O59*Ventas!AE33*1.0044)) | R59: 4 | S59: =IF(P59>0,P59+R59,R59) | W59: 46331 | X59: 56 | Y59: =(IF(P59>0,P59+R59,R59)-(X59*Ventas!AE33*0.9018)) | AA59: =(100*(Ventas!AE33*1.2350) - IF(Y59>0,Y59,0)) | AB59: =IF(AA59>0,AA59,0) | AC59: =IF(Y59>0,Y59+IF(AB59>0,AB59,0),AB59) | AE59: 3010 | AH59: A
B60: PARAGUAS FANTECH | C60: HX073 | E60: 46230 | F60: 5 | G60: =(D60-(0)+0-(F60*Ventas!AE34*1.8000)) | I60: 0 | J60: =IF(G60>0,G60+I60,I60) | N60: 46275 | O60: 45 | P60: =(IF(G60>0,G60+I60,I60)-(O60*Ventas!AE34*1.0044)) | R60: 0 | S60: =IF(P60>0,P60+R60,R60) | W60: 46331 | X60: 56 | Y60: =(IF(P60>0,P60+R60,R60)-(X60*Ventas!AE34*0.9018)) | AA60: =(100*(Ventas!AE34*1.2350) - IF(Y60>0,Y60,0)) | AB60: =IF(AA60>0,AA60,0) | AC60: =IF(Y60>0,Y60+IF(AB60>0,AB60,0),AB60) | AH60: A
B61: CAMPERA DE NYLON FANTECH XL - NO USAR | C61: I001166 | E61: 46230 | F61: 5 | G61: =(D61-(0)+0-(F61*Ventas!AE36*1.8000)) | I61: 0 | J61: =IF(G61>0,G61+I61,I61) | N61: 46275 | O61: 45 | P61: =(IF(G61>0,G61+I61,I61)-(O61*Ventas!AE36*1.0044)) | R61: 0 | S61: =IF(P61>0,P61+R61,R61) | W61: 46331 | X61: 56 | Y61: =(IF(P61>0,P61+R61,R61)-(X61*Ventas!AE36*0.9018)) | AA61: =(100*(Ventas!AE36*1.2350) - IF(Y61>0,Y61,0)) | AB61: =IF(AA61>0,AA61,0) | AC61: =IF(Y61>0,Y61+IF(AB61>0,AB61,0),AB61) | AH61: A
B62: CAMPERA DE NYLON FANTECH XXL -NO USAR | C62: I001167 | E62: 46230 | F62: 5 | G62: =(D62-(0)+0-(F62*Ventas!AE37*1.8000)) | I62: 0 | J62: =IF(G62>0,G62+I62,I62) | N62: 46275 | O62: 45 | P62: =(IF(G62>0,G62+I62,I62)-(O62*Ventas!AE37*1.0044)) | R62: 0 | S62: =IF(P62>0,P62+R62,R62) | W62: 46331 | X62: 56 | Y62: =(IF(P62>0,P62+R62,R62)-(X62*Ventas!AE37*0.9018)) | AA62: =(100*(Ventas!AE37*1.2350) - IF(Y62>0,Y62,0)) | AB62: =IF(AA62>0,AA62,0) | AC62: =IF(Y62>0,Y62+IF(AB62>0,AB62,0),AB62) | AH62: A
B63: VASO FANTECH NEGRO - NO USAR | C63: I001168 | E63: 46230 | F63: 5 | G63: =(D63-(0)+0-(F63*Ventas!AE38*1.8000)) | I63: 0 | J63: =IF(G63>0,G63+I63,I63) | N63: 46275 | O63: 45 | P63: =(IF(G63>0,G63+I63,I63)-(O63*Ventas!AE38*1.0044)) | R63: 0 | S63: =IF(P63>0,P63+R63,R63) | W63: 46331 | X63: 56 | Y63: =(IF(P63>0,P63+R63,R63)-(X63*Ventas!AE38*0.9018)) | AA63: =(100*(Ventas!AE38*1.2350) - IF(Y63>0,Y63,0)) | AB63: =IF(AA63>0,AA63,0) | AC63: =IF(Y63>0,Y63+IF(AB63>0,AB63,0),AB63) | AH63: A
B64: MOUSE GAMING X17 BK BLAKE FANTECH | C64: I00975 | E64: 46230 | F64: 5 | G64: =(D64-(0)+0-(F64*Ventas!AE39*1.8000)) | I64: 0 | J64: =IF(G64>0,G64+I64,I64) | L64: 30 | M64: 0.001841 | N64: 46275 | O64: 45 | P64: =(IF(G64>0,G64+I64,I64)-(O64*Ventas!AE39*1.0044)) | R64: 0 | S64: =IF(P64>0,P64+R64,R64) | U64: 30 | V64: 0.001841 | W64: 46331 | X64: 56 | Y64: =(IF(P64>0,P64+R64,R64)-(X64*Ventas!AE39*0.9018)) | AA64: =(100*(Ventas!AE39*1.2350) - IF(Y64>0,Y64,0)) | AB64: =IF(AA64>0,AA64,0) | AC64: =IF(Y64>0,Y64+IF(AB64>0,AB64,0),AB64) | AD64: 12.5 | AE64: 3027 | AH64: D
B65: TECLADO FANTECH CABLEADO NEGRO K513 | C65: I00976 | E65: 46230 | F65: 5 | G65: =(D65-(0)+0-(F65*Ventas!AE40*1.8000)) | I65: 0 | J65: =IF(G65>0,G65+I65,I65) | N65: 46275 | O65: 45 | P65: =(IF(G65>0,G65+I65,I65)-(O65*Ventas!AE40*1.0044)) | R65: 0 | S65: =IF(P65>0,P65+R65,R65) | W65: 46331 | X65: 56 | Y65: =(IF(P65>0,P65+R65,R65)-(X65*Ventas!AE40*0.9018)) | AA65: =(100*(Ventas!AE40*1.2350) - IF(Y65>0,Y65,0)) | AB65: =IF(AA65>0,AA65,0) | AC65: =IF(Y65>0,Y65+IF(AB65>0,AB65,0),AB65) | AD65: 40.57 | AE65: 3027 | AH65: A
B66: TECLADO MECANICO FANTECH CABLEADO NEGRO MK851RGB | C66: I00977 | E66: 46230 | F66: 5 | G66: =(D66-(0)+0-(F66*Ventas!AE41*1.8000)) | I66: 0 | J66: =IF(G66>0,G66+I66,I66) | N66: 46275 | O66: 45 | P66: =(IF(G66>0,G66+I66,I66)-(O66*Ventas!AE41*1.0044)) | R66: 0 | S66: =IF(P66>0,P66+R66,R66) | W66: 46331 | X66: 56 | Y66: =(IF(P66>0,P66+R66,R66)-(X66*Ventas!AE41*0.9018)) | AA66: =(100*(Ventas!AE41*1.2350) - IF(Y66>0,Y66,0)) | AB66: =IF(AA66>0,AA66,0) | AC66: =IF(Y66>0,Y66+IF(AB66>0,AB66,0),AB66) | AD66: 63.72 | AE66: 3027 | AH66: A
B67: AURICULAR CABLEADO FANTECH 7.1 BK HG15 | C67: I00978 | E67: 46230 | F67: 5 | G67: =(D67-(0)+0-(F67*Ventas!AE42*1.8000)) | I67: 0 | J67: =IF(G67>0,G67+I67,I67) | N67: 46275 | O67: 45 | P67: =(IF(G67>0,G67+I67,I67)-(O67*Ventas!AE42*1.0044)) | R67: 0 | S67: =IF(P67>0,P67+R67,R67) | W67: 46331 | X67: 56 | Y67: =(IF(P67>0,P67+R67,R67)-(X67*Ventas!AE42*0.9018)) | AA67: =(100*(Ventas!AE42*1.2350) - IF(Y67>0,Y67,0)) | AB67: =IF(AA67>0,AA67,0) | AC67: =IF(Y67>0,Y67+IF(AB67>0,AB67,0),AB67) | AD67: 41.12 | AE67: 3027 | AH67: A
B68: PARLANTE 2.0 USB FANTECH BLACK / WHITE GS201 | C68: I00980 | E68: 46230 | F68: 5 | G68: =(D68-(0)+0-(F68*Ventas!AE43*1.8000)) | I68: 0 | J68: =IF(G68>0,G68+I68,I68) | N68: 46275 | O68: 45 | P68: =(IF(G68>0,G68+I68,I68)-(O68*Ventas!AE43*1.0044)) | R68: 0 | S68: =IF(P68>0,P68+R68,R68) | W68: 46331 | X68: 56 | Y68: =(IF(P68>0,P68+R68,R68)-(X68*Ventas!AE43*0.9018)) | AA68: =(100*(Ventas!AE43*1.2350) - IF(Y68>0,Y68,0)) | AB68: =IF(AA68>0,AA68,0) | AC68: =IF(Y68>0,Y68+IF(AB68>0,AB68,0),AB68) | AD68: 33.32 | AE68: 3027 | AH68: A
B69: PARLANTE USB/3.5M GS202 BK RGB FANTECH | C69: I00981 | D69: 41 | E69: 46230 | F69: 5 | G69: =(D69-(0)+0-(F69*Ventas!AE44*1.8000)) | H69: =(G69/(Ventas!AE44*1.8000)/60) | I69: 0 | J69: =IF(G69>0,G69+I69,I69) | L69: 30 | M69: 0.0021 | N69: 46275 | O69: 45 | P69: =(IF(G69>0,G69+I69,I69)-(O69*Ventas!AE44*1.0044)) | Q69: =(P69/(Ventas!AE44*1.0044)/60) | R69: 0 | S69: =IF(P69>0,P69+R69,R69) | U69: 30 | V69: 0.0021 | W69: 46331 | X69: 56 | Y69: =(IF(P69>0,P69+R69,R69)-(X69*Ventas!AE44*0.9018)) | Z69: =(Y69/(Ventas!AE44*0.9018)/60) | AA69: =(100*(Ventas!AE44*1.2350) - IF(Y69>0,Y69,0)) | AB69: =IF(AA69>0,AA69,0) | AC69: =IF(Y69>0,Y69+IF(AB69>0,AB69,0),AB69) | AD69: 5.586 | AE69: 3010 | AF69: =(AC69-(60*Ventas!AE44*1.2350)) | AG69: =(AF69/(Ventas!AE44*1.2350)/60) | AH69: A
B70: NO FACTURAR PARLANTE 2.0 USB FANTECH BK GS203 | C70: I00982 | E70: 46230 | F70: 5 | G70: =(D70-(0)+0-(F70*Ventas!AE45*1.8000)) | I70: 0 | J70: =IF(G70>0,G70+I70,I70) | L70: 30 | M70: 0.001567 | N70: 46275 | O70: 45 | P70: =(IF(G70>0,G70+I70,I70)-(O70*Ventas!AE45*1.0044)) | R70: 0 | S70: =IF(P70>0,P70+R70,R70) | U70: 30 | V70: 0.001567 | W70: 46331 | X70: 56 | Y70: =(IF(P70>0,P70+R70,R70)-(X70*Ventas!AE45*0.9018)) | AA70: =(100*(Ventas!AE45*1.2350) - IF(Y70>0,Y70,0)) | AB70: =IF(AA70>0,AA70,0) | AC70: =IF(Y70>0,Y70+IF(AB70>0,AB70,0),AB70) | AD70: 4.2 | AE70: 3017 | AH70: A
B71: PARLANTE BARRA BS150 BT SPACE EDITION FANTECH | C71: I00983 | E71: 46230 | F71: 5 | G71: =(D71-(0)+0-(F71*Ventas!AE46*1.8000)) | I71: 0 | J71: =IF(G71>0,G71+I71,I71) | L71: 20 | M71: 0.004071 | N71: 46275 | O71: 45 | P71: =(IF(G71>0,G71+I71,I71)-(O71*Ventas!AE46*1.0044)) | R71: 0 | S71: =IF(P71>0,P71+R71,R71) | U71: 20 | V71: 0.004071 | W71: 46331 | X71: 56 | Y71: =(IF(P71>0,P71+R71,R71)-(X71*Ventas!AE46*0.9018)) | AA71: =(100*(Ventas!AE46*1.2350) - IF(Y71>0,Y71,0)) | AB71: =IF(AA71>0,AA71,0) | AC71: =IF(Y71>0,Y71+IF(AB71>0,AB71,0),AB71) | AD71: 12.3 | AE71: 3010 | AH71: D
B72: FAN FC124 RGB FANTECH | C72: I00984 | E72: 46230 | F72: 5 | G72: =(D72-(0)+0-(F72*Ventas!AE47*1.8000)) | I72: 0 | J72: =IF(G72>0,G72+I72,I72) | L72: 100 | M72: 0.000604 | N72: 46275 | O72: 45 | P72: =(IF(G72>0,G72+I72,I72)-(O72*Ventas!AE47*1.0044)) | R72: 0 | S72: =IF(P72>0,P72+R72,R72) | U72: 100 | V72: 0.000604 | W72: 46331 | X72: 56 | Y72: =(IF(P72>0,P72+R72,R72)-(X72*Ventas!AE47*0.9018)) | AA72: =(100*(Ventas!AE47*1.2350) - IF(Y72>0,Y72,0)) | AB72: =IF(AA72>0,AA72,0) | AC72: =IF(Y72>0,Y72+IF(AB72>0,AB72,0),AB72) | AD72: 3.8 | AE72: 3027 | AH72: D
B73: VENTILADOR PC RGB FANTECH FB302 | C73: I00986 | E73: 46230 | F73: 5 | G73: =(D73-(0)+0-(F73*Ventas!AE49*1.8000)) | I73: 0 | J73: =IF(G73>0,G73+I73,I73) | N73: 46275 | O73: 45 | P73: =(IF(G73>0,G73+I73,I73)-(O73*Ventas!AE49*1.0044)) | R73: 0 | S73: =IF(P73>0,P73+R73,R73) | W73: 46331 | X73: 56 | Y73: =(IF(P73>0,P73+R73,R73)-(X73*Ventas!AE49*0.9018)) | AA73: =(100*(Ventas!AE49*1.2350) - IF(Y73>0,Y73,0)) | AB73: =IF(AA73>0,AA73,0) | AC73: =IF(Y73>0,Y73+IF(AB73>0,AB73,0),AB73) | AD73: 43.92 | AE73: 3027 | AH73: A
B74: PARLANTE USB/3.5M GS203 BK RGB FANTECH | C74: I01003 | D74: 62 | E74: 46230 | F74: 5 | G74: =(D74-(0)+0-(F74*Ventas!AE50*1.8000)) | H74: =(G74/(Ventas!AE50*1.8000)/60) | I74: 90 | J74: =IF(G74>0,G74+I74,I74) | K74: 3.952 | L74: 30 | M74: 0.001567 | N74: 46275 | O74: 45 | P74: =(IF(G74>0,G74+I74,I74)-(O74*Ventas!AE50*1.0044)) | Q74: =(P74/(Ventas!AE50*1.0044)/60) | R74: 90 | S74: =IF(P74>0,P74+R74,R74) | T74: 4 | U74: 30 | V74: 0.001567 | W74: 46331 | X74: 56 | Y74: =(IF(P74>0,P74+R74,R74)-(X74*Ventas!AE50*0.9018)) | Z74: =(Y74/(Ventas!AE50*0.9018)/60) | AA74: =(100*(Ventas!AE50*1.2350) - IF(Y74>0,Y74,0)) | AB74: =IF(AA74>0,AA74,0) | AC74: =IF(Y74>0,Y74+IF(AB74>0,AB74,0),AB74) | AD74: 3.952 | AE74: 3027 | AF74: =(AC74-(60*Ventas!AE50*1.2350)) | AG74: =(AF74/(Ventas!AE50*1.2350)/60) | AH74: A
B75: PARLANTE USB/3.5M GS203 WH RGB SPACE EDIT FANTECH | C75: I01004 | D75: 103 | E75: 46230 | F75: 5 | G75: =(D75-(0)+0-(F75*Ventas!AE51*1.8000)) | H75: =(G75/(Ventas!AE51*1.8000)/60) | I75: 0 | J75: =IF(G75>0,G75+I75,I75) | L75: 30 | M75: 0.001567 | N75: 46275 | O75: 45 | P75: =(IF(G75>0,G75+I75,I75)-(O75*Ventas!AE51*1.0044)) | Q75: =(P75/(Ventas!AE51*1.0044)/60) | R75: 0 | S75: =IF(P75>0,P75+R75,R75) | U75: 30 | V75: 0.001567 | W75: 46331 | X75: 56 | Y75: =(IF(P75>0,P75+R75,R75)-(X75*Ventas!AE51*0.9018)) | Z75: =(Y75/(Ventas!AE51*0.9018)/60) | AA75: =(100*(Ventas!AE51*1.2350) - IF(Y75>0,Y75,0)) | AB75: =IF(AA75>0,AA75,0) | AC75: =IF(Y75>0,Y75+IF(AB75>0,AB75,0),AB75) | AD75: 4 | AE75: 3010 | AF75: =(AC75-(60*Ventas!AE51*1.2350)) | AG75: =(AF75/(Ventas!AE51*1.2350)/60) | AH75: A
B76: TECLADO MECÁNICO MK852 FANTECH SAKURA | C76: I01060 | E76: 46230 | F76: 5 | G76: =(D76-(0)+0-(F76*Ventas!AE52*1.8000)) | I76: 0 | J76: =IF(G76>0,G76+I76,I76) | L76: 10 | M76: 0.005 | N76: 46275 | O76: 45 | P76: =(IF(G76>0,G76+I76,I76)-(O76*Ventas!AE52*1.0044)) | R76: 0 | S76: =IF(P76>0,P76+R76,R76) | U76: 10 | V76: 0.005 | W76: 46331 | X76: 56 | Y76: =(IF(P76>0,P76+R76,R76)-(X76*Ventas!AE52*0.9018)) | AA76: =(100*(Ventas!AE52*1.2350) - IF(Y76>0,Y76,0)) | AB76: =IF(AA76>0,AA76,0) | AC76: =IF(Y76>0,Y76+IF(AB76>0,AB76,0),AB76) | AD76: 20.1 | AE76: 3010 | AH76: A
B77: MOUSEPAD SAKURA MPR800s PINK FANTECH | C77: I01061 | D77: 57 | E77: 46230 | F77: 5 | G77: =(D77-(0)+0-(F77*Ventas!AE53*1.8000)) | H77: =(G77/(Ventas!AE53*1.8000)/60) | I77: 0 | J77: =IF(G77>0,G77+I77,I77) | L77: 15 | M77: 0.005786 | N77: 46275 | O77: 45 | P77: =(IF(G77>0,G77+I77,I77)-(O77*Ventas!AE53*1.0044)) | Q77: =(P77/(Ventas!AE53*1.0044)/60) | R77: 0 | S77: =IF(P77>0,P77+R77,R77) | U77: 15 | V77: 0.005786 | W77: 46331 | X77: 56 | Y77: =(IF(P77>0,P77+R77,R77)-(X77*Ventas!AE53*0.9018)) | Z77: =(Y77/(Ventas!AE53*0.9018)/60) | AA77: =(100*(Ventas!AE53*1.2350) - IF(Y77>0,Y77,0)) | AB77: =IF(AA77>0,AA77,0) | AC77: =IF(Y77>0,Y77+IF(AB77>0,AB77,0),AB77) | AD77: 9 | AE77: 3027 | AF77: =(AC77-(60*Ventas!AE53*1.2350)) | AG77: =(AF77/(Ventas!AE53*1.2350)/60) | AH77: A
B78: SOPORTE AURICULAR AC3001 FANTECH SAKURA | C78: I01062 | D78: 154 | E78: 46230 | F78: 5 | G78: =(D78-(0)+0-(F78*Ventas!AE54*1.8000)) | H78: =(G78/(Ventas!AE54*1.8000)/60) | I78: 0 | J78: =IF(G78>0,G78+I78,I78) | L78: 40 | M78: 0.002342 | N78: 46275 | O78: 45 | P78: =(IF(G78>0,G78+I78,I78)-(O78*Ventas!AE54*1.0044)) | Q78: =(P78/(Ventas!AE54*1.0044)/60) | R78: 0 | S78: =IF(P78>0,P78+R78,R78) | U78: 40 | V78: 0.002342 | W78: 46331 | X78: 56 | Y78: =(IF(P78>0,P78+R78,R78)-(X78*Ventas!AE54*0.9018)) | Z78: =(Y78/(Ventas!AE54*0.9018)/60) | AA78: =(100*(Ventas!AE54*1.2350) - IF(Y78>0,Y78,0)) | AB78: =IF(AA78>0,AA78,0) | AC78: =IF(Y78>0,Y78+IF(AB78>0,AB78,0),AB78) | AE78: 3027 | AF78: =(AC78-(60*Ventas!AE54*1.2350)) | AG78: =(AF78/(Ventas!AE54*1.2350)/60) | AH78: A
B79: MOUSE GAMING VX7 SAKURA EDITION FANTECH | C79: I01063 | D79: 46 | E79: 46230 | F79: 5 | G79: =(D79-(0)+0-(F79*Ventas!AE55*1.8000)) | H79: =(G79/(Ventas!AE55*1.8000)/60) | I79: 0 | J79: =IF(G79>0,G79+I79,I79) | L79: 60 | M79: 0.001033 | N79: 46275 | O79: 45 | P79: =(IF(G79>0,G79+I79,I79)-(O79*Ventas!AE55*1.0044)) | Q79: =(P79/(Ventas!AE55*1.0044)/60) | R79: 0 | S79: =IF(P79>0,P79+R79,R79) | U79: 60 | V79: 0.001033 | W79: 46331 | X79: 56 | Y79: =(IF(P79>0,P79+R79,R79)-(X79*Ventas!AE55*0.9018)) | Z79: =(Y79/(Ventas!AE55*0.9018)/60) | AA79: =(100*(Ventas!AE55*1.2350) - IF(Y79>0,Y79,0)) | AB79: =IF(AA79>0,AA79,0) | AC79: =IF(Y79>0,Y79+IF(AB79>0,AB79,0),AB79) | AD79: 5.2 | AE79: 3027 | AF79: =(AC79-(60*Ventas!AE55*1.2350)) | AG79: =(AF79/(Ventas!AE55*1.2350)/60) | AH79: A
B80: AURICULAR GAMING HG20 PINK SAKURA FANTECH | C80: I01064 | D80: 194 | E80: 46230 | F80: 5 | G80: =(D80-(0)+0-(F80*Ventas!AE56*1.8000)) | H80: =(G80/(Ventas!AE56*1.8000)/60) | I80: 0 | J80: =IF(G80>0,G80+I80,I80) | L80: 20 | M80: 0.00515 | N80: 46275 | O80: 45 | P80: =(IF(G80>0,G80+I80,I80)-(O80*Ventas!AE56*1.0044)) | Q80: =(P80/(Ventas!AE56*1.0044)/60) | R80: 0 | S80: =IF(P80>0,P80+R80,R80) | U80: 20 | V80: 0.00515 | W80: 46331 | X80: 56 | Y80: =(IF(P80>0,P80+R80,R80)-(X80*Ventas!AE56*0.9018)) | Z80: =(Y80/(Ventas!AE56*0.9018)/60) | AA80: =(100*(Ventas!AE56*1.2350) - IF(Y80>0,Y80,0)) | AB80: =IF(AA80>0,AA80,0) | AC80: =IF(Y80>0,Y80+IF(AB80>0,AB80,0),AB80) | AD80: 8 | AE80: 3010 | AF80: =(AC80-(60*Ventas!AE56*1.2350)) | AG80: =(AF80/(Ventas!AE56*1.2350)/60) | AH80: A
B81: TECLADO GAMING SAKURA K613L PINK FANTECH | C81: I01065 | E81: 46230 | F81: 5 | G81: =(D81-(0)+0-(F81*Ventas!AE57*1.8000)) | I81: 0 | J81: =IF(G81>0,G81+I81,I81) | L81: 10 | M81: 0.003913 | N81: 46275 | O81: 45 | P81: =(IF(G81>0,G81+I81,I81)-(O81*Ventas!AE57*1.0044)) | R81: 0 | S81: =IF(P81>0,P81+R81,R81) | U81: 10 | V81: 0.003913 | W81: 46331 | X81: 56 | Y81: =(IF(P81>0,P81+R81,R81)-(X81*Ventas!AE57*0.9018)) | AA81: =(100*(Ventas!AE57*1.2350) - IF(Y81>0,Y81,0)) | AB81: =IF(AA81>0,AA81,0) | AC81: =IF(Y81>0,Y81+IF(AB81>0,AB81,0),AB81) | AD81: 9.7 | AE81: 3017 | AH81: D
B82: MOUSEPAD SAKURA MP35 PINK FANTECH | C82: I01066 | E82: 46230 | F82: 5 | G82: =(D82-(0)+0-(F82*Ventas!AE58*1.8000)) | H82: =(G82/(Ventas!AE58*1.8000)/60) | I82: 0 | J82: =IF(G82>0,G82+I82,I82) | L82: 60 | M82: 0.001249 | N82: 46275 | O82: 45 | P82: =(IF(G82>0,G82+I82,I82)-(O82*Ventas!AE58*1.0044)) | Q82: =(P82/(Ventas!AE58*1.0044)/60) | R82: 0 | S82: =IF(P82>0,P82+R82,R82) | U82: 60 | V82: 0.001249 | W82: 46331 | X82: 56 | Y82: =(IF(P82>0,P82+R82,R82)-(X82*Ventas!AE58*0.9018)) | Z82: =(Y82/(Ventas!AE58*0.9018)/60) | AA82: =(100*(Ventas!AE58*1.2350) - IF(Y82>0,Y82,0)) | AB82: =IF(AA82>0,AA82,0) | AC82: =IF(Y82>0,Y82+IF(AB82>0,AB82,0),AB82) | AD82: 2.1 | AE82: 3017 | AF82: =(AC82-(60*Ventas!AE58*1.2350)) | AG82: =(AF82/(Ventas!AE58*1.2350)/60) | AH82: A
B83: PARLANTE 2,0 SAKURA USB GS202 PINK FANTECH | C83: I01067 | E83: 46230 | F83: 5 | G83: =(D83-(0)+0-(F83*Ventas!AE59*1.8000)) | I83: 0 | J83: =IF(G83>0,G83+I83,I83) | L83: 30 | M83: 0.0021 | N83: 46275 | O83: 45 | P83: =(IF(G83>0,G83+I83,I83)-(O83*Ventas!AE59*1.0044)) | R83: 0 | S83: =IF(P83>0,P83+R83,R83) | U83: 30 | V83: 0.0021 | W83: 46331 | X83: 56 | Y83: =(IF(P83>0,P83+R83,R83)-(X83*Ventas!AE59*0.9018)) | AA83: =(100*(Ventas!AE59*1.2350) - IF(Y83>0,Y83,0)) | AB83: =IF(AA83>0,AA83,0) | AC83: =IF(Y83>0,Y83+IF(AB83>0,AB83,0),AB83) | AD83: 5.74 | AE83: 3010 | AH83: D
B84: MOUSE GAMING VX7 SPACE EDITION FANTECH | C84: I01076 | D84: 34 | E84: 46230 | F84: 5 | G84: =(D84-(0)+0-(F84*Ventas!AE60*1.8000)) | H84: =(G84/(Ventas!AE60*1.8000)/60) | I84: 0 | J84: =IF(G84>0,G84+I84,I84) | L84: 60 | M84: 0.001033 | N84: 46275 | O84: 45 | P84: =(IF(G84>0,G84+I84,I84)-(O84*Ventas!AE60*1.0044)) | Q84: =(P84/(Ventas!AE60*1.0044)/60) | R84: 0 | S84: =IF(P84>0,P84+R84,R84) | U84: 60 | V84: 0.001033 | W84: 46331 | X84: 56 | Y84: =(IF(P84>0,P84+R84,R84)-(X84*Ventas!AE60*0.9018)) | Z84: =(Y84/(Ventas!AE60*0.9018)/60) | AA84: =(100*(Ventas!AE60*1.2350) - IF(Y84>0,Y84,0)) | AB84: =IF(AA84>0,AA84,0) | AC84: =IF(Y84>0,Y84+IF(AB84>0,AB84,0),AB84) | AD84: 5.24 | AE84: 3010 | AF84: =(AC84-(60*Ventas!AE60*1.2350)) | AG84: =(AF84/(Ventas!AE60*1.2350)/60) | AH84: A
B85: -NO FACTURAR -MOUSE VX 7 FANTECH SAK | C85: I01077 | E85: 46230 | F85: 5 | G85: =(D85-(0)+0-(F85*Ventas!AE61*1.8000)) | I85: 0 | J85: =IF(G85>0,G85+I85,I85) | N85: 46275 | O85: 45 | P85: =(IF(G85>0,G85+I85,I85)-(O85*Ventas!AE61*1.0044)) | R85: 0 | S85: =IF(P85>0,P85+R85,R85) | U85: 60 | V85: 0.001033 | W85: 46331 | X85: 56 | Y85: =(IF(P85>0,P85+R85,R85)-(X85*Ventas!AE61*0.9018)) | AA85: =(100*(Ventas!AE61*1.2350) - IF(Y85>0,Y85,0)) | AB85: =IF(AA85>0,AA85,0) | AC85: =IF(Y85>0,Y85+IF(AB85>0,AB85,0),AB85) | AD85: 5.5 | AE85: 3010 | AH85: A
B86: MOUSE GAMING X17 SPACE EDITION FANTECH | C86: I01078 | E86: 46230 | F86: 5 | G86: =(D86-(0)+0-(F86*Ventas!AE62*1.8000)) | H86: =(G86/(Ventas!AE62*1.8000)/60) | I86: 0 | J86: =IF(G86>0,G86+I86,I86) | N86: 46275 | O86: 45 | P86: =(IF(G86>0,G86+I86,I86)-(O86*Ventas!AE62*1.0044)) | Q86: =(P86/(Ventas!AE62*1.0044)/60) | R86: 0 | S86: =IF(P86>0,P86+R86,R86) | W86: 46331 | X86: 56 | Y86: =(IF(P86>0,P86+R86,R86)-(X86*Ventas!AE62*0.9018)) | Z86: =(Y86/(Ventas!AE62*0.9018)/60) | AA86: =(100*(Ventas!AE62*1.2350) - IF(Y86>0,Y86,0)) | AB86: =IF(AA86>0,AA86,0) | AC86: =IF(Y86>0,Y86+IF(AB86>0,AB86,0),AB86) | AD86: 12.5 | AE86: 3027 | AF86: =(AC86-(60*Ventas!AE62*1.2350)) | AG86: =(AF86/(Ventas!AE62*1.2350)/60) | AH86: A
B87: TECLADO MECÁNICO MK852 BROWN FANTECH SPACE EDITION | C87: I01079 | E87: 46230 | F87: 5 | G87: =(D87-(0)+0-(F87*Ventas!AE63*1.8000)) | I87: 0 | J87: =IF(G87>0,G87+I87,I87) | N87: 46275 | O87: 45 | P87: =(IF(G87>0,G87+I87,I87)-(O87*Ventas!AE63*1.0044)) | R87: 0 | S87: =IF(P87>0,P87+R87,R87) | W87: 46331 | X87: 56 | Y87: =(IF(P87>0,P87+R87,R87)-(X87*Ventas!AE63*0.9018)) | AA87: =(100*(Ventas!AE63*1.2350) - IF(Y87>0,Y87,0)) | AB87: =IF(AA87>0,AA87,0) | AC87: =IF(Y87>0,Y87+IF(AB87>0,AB87,0),AB87) | AD87: 20.1 | AE87: 3027 | AH87: A
B88: LIBRE PARA USAR | C88: I01080 | E88: 46230 | F88: 5 | G88: =(D88-(0)+0-(F88*Ventas!AE64*1.8000)) | I88: 0 | J88: =IF(G88>0,G88+I88,I88) | N88: 46275 | O88: 45 | P88: =(IF(G88>0,G88+I88,I88)-(O88*Ventas!AE64*1.0044)) | R88: 0 | S88: =IF(P88>0,P88+R88,R88) | W88: 46331 | X88: 56 | Y88: =(IF(P88>0,P88+R88,R88)-(X88*Ventas!AE64*0.9018)) | AA88: =(100*(Ventas!AE64*1.2350) - IF(Y88>0,Y88,0)) | AB88: =IF(AA88>0,AA88,0) | AC88: =IF(Y88>0,Y88+IF(AB88>0,AB88,0),AB88) | AH88: A
B89: MOUSEPAD MPR800s FANTECH SPACE EDITION | C89: I01081 | E89: 46230 | F89: 5 | G89: =(D89-(0)+0-(F89*Ventas!AE65*1.8000)) | H89: =(G89/(Ventas!AE65*1.8000)/60) | I89: 0 | J89: =IF(G89>0,G89+I89,I89) | L89: 15 | M89: 0.005786 | N89: 46275 | O89: 45 | P89: =(IF(G89>0,G89+I89,I89)-(O89*Ventas!AE65*1.0044)) | Q89: =(P89/(Ventas!AE65*1.0044)/60) | R89: 0 | S89: =IF(P89>0,P89+R89,R89) | U89: 15 | V89: 0.005786 | W89: 46331 | X89: 56 | Y89: =(IF(P89>0,P89+R89,R89)-(X89*Ventas!AE65*0.9018)) | Z89: =(Y89/(Ventas!AE65*0.9018)/60) | AA89: =(100*(Ventas!AE65*1.2350) - IF(Y89>0,Y89,0)) | AB89: =IF(AA89>0,AA89,0) | AC89: =IF(Y89>0,Y89+IF(AB89>0,AB89,0),AB89) | AD89: 5.94 | AE89: 3010 | AF89: =(AC89-(60*Ventas!AE65*1.2350)) | AG89: =(AF89/(Ventas!AE65*1.2350)/60) | AH89: D
B90: MOUSEPAD MPR800s FANTECH RGB | C90: I01082 | E90: 46230 | F90: 5 | G90: =(D90-(0)+0-(F90*Ventas!AE66*1.8000)) | I90: 0 | J90: =IF(G90>0,G90+I90,I90) | L90: 15 | M90: 0.005786 | N90: 46275 | O90: 45 | P90: =(IF(G90>0,G90+I90,I90)-(O90*Ventas!AE66*1.0044)) | R90: 0 | S90: =IF(P90>0,P90+R90,R90) | U90: 15 | V90: 0.005786 | W90: 46331 | X90: 56 | Y90: =(IF(P90>0,P90+R90,R90)-(X90*Ventas!AE66*0.9018)) | AA90: =(100*(Ventas!AE66*1.2350) - IF(Y90>0,Y90,0)) | AB90: =IF(AA90>0,AA90,0) | AC90: =IF(Y90>0,Y90+IF(AB90>0,AB90,0),AB90) | AD90: 3.9358 | AE90: 3027 | AH90: D
B91: AURICULAR GAMING USB HG11 PINK FANTECH SAKURA | C91: I01083 | D91: 26 | E91: 46230 | F91: 5 | G91: =(D91-(0)+0-(F91*Ventas!AE67*1.8000)) | H91: =(G91/(Ventas!AE67*1.8000)/60) | I91: 0 | J91: =IF(G91>0,G91+I91,I91) | L91: 20 | M91: 0.0068 | N91: 46275 | O91: 45 | P91: =(IF(G91>0,G91+I91,I91)-(O91*Ventas!AE67*1.0044)) | Q91: =(P91/(Ventas!AE67*1.0044)/60) | R91: 0 | S91: =IF(P91>0,P91+R91,R91) | U91: 20 | V91: 0.0068 | W91: 46331 | X91: 56 | Y91: =(IF(P91>0,P91+R91,R91)-(X91*Ventas!AE67*0.9018)) | Z91: =(Y91/(Ventas!AE67*0.9018)/60) | AA91: =(100*(Ventas!AE67*1.2350) - IF(Y91>0,Y91,0)) | AB91: =IF(AA91>0,AA91,0) | AC91: =IF(Y91>0,Y91+IF(AB91>0,AB91,0),AB91) | AD91: 17.7 | AE91: 3027 | AF91: =(AC91-(60*Ventas!AE67*1.2350)) | AG91: =(AF91/(Ventas!AE67*1.2350)/60) | AH91: D
B92: AURICULAR GAMING HG11 FANTECH SPACE EDITION | C92: I01084 | E92: 46230 | F92: 5 | G92: =(D92-(0)+0-(F92*Ventas!AE68*1.8000)) | I92: 0 | J92: =IF(G92>0,G92+I92,I92) | L92: 20 | M92: 0.0068 | N92: 46275 | O92: 45 | P92: =(IF(G92>0,G92+I92,I92)-(O92*Ventas!AE68*1.0044)) | R92: 0 | S92: =IF(P92>0,P92+R92,R92) | U92: 20 | V92: 0.0068 | W92: 46331 | X92: 56 | Y92: =(IF(P92>0,P92+R92,R92)-(X92*Ventas!AE68*0.9018)) | AA92: =(100*(Ventas!AE68*1.2350) - IF(Y92>0,Y92,0)) | AB92: =IF(AA92>0,AA92,0) | AC92: =IF(Y92>0,Y92+IF(AB92>0,AB92,0),AB92) | AD92: 17.2 | AE92: 3027 | AH92: D
B93: AURICULAR GAMING HG17s FANTECH SPACE EDITION | C93: I01085 | E93: 46230 | F93: 5 | G93: =(D93-(0)+0-(F93*Ventas!AE69*1.8000)) | I93: 0 | J93: =IF(G93>0,G93+I93,I93) | L93: 20 | M93: 0.0065 | N93: 46275 | O93: 45 | P93: =(IF(G93>0,G93+I93,I93)-(O93*Ventas!AE69*1.0044)) | R93: 0 | S93: =IF(P93>0,P93+R93,R93) | U93: 20 | V93: 0.0065 | W93: 46331 | X93: 56 | Y93: =(IF(P93>0,P93+R93,R93)-(X93*Ventas!AE69*0.9018)) | AA93: =(100*(Ventas!AE69*1.2350) - IF(Y93>0,Y93,0)) | AB93: =IF(AA93>0,AA93,0) | AC93: =IF(Y93>0,Y93+IF(AB93>0,AB93,0),AB93) | AD93: 7.2 | AE93: 3010 | AH93: D
B94: SOPORTE AURICULAR AC3001 FANTECH SPACE EDITION | C94: I01086 | E94: 46230 | F94: 5 | G94: =(D94-(0)+0-(F94*Ventas!AE70*1.8000)) | I94: 0 | J94: =IF(G94>0,G94+I94,I94) | L94: 40 | M94: 0.002342 | N94: 46275 | O94: 45 | P94: =(IF(G94>0,G94+I94,I94)-(O94*Ventas!AE70*1.0044)) | R94: 0 | S94: =IF(P94>0,P94+R94,R94) | U94: 40 | V94: 0.002342 | W94: 46331 | X94: 56 | Y94: =(IF(P94>0,P94+R94,R94)-(X94*Ventas!AE70*0.9018)) | AA94: =(100*(Ventas!AE70*1.2350) - IF(Y94>0,Y94,0)) | AB94: =IF(AA94>0,AA94,0) | AC94: =IF(Y94>0,Y94+IF(AB94>0,AB94,0),AB94) | AE94: 3010 | AH94: D
B95: LIBRE PARA USAR | C95: I01087 | E95: 46230 | F95: 5 | G95: =(D95-(0)+0-(F95*Ventas!AE71*1.8000)) | I95: 0 | J95: =IF(G95>0,G95+I95,I95) | N95: 46275 | O95: 45 | P95: =(IF(G95>0,G95+I95,I95)-(O95*Ventas!AE71*1.0044)) | R95: 0 | S95: =IF(P95>0,P95+R95,R95) | W95: 46331 | X95: 56 | Y95: =(IF(P95>0,P95+R95,R95)-(X95*Ventas!AE71*0.9018)) | AA95: =(100*(Ventas!AE71*1.2350) - IF(Y95>0,Y95,0)) | AB95: =IF(AA95>0,AA95,0) | AC95: =IF(Y95>0,Y95+IF(AB95>0,AB95,0),AB95) | AH95: A
B96: MICROFONO MCX01 FANTECH LEVIOSA | C96: I01089 | D96: 123 | E96: 46230 | F96: 5 | G96: =(D96-(0)+0-(F96*Ventas!AE72*1.8000)) | H96: =(G96/(Ventas!AE72*1.8000)/60) | I96: 0 | J96: =IF(G96>0,G96+I96,I96) | L96: 20 | M96: 0.0043 | N96: 46275 | O96: 45 | P96: =(IF(G96>0,G96+I96,I96)-(O96*Ventas!AE72*1.0044)) | Q96: =(P96/(Ventas!AE72*1.0044)/60) | R96: 0 | S96: =IF(P96>0,P96+R96,R96) | U96: 20 | V96: 0.0043 | W96: 46331 | X96: 56 | Y96: =(IF(P96>0,P96+R96,R96)-(X96*Ventas!AE72*0.9018)) | Z96: =(Y96/(Ventas!AE72*0.9018)/60) | AA96: =(100*(Ventas!AE72*1.2350) - IF(Y96>0,Y96,0)) | AB96: =IF(AA96>0,AA96,0) | AC96: =IF(Y96>0,Y96+IF(AB96>0,AB96,0),AB96) | AD96: 18.6 | AE96: 3027 | AF96: =(AC96-(60*Ventas!AE72*1.2350)) | AG96: =(AF96/(Ventas!AE72*1.2350)/60) | AH96: A
B97: MOUSE INAL VENOM WGC1 BK FANTECH | C97: I01090 | E97: 46230 | F97: 5 | G97: =(D97-(0)+0-(F97*Ventas!AE73*1.8000)) | I97: 0 | J97: =IF(G97>0,G97+I97,I97) | L97: 60 | M97: 0.001025 | N97: 46275 | O97: 45 | P97: =(IF(G97>0,G97+I97,I97)-(O97*Ventas!AE73*1.0044)) | R97: 0 | S97: =IF(P97>0,P97+R97,R97) | U97: 60 | V97: 0.001025 | W97: 46331 | X97: 56 | Y97: =(IF(P97>0,P97+R97,R97)-(X97*Ventas!AE73*0.9018)) | AA97: =(100*(Ventas!AE73*1.2350) - IF(Y97>0,Y97,0)) | AB97: =IF(AA97>0,AA97,0) | AC97: =IF(Y97>0,Y97+IF(AB97>0,AB97,0),AB97) | AD97: 8 | AE97: 3027 | AH97: D
B98: TECLADO MECANICO MK853 RD SW SAKURA FANTECH | C98: I01104 | D98: 159 | E98: 46230 | F98: 5 | G98: =(D98-(0)+0-(F98*Ventas!AE74*1.8000)) | H98: =(G98/(Ventas!AE74*1.8000)/60) | I98: 0 | J98: =IF(G98>0,G98+I98,I98) | L98: 10 | M98: 0.0069 | N98: 46275 | O98: 45 | P98: =(IF(G98>0,G98+I98,I98)-(O98*Ventas!AE74*1.0044)) | Q98: =(P98/(Ventas!AE74*1.0044)/60) | R98: 0 | S98: =IF(P98>0,P98+R98,R98) | U98: 10 | V98: 0.0069 | W98: 46331 | X98: 56 | Y98: =(IF(P98>0,P98+R98,R98)-(X98*Ventas!AE74*0.9018)) | Z98: =(Y98/(Ventas!AE74*0.9018)/60) | AA98: =(100*(Ventas!AE74*1.2350) - IF(Y98>0,Y98,0)) | AB98: =IF(AA98>0,AA98,0) | AC98: =IF(Y98>0,Y98+IF(AB98>0,AB98,0),AB98) | AD98: 17.1 | AE98: 3010 | AF98: =(AC98-(60*Ventas!AE74*1.2350)) | AG98: =(AF98/(Ventas!AE74*1.2350)/60) | AH98: A
B99: TECLADO MECANICO MK853 BL SW SAKURA FANTECH | C99: I01105 | D99: 59 | E99: 46230 | F99: 5 | G99: =(D99-(0)+0-(F99*Ventas!AE75*1.8000)) | H99: =(G99/(Ventas!AE75*1.8000)/60) | I99: 0 | J99: =IF(G99>0,G99+I99,I99) | L99: 10 | M99: 0.0069 | N99: 46275 | O99: 45 | P99: =(IF(G99>0,G99+I99,I99)-(O99*Ventas!AE75*1.0044)) | Q99: =(P99/(Ventas!AE75*1.0044)/60) | R99: 0 | S99: =IF(P99>0,P99+R99,R99) | U99: 10 | V99: 0.0069 | W99: 46331 | X99: 56 | Y99: =(IF(P99>0,P99+R99,R99)-(X99*Ventas!AE75*0.9018)) | Z99: =(Y99/(Ventas!AE75*0.9018)/60) | AA99: =(100*(Ventas!AE75*1.2350) - IF(Y99>0,Y99,0)) | AB99: =IF(AA99>0,AA99,0) | AC99: =IF(Y99>0,Y99+IF(AB99>0,AB99,0),AB99) | AD99: 17.1 | AE99: 3010 | AF99: =(AC99-(60*Ventas!AE75*1.2350)) | AG99: =(AF99/(Ventas!AE75*1.2350)/60) | AH99: A
B100: MOUSEPAD FANTECH CORDURA MPC450 45x40x3 | C100: I01108 | E100: 46230 | F100: 5 | G100: =(D100-(0)+0-(F100*Ventas!AE76*1.8000)) | I100: 0 | J100: =IF(G100>0,G100+I100,I100) | N100: 46275 | O100: 45 | P100: =(IF(G100>0,G100+I100,I100)-(O100*Ventas!AE76*1.0044)) | R100: 0 | S100: =IF(P100>0,P100+R100,R100) | W100: 46331 | X100: 56 | Y100: =(IF(P100>0,P100+R100,R100)-(X100*Ventas!AE76*0.9018)) | AA100: =(100*(Ventas!AE76*1.2350) - IF(Y100>0,Y100,0)) | AB100: =IF(AA100>0,AA100,0) | AC100: =IF(Y100>0,Y100+IF(AB100>0,AB100,0),AB100) | AD100: 6.6 | AE100: 3027 | AH100: A
B101: MOUSEPAD FANTECH CORDURA MPC900 90x40x3 | C101: I01109 | E101: 46230 | F101: 5 | G101: =(D101-(0)+0-(F101*Ventas!AE77*1.8000)) | I101: 0 | J101: =IF(G101>0,G101+I101,I101) | L101: 20 | M101: 0.003177 | N101: 46275 | O101: 45 | P101: =(IF(G101>0,G101+I101,I101)-(O101*Ventas!AE77*1.0044)) | R101: 0 | S101: =IF(P101>0,P101+R101,R101) | U101: 20 | V101: 0.003177 | W101: 46331 | X101: 56 | Y101: =(IF(P101>0,P101+R101,R101)-(X101*Ventas!AE77*0.9018)) | AA101: =(100*(Ventas!AE77*1.2350) - IF(Y101>0,Y101,0)) | AB101: =IF(AA101>0,AA101,0) | AC101: =IF(Y101>0,Y101+IF(AB101>0,AB101,0),AB101) | AD101: 11.9 | AE101: 3027 | AH101: A
...
