Workbook

Sheet Ventas
A1: Articulo | B1: Descripcion | C1: Codigos Barras | D1: Vta.Ago/25 | E1: Vta.Sep/25 | F1: Vta.Oct/25 | G1: Vta.Nov/25 | H1: Vta.Dic/25 | I1: Vta.Ene/26 | J1: Vta.Feb/26 | K1: Vta.Mar/26 | L1: Vta.Abr/26 | M1: Vta.May/26 | N1: Vta.Jun/26 | O1: Vta.Jul/26 | P1: Vta.Ago/26 | Q1: Ago/25 | R1: Sep/25 | S1: Oct/25 | T1: Nov/25 | U1: Dic/25 | V1: Ene/26 | W1: Feb/26 | X1: Mar/26 | Y1: Abr/26 | Z1: May/26 | AA1: Jun/26 | AB1: Jul/26 | AC1: Ago/26 | AD1: Rotacion DesEstac. | AE1: Rot. Manual | AF1: Estado Art.
A2: I01231 | B2: PARLANTE BLUETOOTH BL14 BK 6W FONENG | Q2: 0 | R2: 0 | S2: 0 | T2: 0 | U2: 0 | V2: 0 | W2: 0 | X2: 0 | Y2: 0 | Z2: 0 | AA2: 0 | AB2: 0 | AC2: 0 | AF2: D
A3: I01232 | B3: PARLANTE BARRA BL12 BT 10W FONENG | F3: 6 | G3: 1 | J3: 2 | K3: 2 | L3: 2 | M3: 2 | N3: 3 | O3: 4 | Q3: 0 | R3: 0 | S3: 0.2727 | T3: 0 | U3: 0 | V3: 0 | W3: 0.119 | X3: 0.0645 | Y3: 0.0784 | Z3: 0.0645 | AA3: 0.1053 | AB3: 0.1173 | AC3: 0 | AD3: 0.061 | AE3: 0.061 | AF3: A
A4: I01235 | B4: PARLANTE BLUETOOTH FONENG BL10 LONG STANDBY RED | Q4: 0 | R4: 0 | S4: 0 | T4: 0 | U4: 0 | V4: 0 | W4: 0 | X4: 0 | Y4: 0 | Z4: 0 | AA4: 0 | AB4: 0 | AC4: 0 | AF4: A
A5: I01397 | B5: PARLANTE BT BL15 8W FULL RGB FONENG | J5: 3 | N5: 1 | Q5: 0 | R5: 0 | S5: 0 | T5: 0 | U5: 0 | V5: 0 | W5: 0.1786 | X5: 0 | Y5: 0 | Z5: 0 | AA5: 0.0351 | AB5: 0 | AC5: 0 | AD5: 0.0178 | AE5: 0.0178 | AF5: A
A6: HX017 | B6: BOLSAS FONENG 388X282MM | Q6: 0 | R6: 0 | S6: 0 | T6: 0 | U6: 0 | V6: 0 | W6: 0 | X6: 0 | Y6: 0 | Z6: 0 | AA6: 0 | AB6: 0 | AC6: 0 | AF6: D
A7: HX018 | B7: EXHIBIDOR FONENG W1 1.8MX0.6M METAL | Q7: 0 | R7: 0 | S7: 0 | T7: 0 | U7: 0 | V7: 0 | W7: 0 | X7: 0 | Y7: 0 | Z7: 0 | AA7: 0 | AB7: 0 | AC7: 0 | AF7: A
A8: HX019 | B8: EXHIBIDOR FONENG W2 2.2MX1MX0.3M | Q8: 0 | R8: 0 | S8: 0 | T8: 0 | U8: 0 | V8: 0 | W8: 0 | X8: 0 | Y8: 0 | Z8: 0 | AA8: 0 | AB8: 0 | AC8: 0 | AF8: D
A9: HX020 | B9: EXHIBIDOR FONENG F1 2.25MX1MX0.3M | Q9: 0 | R9: 0 | S9: 0 | T9: 0 | U9: 0 | V9: 0 | W9: 0 | X9: 0 | Y9: 0 | Z9: 0 | AA9: 0 | AB9: 0 | AC9: 0 | AF9: D
A10: HX023 | B10: EXHIBIDOR FONENG W3 1.39MX0.6MX0.21M | Q10: 0 | R10: 0 | S10: 0 | T10: 0 | U10: 0 | V10: 0 | W10: 0 | X10: 0 | Y10: 0 | Z10: 0 | AA10: 0 | AB10: 0 | AC10: 0 | AF10: D
A11: HX025 | B11: EXHIBIDOR FONENG F1B 2.25MX0.6MX0.3M | Q11: 0 | R11: 0 | S11: 0 | T11: 0 | U11: 0 | V11: 0 | W11: 0 | X11: 0 | Y11: 0 | Z11: 0 | AA11: 0 | AB11: 0 | AC11: 0 | AF11: D
A12: I001397 | B12: NO USAR | Q12: 0 | R12: 0 | S12: 0 | T12: 0 | U12: 0 | V12: 0 | W12: 0 | X12: 0 | Y12: 0 | Z12: 0 | AA12: 0 | AB12: 0 | AC12: 0 | AF12: A
A13: I01216 | B13: AURICULARES T29 BLACK HEAVY BASS FONENG | Q13: 0 | R13: 0 | S13: 0 | T13: 0 | U13: 0 | V13: 0 | W13: 0 | X13: 0 | Y13: 0 | Z13: 0 | AA13: 0 | AB13: 0 | AC13: 0 | AF13: D
A14: I01217 | B14: AURICULARES T57 BK FONENG | Q14: 0 | R14: 0 | S14: 0 | T14: 0 | U14: 0 | V14: 0 | W14: 0 | X14: 0 | Y14: 0 | Z14: 0 | AA14: 0 | AB14: 0 | AC14: 0 | AF14: A
A15: I01218 | B15: AURICULARES T42 RED METAL FONENG | F15: 2 | K15: -1 | Q15: 0 | R15: 0 | S15: 0 | T15: 0 | U15: 0 | V15: 0 | W15: 0 | X15: 0 | Y15: 0 | Z15: 0 | AA15: 0 | AB15: 0 | AC15: 0 | AF15: D
A16: I01219 | B16: AURICULARES TIPO-C T15 FONENG | E16: 59 | F16: 55 | G16: 86 | H16: 42 | I16: 1 | J16: 1 | K16: 54 | L16: 66 | Q16: 0 | R16: 3.0102 | S16: 1.7742 | T16: 2.1078 | U16: 2.7451 | V16: 0 | W16: 0 | X16: 2.4545 | Y16: 3.022 | Z16: 0 | AA16: 0 | AB16: 0 | AC16: 0 | AD16: 1.941 | AE16: 1.941 | AF16: D
A17: I01220 | B17: AURICULARES iPHONE T28 BT FONENG | D17: 40 | E17: 45 | F17: 19 | G17: 36 | H17: 93 | I17: 32 | J17: 7 | K17: 38 | L17: 30 | M17: 36 | N17: 40 | O17: 54 | Q17: 1.2903 | R17: 2.1429 | S17: 0.6129 | T17: 0.8824 | U17: 1.7647 | V17: 1.7204 | W17: 0.4167 | X17: 1.2258 | Y17: 1.1905 | Z17: 1.1613 | AA17: 1.4815 | AB17: 1.34 | AC17: 0 | AD17: 1.2691 | AE17: 1.2691 | AF17: A
A18: I01233 | B18: AURICULAR DIADEMA BLUETOOTH FONENG BL50 BLACK | Q18: 0 | R18: 0 | S18: 0 | T18: 0 | U18: 0 | V18: 0 | W18: 0 | X18: 0 | Y18: 0 | Z18: 0 | AA18: 0 | AB18: 0 | AC18: 0 | AF18: A
A19: I01234 | B19: AURICULAR BLUETOOTH FONENG BL32 BLACK SILICONA | Q19: 0 | R19: 0 | S19: 0 | T19: 0 | U19: 0 | V19: 0 | W19: 0 | X19: 0 | Y19: 0 | Z19: 0 | AA19: 0 | AB19: 0 | AC19: 0 | AF19: A
A20: I01239 | B20: AURICULARES TIPO-C T61 FONENG BLANCO | D20: 77 | E20: 69 | F20: 23 | G20: 40 | H20: 129 | I20: 48 | J20: 108 | K20: 74 | L20: 56 | N20: 1 | Q20: 2.4839 | R20: 3.2857 | S20: 0.7419 | T20: 1.8382 | U20: 2.7101 | V20: 2.5806 | W20: 6.4286 | X20: 2.3871 | Y20: 4.1667 | Z20: 0 | AA20: 0 | AB20: 0 | AC20: 0 | AD20: 2.9846 | AE20: 2.9846 | AF20: A
A21: I01252 | B21: POWER BANK P51 BK 22.5W 10.000mAh FONENG | Q21: 0 | R21: 0 | S21: 0 | T21: 0 | U21: 0 | V21: 0 | W21: 0 | X21: 0 | Y21: 0 | Z21: 0 | AA21: 0 | AB21: 0 | AC21: 0 | AF21: A
A22: I01253 | B22: POWER BANK P51 WHITE 22.5W 10.000mAh FONENG | Q22: 0 | R22: 0 | S22: 0 | T22: 0 | U22: 0 | V22: 0 | W22: 0 | X22: 0 | Y22: 0 | Z22: 0 | AA22: 0 | AB22: 0 | AC22: 0 | AF22: A
A23: I01254 | B23: POWER BANK P52 BK 20.000mAh 22.5W FONENG | Q23: 0 | R23: 0 | S23: 0 | T23: 0 | U23: 0 | V23: 0 | W23: 0 | X23: 0 | Y23: 0 | Z23: 0 | AA23: 0 | AB23: 0 | AC23: 0 | AF23: A
A24: I01255 | B24: POWER BANK P52 WHITE 20.000mAh 22.5W FONENG | Q24: 0 | R24: 0 | S24: 0 | T24: 0 | U24: 0 | V24: 0 | W24: 0 | X24: 0 | Y24: 0 | Z24: 0 | AA24: 0 | AB24: 0 | AC24: 0 | AF24: A
A25: I01285 | B25: AURICULARES CABL. T63 PURPLE METAL FONENG | D25: 3 | E25: 9 | F25: 4 | H25: 5 | I25: 1 | J25: 12 | L25: 2 | N25: 7 | O25: 8 | Q25: 0.0968 | R25: 0.4286 | S25: 0.129 | T25: 0 | U25: 0.0949 | V25: 0.0538 | W25: 0.7143 | X25: 0 | Y25: 0.0794 | Z25: 0 | AA25: 0.2593 | AB25: 0.1985 | AC25: 0 | AD25: 0.1712 | AE25: 0.1712 | AF25: D
A26: I01286 | B26: AURICULARES CABL. T63 GRAY METAL FONENG | D26: 3 | E26: 12 | F26: 7 | G26: 13 | H26: 10 | I26: 12 | Q26: 0.0968 | R26: 0.5714 | S26: 0.2258 | T26: 0.3186 | U26: 0.1898 | V26: 3.3333 | W26: 0 | X26: 0 | Y26: 0 | Z26: 0 | AA26: 0 | AB26: 0 | AC26: 0 | AD26: 0.2805 | AE26: 0.2805 | AF26: D
A27: I01287 | B27: AURICULARES CABL. T63 BLUE METAL FONENG | D27: 5 | E27: 27 | F27: 5 | G27: 11 | H27: 7 | I27: 4 | J27: 12 | K27: 11 | L27: 14 | M27: 12 | N27: 10 | O27: 29 | Q27: 0.1613 | R27: 1.2857 | S27: 0.1613 | T27: 0.2696 | U27: 0.1328 | V27: 0.2151 | W27: 0.7143 | X27: 0.3548 | Y27: 0.5556 | Z27: 0.3871 | AA27: 0.3704 | AB27: 0.7196 | AC27: 0 | AD27: 0.444 | AE27: 0.444 | AF27: D
A28: I01288 | B28: AURICULARES T42 BLACK METAL FONENG | Q28: 0 | R28: 0 | S28: 0 | T28: 0 | U28: 0 | V28: 0 | W28: 0 | X28: 0 | Y28: 0 | Z28: 0 | AA28: 0 | AB28: 0 | AC28: 0 | AF28: D
A29: I01289 | B29: AURICULARES T29 WHITE HEAVY BASS FONENG | Q29: 0 | R29: 0 | S29: 0 | T29: 0 | U29: 0 | V29: 0 | W29: 0 | X29: 0 | Y29: 0 | Z29: 0 | AA29: 0 | AB29: 0 | AC29: 0 | AF29: D
A30: I01290 | B30: KIT AURICULARES T46 WHITE 20PCS FONENG | D30: 3 | E30: 9 | F30: 12 | G30: 10 | H30: 4 | I30: 4 | J30: 2 | K30: 6 | L30: 3 | M30: 2 | O30: 1 | Q30: 0.0968 | R30: 0.4286 | S30: 0.3871 | T30: 0.2451 | U30: 0.0759 | V30: 0.2151 | W30: 0.119 | X30: 0.1935 | Y30: 0.1374 | Z30: 0 | AA30: 0 | AB30: 0 | AC30: 0 | AD30: 0.2201 | AE30: 0.2201 | AF30: D
A31: I01291 | B31: SINTONIZADOR CARG. AUTO BC01 2 USB 2.1A FONENG | Q31: 0 | R31: 0 | S31: 0 | T31: 0 | U31: 0 | V31: 0 | W31: 0 | X31: 0 | Y31: 0 | Z31: 0 | AA31: 0 | AB31: 0 | AC31: 0 | AF31: D
A32: I01342 | B32: AURICULARES T46 WHITE FONENG | D32: 9 | E32: 4 | G32: 2 | H32: 2 | I32: 2 | K32: 1 | L32: 4 | M32: 1 | N32: 3 | Q32: 0 | R32: 0 | S32: 0 | T32: 0 | U32: 0 | V32: 0 | W32: 0 | X32: 0 | Y32: 0 | Z32: 0 | AA32: 0 | AB32: 0 | AC32: 0 | AF32: D
A33: I01387 | B33: AURICULARES T36 TIPO-C DIGITAL COMP FONENG | Q33: 0 | R33: 0 | S33: 0 | T33: 0 | U33: 0 | V33: 0 | W33: 0 | X33: 0 | Y33: 0 | Z33: 0 | AA33: 0 | AB33: 0 | AC33: 0 | AF33: A
A34: I01388 | B34: AURICULARES CABL. T59 BLACK IN-EAR FONENG | G34: 1 | M34: -1 | O34: 1 | Q34: 0 | R34: 0 | S34: 0 | T34: 0 | U34: 0 | V34: 0 | W34: 0 | X34: 0 | Y34: 0 | Z34: 0 | AA34: 0 | AB34: 0 | AC34: 0 | AF34: D
A35: I01389 | B35: AURICULARES CABL. T59 WHITE IN-EAR FONENG | Q35: 0 | R35: 0 | S35: 0 | T35: 0 | U35: 0 | V35: 0 | W35: 0 | X35: 0 | Y35: 0 | Z35: 0 | AA35: 0 | AB35: 0 | AC35: 0 | AF35: D
A36: I01399 | B36: REMERA FONENG M | Q36: 0 | R36: 0 | S36: 0 | T36: 0 | U36: 0 | V36: 0 | W36: 0 | X36: 0 | Y36: 0 | Z36: 0 | AA36: 0 | AB36: 0 | AC36: 0 | AF36: A
A37: I01400 | B37: REMERA FONENG L | Q37: 0 | R37: 0 | S37: 0 | T37: 0 | U37: 0 | V37: 0 | W37: 0 | X37: 0 | Y37: 0 | Z37: 0 | AA37: 0 | AB37: 0 | AC37: 0 | AF37: A
A38: I01401 | B38: REMERA FONENG XL | Q38: 0 | R38: 0 | S38: 0 | T38: 0 | U38: 0 | V38: 0 | W38: 0 | X38: 0 | Y38: 0 | Z38: 0 | AA38: 0 | AB38: 0 | AC38: 0 | AF38: A
A39: I01402 | B39: REMERA FONENG 2XL | Q39: 0 | R39: 0 | S39: 0 | T39: 0 | U39: 0 | V39: 0 | W39: 0 | X39: 0 | Y39: 0 | Z39: 0 | AA39: 0 | AB39: 0 | AC39: 0 | AF39: A
A40: I01481 | B40: NO USAR--CAR TIP-C EU 46 3 A FON--NO USAR | Q40: 0 | R40: 0 | S40: 0 | T40: 0 | U40: 0 | V40: 0 | W40: 0 | X40: 0 | Y40: 0 | Z40: 0 | AA40: 0 | AB40: 0 | AC40: 0 | AF40: A
A41: I01482 | B41: NO USAR--CAR. MIC EU 46 3 A FON--NO USAR | Q41: 0 | R41: 0 | S41: 0 | T41: 0 | U41: 0 | V41: 0 | W41: 0 | X41: 0 | Y41: 0 | Z41: 0 | AA41: 0 | AB41: 0 | AC41: 0 | AF41: D
A42: I01483 | B42: NO USAR--CAR MI EU 45 2.4 A FON--NO USAR | Q42: 0 | R42: 0 | S42: 0 | T42: 0 | U42: 0 | V42: 0 | W42: 0 | X42: 0 | Y42: 0 | Z42: 0 | AA42: 0 | AB42: 0 | AC42: 0 | AF42: A
A43: I01654 | B43: AURICULARES CABL. T33 WHITE IN-EAR 3D FONENG (T59) | G43: 1 | H43: 106 | I43: 12 | J43: 3 | K43: 2 | L43: 13 | M43: 6 | N43: 54 | O43: 21 | Q43: 0 | R43: 0 | S43: 0 | T43: 0 | U43: 2.2269 | V43: 0.6452 | W43: 0.1786 | X43: 0.0645 | Y43: 0.5159 | Z43: 0.1935 | AA43: 2 | AB43: 0.5211 | AC43: 0 | AD43: 0.5884 | AE43: 0.5884 | AF43: A
A44: I01655 | B44: AURICULARES CABL. EP500 BLACK IN-EAR FONENG(T59) | D44: 94 | E44: 245 | H44: 120 | I44: 74 | J44: 28 | K44: 5 | L44: 23 | M44: 27 | N44: 170 | O44: 61 | Q44: 3.0323 | R44: 12.069 | S44: 0 | T44: 0 | U44: 4.7059 | V44: 5.3623 | W44: 1.6667 | X44: 0.1613 | Y44: 0.9127 | Z44: 0.871 | AA44: 6.2963 | AB44: 1.5136 | AC44: 0 | AD44: 2.0648 | AE44: 2.0648 | AF44: A
A45: I01942 | B45: AURICULARES T41 BLANCO / NEGRO FONENG | Q45: 0 | R45: 0 | S45: 0 | T45: 0 | U45: 0 | V45: 0 | W45: 0 | X45: 0 | Y45: 0 | Z45: 0 | AA45: 0 | AB45: 0 | AC45: 0 | AF45: D
A46: I01943 | B46: AURICULARES CABL. T41 BLACK FONENG | D46: 37 | Q46: 7.4 | R46: 0 | S46: 0 | T46: 0 | U46: 0 | V46: 0 | W46: 0 | X46: 0 | Y46: 0 | Z46: 0 | AA46: 0 | AB46: 0 | AC46: 0 | AF46: D
A47: I02197 | B47: AURICULARES CABL. T67 IN-EAR BK METAL FONENG | M47: 6 | N47: 13 | O47: 3 | P47: 10 | Q47: 0 | R47: 0 | S47: 0 | T47: 0 | U47: 0 | V47: 0 | W47: 0 | X47: 0 | Y47: 0 | Z47: 0.1935 | AA47: 0.4815 | AB47: 0.0744 | AC47: 0.3226 | AD47: 0.2498 | AE47: 0.2498 | AF47: A
A48: I02198 | B48: AURICULARES CABL. T67 IN-EAR BLUE METAL FONENG | M48: 1 | N48: 11 | O48: 12 | Q48: 0 | R48: 0 | S48: 0 | T48: 0 | U48: 0 | V48: 0 | W48: 0 | X48: 0 | Y48: 0 | Z48: 0.0323 | AA48: 0.4074 | AB48: 0.2978 | AC48: 0 | AD48: 0.2458 | AE48: 0.2458 | AF48: A
A49: I02199 | B49: AURICULARES CABL. T67 SILVER METAL IN-EAR FONENG | D49: 6 | E49: 28 | F49: 6 | G49: 38 | I49: 18 | J49: 10 | K49: 18 | L49: 10 | M49: 10 | N49: 3 | O49: 27 | Q49: 1 | R49: 1.4286 | S49: 0.1935 | T49: 0.9314 | U49: 0 | V49: 0.9677 | W49: 0.5952 | X49: 0.5806 | Y49: 0.3968 | Z49: 0.3226 | AA49: 0.1111 | AB49: 0.67 | AC49: 0 | AD49: 0.4769 | AE49: 0.4769 | AF49: A
A50: I02203 | B50: AURICULARES CABL. T57 WHITE IN-EAR FONENG (T59) | D50: 155 | H50: 74 | I50: 103 | J50: 6 | K50: 10 | L50: 47 | M50: 114 | N50: 10 | O50: 110 | P50: 6 | Q50: 7.381 | R50: 0 | S50: 0 | T50: 0 | U50: 1.5546 | V50: 5.5376 | W50: 0.3571 | X50: 0.3226 | Y50: 55.9524 | Z50: 3.6774 | AA50: 0.3704 | AB50: 2.7295 | AC50: 2 | AD50: 2.1658 | AE50: 2.1658 | AF50: A
A51: I02407 | B51: AURICULARES CABL. EP100 BLACK FONENG | H51: 32 | I51: 16 | J51: 8 | K51: 15 | L51: 21 | M51: 8 | N51: 86 | O51: 44 | Q51: 0 | R51: 0 | S51: 0 | T51: 0 | U51: 0.6723 | V51: 0.8602 | W51: 0.4762 | X51: 0.4839 | Y51: 0.8333 | Z51: 0.2581 | AA51: 3.1852 | AB51: 1.0918 | AC51: 0 | AD51: 1.027 | AE51: 1.027 | AF51: D
A52: I02408 | B52: AURICULARES CABL. EP100 WHITE FONENG | H52: 30 | I52: 10 | J52: 8 | L52: 9 | M52: 6 | N52: 80 | O52: 6 | Q52: 0 | R52: 0 | S52: 0 | T52: 0 | U52: 0.6303 | V52: 0.5376 | W52: 0.4762 | X52: 0 | Y52: 0.3571 | Z52: 0.1935 | AA52: 2.963 | AB52: 0.1489 | AC52: 0 | AD52: 0.668 | AE52: 0.668 | AF52: D
A53: I02481 | B53: AURICULARES TIPO-C T65 BLANCO IN-EAR FONENG | I53: 5 | J53: 17 | K53: 1 | L53: 50 | M53: 8 | N53: 59 | O53: 11 | Q53: 0 | R53: 0 | S53: 0 | T53: 0 | U53: 0 | V53: 0.3623 | W53: 1.0119 | X53: 0.0323 | Y53: 1.9841 | Z53: 0.2581 | AA53: 2.1852 | AB53: 0 | AC53: 0 | AD53: 1.0943 | AE53: 1.0943 | AF53: A
A54: I02486 | B54: AURICULARES CABL. T15 WHITE 3.5mm FONENG | I54: 3 | J54: 130 | K54: 67 | L54: 167 | M54: 34 | N54: 35 | O54: 89 | P54: 10 | Q54: 0 | R54: 0 | S54: 0 | T54: 0 | U54: 0 | V54: 0.2174 | W54: 7.7381 | X54: 2.1613 | Y54: 6.627 | Z54: 1.0968 | AA54: 1.2963 | AB54: 2.2084 | AC54: 0.3226 | AD54: 3.5213 | AE54: 3.5213 | AF54: A
A55: I02614 | B55: AURICULARES TIPO-C T36 FONENG BLANCO | M55: 76 | N55: 87 | O55: 103 | P55: 10 | Q55: 0 | R55: 0 | S55: 0 | T55: 0 | U55: 0 | V55: 0 | W55: 0 | X55: 0 | Y55: 0 | Z55: 2.4516 | AA55: 3.2222 | AB55: 2.5558 | AC55: 0.3226 | AD55: 2.7432 | AE55: 2.7432 | AF55: A
A56: I01214 | B56: CABLE TIPO-C X63/XS01 2.1A 1MT FONENG | D56: 459 | E56: 141 | H56: 405 | I56: 236 | J56: 344 | K56: 425 | L56: 113 | M56: 232 | N56: 85 | O56: 451 | Q56: 14.8065 | R56: 12.8182 | S56: 0 | T56: 0 | U56: 14.4643 | V56: 7.6129 | W56: 12.2857 | X56: 13.7097 | Y56: 3.7667 | Z56: 7.4839 | AA56: 2.8333 | AB56: 14.5484 | AC56: 0 | AD56: 9.6309 | AE56: 9.6309 | AF56: A
A57: I01215 | B57: CABLE IPHONE X30 1MT MAGNETIC/LED FONENG | E57: 6 | G57: 10 | H57: 5 | J57: 2 | N57: 10 | Q57: 0 | R57: 0.2 | S57: 0 | T57: 0.3333 | U57: 0.1613 | V57: 0 | W57: 0.0714 | X57: 0 | Y57: 0 | Z57: 0 | AA57: 0.3333 | AB57: 0 | AC57: 0 | AD57: 0.0916 | AE57: 0.0916 | AF57: D
A58: I01225 | B58: CABLE TIPO-C EU27 3A FONENG | Q58: 0 | R58: 0 | S58: 0 | T58: 0 | U58: 0 | V58: 0 | W58: 0 | X58: 0 | Y58: 0 | Z58: 0 | AA58: 0 | AB58: 0 | AC58: 0 | AF58: A
A59: I01226 | B59: CABLE TIPO-C EU28 2.4A FONENG | Q59: 0 | R59: 0 | S59: 0 | T59: 0 | U59: 0 | V59: 0 | W59: 0 | X59: 0 | Y59: 0 | Z59: 0 | AA59: 0 | AB59: 0 | AC59: 0 | AF59: A
A60: I01228 | B60: CABLE TIPO-C X69 3A GOMA FONENG | Q60: 0 | R60: 0 | S60: 0 | T60: 0 | U60: 0 | V60: 0 | W60: 0 | X60: 0 | Y60: 0 | Z60: 0 | AA60: 0 | AB60: 0 | AC60: 0 | AF60: A
A61: I01229 | B61: CABLE IPHONE X69 3A GOMA FONENG | Q61: 0 | R61: 0 | S61: 0 | T61: 0 | U61: 0 | V61: 0 | W61: 0 | X61: 0 | Y61: 0 | Z61: 0 | AA61: 0 | AB61: 0 | AC61: 0 | AF61: A
A62: I01238 | B62: CABLE IPHONE X77 FONENG | Q62: 0 | R62: 0 | S62: 0 | T62: 0 | U62: 0 | V62: 0 | W62: 0 | X62: 0 | Y62: 0 | Z62: 0 | AA62: 0 | AB62: 0 | AC62: 0 | AF62: A
A63: I01261 | B63: BOTELLON 30 CABLES XS06 TIPO-C 1M 2.4A FONENG | D63: 6 | E63: 3 | F63: 3 | G63: 3 | H63: 2 | I63: 4 | J63: 11 | K63: 8 | L63: 13 | M63: 5 | Q63: 0.1935 | R63: 0.1 | S63: 0.0968 | T63: 0.1 | U63: 0.0645 | V63: 0.129 | W63: 0.3929 | X63: 0.2581 | Y63: 0.4333 | Z63: 0.3846 | AA63: 0 | AB63: 0 | AC63: 0 | AD63: 0.1965 | AE63: 0.1965 | AF63: A
A64: I01262 | B64: BOTELLON 30 CABLES XS06 IPHONE 1M 2.4A FONENG | D64: 5 | E64: 10 | F64: 3 | G64: 2 | J64: 1 | K64: 7 | L64: 22 | M64: 6 | N64: 6 | O64: 2 | Q64: 0.1613 | R64: 0.3333 | S64: 0.2 | T64: 0 | U64: 0 | V64: 0 | W64: 0.0357 | X64: 0.2258 | Y64: 1.375 | Z64: 0.1935 | AA64: 0.2 | AB64: 0.0645 | AC64: 0 | AD64: 0.1734 | AE64: 0.1734 | AF64: A
A65: I01263 | B65: CABLE TIPO-C 90° X70 3A 1MT TRENZADO FONENG | E65: 2 | M65: 1 | Q65: 0 | R65: 0 | S65: 0 | T65: 0 | U65: 0 | V65: 0 | W65: 0 | X65: 0 | Y65: 0 | Z65: 0 | AA65: 0 | AB65: 0 | AC65: 0 | AF65: D
A66: I01264 | B66: CABLE IPHONE 90° X70 3A 1MT TRENZADO FONENG | D66: 16 | E66: 10 | F66: 10 | H66: 6 | K66: 5 | L66: 6 | M66: 10 | Q66: 0.5161 | R66: 0.3333 | S66: 0.3226 | T66: 0 | U66: 0.1935 | V66: 0 | W66: 0 | X66: 0.1613 | Y66: 0.2 | Z66: 0.3226 | AA66: 0 | AB66: 0 | AC66: 0 | AD66: 0.1708 | AE66: 0.1708 | AF66: D
A67: I01265 | B67: CABLE TIPO-C X66 3A 1MT FONENG | D67: 195 | E67: 241 | F67: 162 | G67: 37 | H67: 114 | I67: 261 | J67: 180 | K67: 107 | L67: 204 | M67: 89 | N67: 114 | O67: 166 | Q67: 6.2903 | R67: 8.0333 | S67: 5.2258 | T67: 3.3636 | U67: 4.0714 | V67: 8.4194 | W67: 6.4286 | X67: 3.4516 | Y67: 6.8 | Z67: 2.871 | AA67: 3.8 | AB67: 5.3548 | AC67: 0 | AD67: 5.6675 | AE67: 5.6675 | AF67: A
A68: I01266 | B68: CABLE IPHONE X66 2.4A 1MT FONENG | D68: 141 | E68: 101 | F68: 208 | G68: 51 | H68: 113 | I68: 126 | J68: 136 | K68: 90 | L68: 101 | M68: 148 | N68: 73 | O68: 209 | Q68: 7.05 | R68: 3.6071 | S68: 6.7097 | T68: 12.75 | U68: 4.0357 | V68: 4.0645 | W68: 4.8571 | X68: 2.9032 | Y68: 3.3667 | Z68: 4.7742 | AA68: 2.4333 | AB68: 6.7419 | AC68: 0 | AD68: 4.4813 | AE68: 4.4813 | AF68: A
A69: I01267 | B69: CABLE TIPO-C X66 3A -2MT- FONENG | D69: 223 | E69: 50 | F69: 53 | G69: 89 | H69: 48 | I69: 157 | J69: 101 | K69: 66 | L69: 47 | M69: 42 | N69: 55 | O69: 106 | Q69: 7.1935 | R69: 1.6667 | S69: 1.7097 | T69: 2.9667 | U69: 1.5484 | V69: 5.0645 | W69: 3.6071 | X69: 2.129 | Y69: 1.5667 | Z69: 1.3548 | AA69: 1.8333 | AB69: 3.4194 | AC69: 0 | AD69: 2.8383 | AE69: 2.8383 | AF69: A
A70: I01268 | B70: CABLE IPHONE X66 2.4A -2MT- FONENG | D70: 61 | E70: 35 | F70: 35 | G70: 153 | H70: 13 | I70: 54 | J70: 40 | K70: 31 | L70: 13 | M70: 60 | N70: 41 | O70: 83 | Q70: 1.9677 | R70: 1.1667 | S70: 1.129 | T70: 11.7692 | U70: 0.4643 | V70: 1.7419 | W70: 1.4286 | X70: 1 | Y70: 0.4333 | Z70: 1.9355 | AA70: 1.3667 | AB70: 2.6774 | AC70: 0 | AD70: 1.4847 | AE70: 1.4847 | AF70: A
A71: I01269 | B71: CABLE MICRO X63/XS01 2.1A 1MT FONENG | D71: 258 | E71: 217 | F71: 175 | G71: 48 | H71: 193 | I71: 52 | J71: 52 | K71: 200 | L71: 160 | M71: 59 | N71: 47 | O71: 103 | Q71: 8.3226 | R71: 7.2333 | S71: 5.6452 | T71: 1.6 | U71: 6.2258 | V71: 1.6774 | W71: 1.8571 | X71: 6.4516 | Y71: 5.3333 | Z71: 1.9032 | AA71: 1.5667 | AB71: 3.3226 | AC71: 0 | AD71: 4.2616 | AE71: 4.2616 | AF71: A
A72: I01270 | B72: CABLE IPHONE X63/XS01 2.1A 1MT FONENG | E72: 352 | F72: 8 | H72: 199 | I72: 276 | J72: 249 | K72: 279 | L72: 94 | M72: 344 | N72: 57 | O72: 367 | Q72: 0 | R72: 12.5714 | S72: 1.6 | T72: 0 | U72: 7.1071 | V72: 8.9032 | W72: 8.8929 | X72: 9 | Y72: 3.1333 | Z72: 11.0968 | AA72: 1.9 | AB72: 11.8387 | AC72: 0 | AD72: 7.8236 | AE72: 7.8236 | AF72: A
A73: I01271 | B73: CABLE 3 EN 1 X36 2.4A 1.2MT TIPO-C/IPH/MIC FONENG | D73: 16 | E73: 27 | F73: 20 | G73: 14 | H73: 8 | Q73: 0.5161 | R73: 0.9 | S73: 0.6452 | T73: 0.4667 | U73: 0.8889 | V73: 0 | W73: 0 | X73: 0 | Y73: 0 | Z73: 0 | AA73: 0 | AB73: 0 | AC73: 0 | AD73: 0.632 | AE73: 0.632 | AF73: D
A74: I01272 | B74: CABLE TIPO-C X79 METAL/RGB 3A 66W 1MT FONENG | D74: 40 | E74: 28 | F74: 38 | G74: 60 | I74: 3 | J74: 15 | K74: 53 | L74: 96 | M74: 55 | N74: 33 | Q74: 1.2903 | R74: 0.9333 | S74: 1.2258 | T74: 2.4 | U74: 0 | V74: 0.1304 | W74: 0.5357 | X74: 1.7097 | Y74: 3.2 | Z74: 1.7742 | AA74: 1.5 | AB74: 0 | AC74: 0 | AD74: 1.5241 | AE74: 1.5241 | AF74: A
A75: I01273 | B75: CABLE IPHONE X79 METAL/RGB 3A 1MT FONENG SUPERFAST | D75: 31 | E75: 20 | F75: 16 | G75: 15 | H75: 6 | I75: 4 | J75: 16 | K75: 31 | L75: 47 | M75: 18 | Q75: 1 | R75: 0.6667 | S75: 0.5161 | T75: 0.5 | U75: 0.1935 | V75: 0.129 | W75: 0.5714 | X75: 1 | Y75: 1.5667 | Z75: 3.6 | AA75: 0 | AB75: 0 | AC75: 0 | AD75: 0.6826 | AE75: 0.6826 | AF75: A
A76: I01274 | B76: CABLE TIPO-C X15 WHI 2.4A 1.2MT TRENZ FONENG | N76: 1 | Q76: 0 | R76: 0 | S76: 0 | T76: 0 | U76: 0 | V76: 0 | W76: 0 | X76: 0 | Y76: 0 | Z76: 0 | AA76: 0 | AB76: 0 | AC76: 0 | AF76: D
A77: I01275 | B77: CABLE TIPO-C X15 BK 2.4A 1.2MT TRENZ FONENG | Q77: 0 | R77: 0 | S77: 0 | T77: 0 | U77: 0 | V77: 0 | W77: 0 | X77: 0 | Y77: 0 | Z77: 0 | AA77: 0 | AB77: 0 | AC77: 0 | AF77: D
A78: I01276 | B78: CABLE IPHONE X15 WHI 2.4A 1.2MT TRENZ FONENG | D78: 6 | G78: 1 | Q78: 1.5 | R78: 0 | S78: 0 | T78: 0 | U78: 0 | V78: 0 | W78: 0 | X78: 0 | Y78: 0 | Z78: 0 | AA78: 0 | AB78: 0 | AC78: 0 | AF78: D
A79: I01277 | B79: CABLE IPHONE X15 BK 2.4A 1.2MT TRENZ FONENG | Q79: 0 | R79: 0 | S79: 0 | T79: 0 | U79: 0 | V79: 0 | W79: 0 | X79: 0 | Y79: 0 | Z79: 0 | AA79: 0 | AB79: 0 | AC79: 0 | AF79: D
A80: I01279 | B80: CABLE DE AUDIO 3.5MM BM23 BK 1M FONENG | D80: 8 | E80: 39 | F80: 4 | H80: 12 | Q80: 0.2581 | R80: 1.3 | S80: 0.129 | T80: 0 | U80: 1.5 | V80: 0 | W80: 0 | X80: 0 | Y80: 0 | Z80: 0 | AA80: 0 | AB80: 0 | AC80: 0 | AD80: 0.4218 | AE80: 0.4218 | AF80: D
A81: I01280 | B81: CABLE DE AUDIO 3.5MM BM23 WHITE 1M FONENG | D81: 20 | E81: 1 | G81: 12 | H81: 25 | I81: 5 | J81: 5 | K81: 8 | L81: 16 | M81: -10 | N81: 46 | O81: 6 | Q81: 0.6452 | R81: 0.0333 | S81: 0 | T81: 0.4 | U81: 0.8065 | V81: 0.1613 | W81: 0.1786 | X81: 0.2581 | Y81: 0.5333 | Z81: -0.3226 | AA81: 1.5333 | AB81: 0.1935 | AC81: 0 | AD81: 0.3684 | AE81: 0.3684 | AF81: D
A82: I01281 | B82: CABLE ADAPTADOR BM21 AUDIO TIPO-C A 3.5MM FONENG | D82: 58 | E82: 47 | F82: 49 | G82: 75 | H82: 102 | I82: 113 | J82: 49 | K82: 113 | L82: 103 | M82: 24 | N82: 151 | O82: 57 | Q82: 1.871 | R82: 1.5667 | S82: 1.5806 | T82: 2.5 | U82: 3.2903 | V82: 3.6452 | W82: 1.75 | X82: 3.6452 | Y82: 3.4333 | Z82: 0.7742 | AA82: 5.0333 | AB82: 1.8387 | AC82: 0 | AD82: 2.5774 | AE82: 2.5774 | AF82: A
A83: I01282 | B83: CABLE ADAPTADOR BM20 AUDIO IPHONE A 3.5MM FONENG | D83: 19 | E83: 33 | F83: 27 | G83: 37 | H83: 14 | I83: 27 | J83: 3 | K83: 56 | L83: 5 | M83: 14 | N83: 49 | O83: 20 | Q83: 0.6129 | R83: 1.1 | S83: 0.871 | T83: 1.2333 | U83: 0.4516 | V83: 0.871 | W83: 0.1071 | X83: 1.8065 | Y83: 0.1667 | Z83: 0.4516 | AA83: 1.6333 | AB83: 0.6452 | AC83: 0 | AD83: 0.8292 | AE83: 0.8292 | AF83: A
A84: I01331 | B84: CABLE MICRO 90° X70 3A 1MT TRENZADO FONENG | D84: 14 | E84: 6 | F84: 6 | K84: 5 | L84: 5 | M84: 9 | Q84: 0.4516 | R84: 0.2 | S84: 0.1935 | T84: 0 | U84: 0 | V84: 0 | W84: 0 | X84: 0.1613 | Y84: 0.1667 | Z84: 0.2903 | AA84: 0 | AB84: 0 | AC84: 0 | AD84: 0.122 | AE84: 0.122 | AF84: D
A85: I01338 | B85: CABLE MICRO X35 3A 1MT FONENG | Q85: 0 | R85: 0 | S85: 0 | T85: 0 | U85: 0 | V85: 0 | W85: 0 | X85: 0 | Y85: 0 | Z85: 0 | AA85: 0 | AB85: 0 | AC85: 0 | AF85: A
A86: I01339 | B86: CABLE TIPO-C X35 3A 1MT FONENG | Q86: 0 | R86: 0 | S86: 0 | T86: 0 | U86: 0 | V86: 0 | W86: 0 | X86: 0 | Y86: 0 | Z86: 0 | AA86: 0 | AB86: 0 | AC86: 0 | AF86: A
A87: I01340 | B87: CABLE IPHONE X35 3A 1MT FONENG | Q87: 0 | R87: 0 | S87: 0 | T87: 0 | U87: 0 | V87: 0 | W87: 0 | X87: 0 | Y87: 0 | Z87: 0 | AA87: 0 | AB87: 0 | AC87: 0 | AF87: A
A88: I01343 | B88: CABLE TIPO-C XS06 3A 1MT FONENG | D88: 5 | E88: 5 | F88: 7 | G88: 5 | Q88: 0 | R88: 0 | S88: 0 | T88: 0 | U88: 0 | V88: 0 | W88: 0 | X88: 0 | Y88: 0 | Z88: 0 | AA88: 0 | AB88: 0 | AC88: 0 | AF88: A
A89: I01344 | B89: CABLE IPHONE XS06 2.4A 1MT FONENG | D89: 3 | E89: 4 | F89: 8 | G89: 2 | H89: 2 | M89: 1 | Q89: 0 | R89: 0 | S89: 0 | T89: 0 | U89: 0 | V89: 0 | W89: 0 | X89: 0 | Y89: 0 | Z89: 0 | AA89: 0 | AB89: 0 | AC89: 0 | AF89: A
A90: I01353 | B90: CABLE IPHONE/TIPO-C X80 PD 27W 1MT FONENG | D90: 20 | E90: 92 | F90: 42 | G90: 57 | H90: 54 | I90: 40 | J90: 49 | K90: 41 | M90: 3 | N90: 1 | Q90: 0.6452 | R90: 3.0667 | S90: 1.3548 | T90: 1.9 | U90: 1.7419 | V90: 1.2903 | W90: 1.75 | X90: 1.64 | Y90: 0 | Z90: 0 | AA90: 0 | AB90: 0 | AC90: 0 | AD90: 1.6784 | AE90: 1.6784 | AF90: D
A91: I01354 | B91: CABLE TIPO-C/TIPO-C X80 100W 1MT FONENG | D91: 32 | E91: 34 | F91: 33 | G91: 33 | H91: 63 | I91: 46 | J91: 9 | N91: 1 | Q91: 1.0323 | R91: 1.1333 | S91: 1.0645 | T91: 1.1 | U91: 2.0323 | V91: 1.4839 | W91: 3 | X91: 0 | Y91: 0 | Z91: 0 | AA91: 0 | AB91: 0 | AC91: 0 | AD91: 1.3077 | AE91: 1.3077 | AF91: D
A92: I01355 | B92: CABLE IPHONE/TIPO-C X75 3A 1MT FONENG | D92: 101 | E92: 82 | F92: 37 | G92: 87 | H92: 67 | I92: 97 | J92: 93 | K92: 91 | L92: 42 | Q92: 3.2581 | R92: 2.7333 | S92: 1.1935 | T92: 2.9 | U92: 2.1613 | V92: 3.129 | W92: 3.3214 | X92: 2.9355 | Y92: 1.8261 | Z92: 0 | AA92: 0 | AB92: 0 | AC92: 0 | AD92: 2.704 | AE92: 2.704 | AF92: D
A93: I01356 | B93: CABLE TIPO-C/TIPO-C X73 3A 60W 1MT FONENG | Q93: 0 | R93: 0 | S93: 0 | T93: 0 | U93: 0 | V93: 0 | W93: 0 | X93: 0 | Y93: 0 | Z93: 0 | AA93: 0 | AB93: 0 | AC93: 0 | AF93: D
A94: I01360 | B94: CABLE MICRO X66 3A 1MT FONENG | D94: 31 | E94: 62 | F94: 40 | G94: 53 | H94: 49 | I94: 74 | J94: 78 | K94: 33 | L94: 42 | M94: 31 | N94: 44 | O94: 44 | Q94: 1 | R94: 2.0667 | S94: 1.2903 | T94: 1.7667 | U94: 1.5806 | V94: 2.3871 | W94: 2.7857 | X94: 1.0645 | Y94: 1.4 | Z94: 1 | AA94: 1.4667 | AB94: 1.4194 | AC94: 0 | AD94: 1.6023 | AE94: 1.6023 | AF94: A
A95: I01369 | B95: CABLE TIPO-C X83 2.1A METAL FONENG | D95: 8 | E95: 108 | F95: 110 | G95: 209 | H95: 19 | N95: 1 | Q95: 0.2581 | R95: 3.6 | S95: 3.5484 | T95: 6.9667 | U95: 9.5 | V95: 0 | W95: 0 | X95: 0 | Y95: 0 | Z95: 0 | AA95: 0 | AB95: 0 | AC95: 0 | AD95: 3.5933 | AE95: 3.5933 | AF95: D
A96: I01370 | B96: CABLE IPHONE X82 3A METAL FONENG | E96: 6 | F96: 10 | G96: 52 | H96: 7 | Q96: 0 | R96: 0.2 | S96: 0.3226 | T96: 1.7333 | U96: 0.3182 | V96: 0 | W96: 0 | X96: 0 | Y96: 0 | Z96: 0 | AA96: 0 | AB96: 0 | AC96: 0 | AD96: 0.564 | AE96: 0.564 | AF96: D
A97: I01395 | B97: BOTELLON 30 CABLES XS06 MICRO 1M 2.4A FONENG | D97: 2 | E97: 3 | F97: 1 | G97: 1 | I97: 1 | K97: 2 | L97: 2 | M97: 4 | N97: 5 | O97: 2 | Q97: 0.0645 | R97: 0.1 | S97: 0.0323 | T97: 0.0333 | U97: 0 | V97: 0.0323 | W97: 0 | X97: 0.0645 | Y97: 0.0667 | Z97: 0.129 | AA97: 0.1667 | AB97: 0.0645 | AC97: 0 | AD97: 0.0628 | AE97: 0.0628 | AF97: A
A98: I01396 | B98: CABLE MICRO X66 3A 2MT FONENG | D98: 13 | E98: 34 | F98: 10 | G98: 62 | H98: 5 | J98: 18 | K98: 32 | L98: 27 | M98: 30 | N98: 8 | O98: 22 | Q98: 0.4194 | R98: 1.1333 | S98: 0.3226 | T98: 2.0667 | U98: 0.1613 | V98: 0 | W98: 0.6429 | X98: 1.0323 | Y98: 0.9 | Z98: 0.9677 | AA98: 0.2667 | AB98: 0.7097 | AC98: 0 | AD98: 0.7186 | AE98: 0.7186 | AF98: D
A99: I01398 | B99: CABLE TIPO-C/TIPO-C X55 60W 2MT FONENG | E99: 14 | F99: 22 | G99: 90 | H99: 40 | K99: 22 | L99: 38 | M99: 26 | N99: 46 | O99: 36 | Q99: 0 | R99: 0.4667 | S99: 0.7097 | T99: 3 | U99: 20 | V99: 0 | W99: 0 | X99: 1 | Y99: 1.2667 | Z99: 0.8387 | AA99: 1.5333 | AB99: 1.7143 | AC99: 0 | AD99: 1.1164 | AE99: 1.1164 | AF99: A
A100: I01410 | B100: CABLE MICRO X87 3A 1.2MT ZINC FONENG SUPERFAST | E100: 10 | H100: 7 | L100: 1 | Q100: 0 | R100: 0.3333 | S100: 0 | T100: 0 | U100: 3.5 | V100: 0 | W100: 0 | X100: 0 | Y100: 0 | Z100: 0 | AA100: 0 | AB100: 0 | AC100: 0 | AD100: 0.0833 | AE100: 0.0833 | AF100: D
...

Sheet Compras
A1: Fecha Proxima Importacion | B1: 46331 | D1: Dias Pedido | E1: 120 | G1: Dias Duracion | H1: 60 | J1: Relacion Venta Marcas | K1: 1 | L1: 1 | M1: 1
E3: I M P O R T A C I O N - 598 | N3: I M P O R T A C I O N - 600 | W3: S T O C K A L 05/11/2026 | AF3: S T O C K A L 04/01/2027
A4: Codigos Barras | B4: Descripcion | C4: Articulo.1 | D4: Stock Act.1 | E4: Arribo | F4: Dias Arribo. | G4: Quiebre Stk.1 | H4: % Proteccion.1 | I4: Pedidos.1 | J4: Stk.Arribo.1 | K4: FOB Arribo.1 | L4: UnidxEnv | M4: Volumen | N4: Arribo | O4: Dias Arribo. | P4: Quiebre Stk.1 | Q4: % Proteccion.1 | R4: Pedidos.1 | S4: Stk.Arribo.1 | T4: FOB Arribo.1 | U4: UnidxEnv | V4: Volumen | W4: Arribo Prox. | X4: Dias Arribo | Y4: Quiebre Stk.1 | Z4: % Proteccion.1 | AA4: Pedir Artic.1 | AB4: Confirmado Art.1 | AC4: Stk.Acumulado.1 | AD4: FOB U$S Art.1 | AE4: Prov. Cpa. Art.1 | AF4: Stk.Final.1 | AG4: % Proteccion.1 | AH4: Estado Art.1
B5: BOLSAS FONENG 388X282MM | C5: HX017 | E5: 46238 | F5: 1 | G5: =(D5-(0)+0-(F5*Ventas!AE6*0)) -> 0 | I5: 0 | J5: =IF(G5>0,G5+I5,I5) -> 0 | N5: 46275 | O5: 37 | P5: =(IF(G5>0,G5+I5,I5)-(O5*Ventas!AE6*1)) -> 0 | R5: 0 | S5: =IF(P5>0,P5+R5,R5) -> 0 | W5: 46331 | X5: 56 | Y5: =(IF(P5>0,P5+R5,R5)-(X5*Ventas!AE6*1)) -> 0 | AA5: =(120*(Ventas!AE6*1) - IF(Y5>0,Y5,0)) -> 0 | AB5: =IF(AA5>0,AA5,0) -> 0 | AC5: =IF(Y5>0,Y5+IF(AB5>0,AB5,0),AB5) -> 0 | AD5: 0.02 | AE5: 3017 | AH5: D
B6: EXHIBIDOR FONENG W1 1.8MX0.6M METAL | C6: HX018 | D6: 41 | E6: 46238 | F6: 1 | G6: =(D6-(0)+0-(F6*Ventas!AE7*0)) -> 41 | I6: 0 | J6: =IF(G6>0,G6+I6,I6) -> 41 | L6: 2 | M6: 0.084 | N6: 46275 | O6: 37 | P6: =(IF(G6>0,G6+I6,I6)-(O6*Ventas!AE7*1)) -> 41 | R6: 0 | S6: =IF(P6>0,P6+R6,R6) -> 41 | U6: 2 | V6: 0.084 | W6: 46331 | X6: 56 | Y6: =(IF(P6>0,P6+R6,R6)-(X6*Ventas!AE7*1)) -> 41 | AA6: =(120*(Ventas!AE7*1) - IF(Y6>0,Y6,0)) -> -41 | AB6: =IF(AA6>0,AA6,0) -> 0 | AC6: =IF(Y6>0,Y6+IF(AB6>0,AB6,0),AB6) -> 41 | AD6: 16.9 | AE6: 3010 | AH6: A
B7: EXHIBIDOR FONENG W2 2.2MX1MX0.3M | C7: HX019 | D7: 21 | E7: 46238 | F7: 1 | G7: =(D7-(0)+0-(F7*Ventas!AE8*0)) -> 21 | I7: 0 | J7: =IF(G7>0,G7+I7,I7) -> 21 | L7: 1 | M7: 0.088 | N7: 46275 | O7: 37 | P7: =(IF(G7>0,G7+I7,I7)-(O7*Ventas!AE8*1)) -> 21 | R7: 0 | S7: =IF(P7>0,P7+R7,R7) -> 21 | U7: 1 | V7: 0.088 | W7: 46331 | X7: 56 | Y7: =(IF(P7>0,P7+R7,R7)-(X7*Ventas!AE8*1)) -> 21 | AA7: =(120*(Ventas!AE8*1) - IF(Y7>0,Y7,0)) -> -21 | AB7: =IF(AA7>0,AA7,0) -> 0 | AC7: =IF(Y7>0,Y7+IF(AB7>0,AB7,0),AB7) -> 21 | AD7: 31.65 | AE7: 3027 | AH7: D
B8: EXHIBIDOR FONENG F1 2.25MX1MX0.3M | C8: HX020 | D8: 17 | E8: 46238 | F8: 1 | G8: =(D8-(0)+0-(F8*Ventas!AE9*0)) -> 17 | I8: 0 | J8: =IF(G8>0,G8+I8,I8) -> 17 | L8: 1 | M8: 0.22 | N8: 46275 | O8: 37 | P8: =(IF(G8>0,G8+I8,I8)-(O8*Ventas!AE9*1)) -> 17 | R8: 0 | S8: =IF(P8>0,P8+R8,R8) -> 17 | U8: 1 | V8: 0.22 | W8: 46331 | X8: 56 | Y8: =(IF(P8>0,P8+R8,R8)-(X8*Ventas!AE9*1)) -> 17 | AA8: =(120*(Ventas!AE9*1) - IF(Y8>0,Y8,0)) -> -17 | AB8: =IF(AA8>0,AA8,0) -> 0 | AC8: =IF(Y8>0,Y8+IF(AB8>0,AB8,0),AB8) -> 17 | AE8: 3025 | AH8: D
B9: EXHIBIDOR FONENG W3 1.39MX0.6MX0.21M | C9: HX023 | E9: 46238 | F9: 1 | G9: =(D9-(0)+0-(F9*Ventas!AE10*0)) -> 0 | I9: 0 | J9: =IF(G9>0,G9+I9,I9) -> 0 | N9: 46275 | O9: 37 | P9: =(IF(G9>0,G9+I9,I9)-(O9*Ventas!AE10*1)) -> 0 | R9: 0 | S9: =IF(P9>0,P9+R9,R9) -> 0 | W9: 46331 | X9: 56 | Y9: =(IF(P9>0,P9+R9,R9)-(X9*Ventas!AE10*1)) -> 0 | AA9: =(120*(Ventas!AE10*1) - IF(Y9>0,Y9,0)) -> 0 | AB9: =IF(AA9>0,AA9,0) -> 0 | AC9: =IF(Y9>0,Y9+IF(AB9>0,AB9,0),AB9) -> 0 | AD9: 12.21 | AE9: 3017 | AH9: D
B10: EXHIBIDOR FONENG F1B 2.25MX0.6MX0.3M | C10: HX025 | E10: 46238 | F10: 1 | G10: =(D10-(0)+0-(F10*Ventas!AE11*0)) -> 0 | I10: 0 | J10: =IF(G10>0,G10+I10,I10) -> 0 | N10: 46275 | O10: 37 | P10: =(IF(G10>0,G10+I10,I10)-(O10*Ventas!AE11*1)) -> 0 | R10: 0 | S10: =IF(P10>0,P10+R10,R10) -> 0 | W10: 46331 | X10: 56 | Y10: =(IF(P10>0,P10+R10,R10)-(X10*Ventas!AE11*1)) -> 0 | AA10: =(120*(Ventas!AE11*1) - IF(Y10>0,Y10,0)) -> 0 | AB10: =IF(AA10>0,AA10,0) -> 0 | AC10: =IF(Y10>0,Y10+IF(AB10>0,AB10,0),AB10) -> 0 | AE10: 3025 | AH10: D
B11: REMERA FONENG M | C11: I01399 | E11: 46238 | F11: 1 | G11: =(D11-(0)+0-(F11*Ventas!AE36*0)) -> 0 | I11: 0 | J11: =IF(G11>0,G11+I11,I11) -> 0 | N11: 46275 | O11: 37 | P11: =(IF(G11>0,G11+I11,I11)-(O11*Ventas!AE36*1)) -> 0 | R11: 0 | S11: =IF(P11>0,P11+R11,R11) -> 0 | W11: 46331 | X11: 56 | Y11: =(IF(P11>0,P11+R11,R11)-(X11*Ventas!AE36*1)) -> 0 | AA11: =(120*(Ventas!AE36*1) - IF(Y11>0,Y11,0)) -> 0 | AB11: =IF(AA11>0,AA11,0) -> 0 | AC11: =IF(Y11>0,Y11+IF(AB11>0,AB11,0),AB11) -> 0 | AH11: A
B12: REMERA FONENG L | C12: I01400 | E12: 46238 | F12: 1 | G12: =(D12-(0)+0-(F12*Ventas!AE37*0)) -> 0 | I12: 0 | J12: =IF(G12>0,G12+I12,I12) -> 0 | N12: 46275 | O12: 37 | P12: =(IF(G12>0,G12+I12,I12)-(O12*Ventas!AE37*1)) -> 0 | R12: 0 | S12: =IF(P12>0,P12+R12,R12) -> 0 | W12: 46331 | X12: 56 | Y12: =(IF(P12>0,P12+R12,R12)-(X12*Ventas!AE37*1)) -> 0 | AA12: =(120*(Ventas!AE37*1) - IF(Y12>0,Y12,0)) -> 0 | AB12: =IF(AA12>0,AA12,0) -> 0 | AC12: =IF(Y12>0,Y12+IF(AB12>0,AB12,0),AB12) -> 0 | AD12: 4.44 | AE12: 3017 | AH12: A
B13: REMERA FONENG XL | C13: I01401 | D13: 15 | E13: 46238 | F13: 1 | G13: =(D13-(0)+0-(F13*Ventas!AE38*0)) -> 15 | I13: 0 | J13: =IF(G13>0,G13+I13,I13) -> 15 | N13: 46275 | O13: 37 | P13: =(IF(G13>0,G13+I13,I13)-(O13*Ventas!AE38*1)) -> 15 | R13: 0 | S13: =IF(P13>0,P13+R13,R13) -> 15 | W13: 46331 | X13: 56 | Y13: =(IF(P13>0,P13+R13,R13)-(X13*Ventas!AE38*1)) -> 15 | AA13: =(120*(Ventas!AE38*1) - IF(Y13>0,Y13,0)) -> -15 | AB13: =IF(AA13>0,AA13,0) -> 0 | AC13: =IF(Y13>0,Y13+IF(AB13>0,AB13,0),AB13) -> 15 | AD13: 0.1 | AE13: 3010 | AH13: A
B14: REMERA FONENG 2XL | C14: I01402 | D14: 6 | E14: 46238 | F14: 1 | G14: =(D14-(0)+0-(F14*Ventas!AE39*0)) -> 6 | I14: 0 | J14: =IF(G14>0,G14+I14,I14) -> 6 | N14: 46275 | O14: 37 | P14: =(IF(G14>0,G14+I14,I14)-(O14*Ventas!AE39*1)) -> 6 | R14: 0 | S14: =IF(P14>0,P14+R14,R14) -> 6 | W14: 46331 | X14: 56 | Y14: =(IF(P14>0,P14+R14,R14)-(X14*Ventas!AE39*1)) -> 6 | AA14: =(120*(Ventas!AE39*1) - IF(Y14>0,Y14,0)) -> -6 | AB14: =IF(AA14>0,AA14,0) -> 0 | AC14: =IF(Y14>0,Y14+IF(AB14>0,AB14,0),AB14) -> 6 | AD14: 0.1 | AE14: 3010 | AH14: A
B15: NO USAR | C15: I001397 | E15: 46238 | F15: 1 | G15: =(D15-(0)+0-(F15*Ventas!AE12*1)) -> 0 | I15: 0 | J15: =IF(G15>0,G15+I15,I15) -> 0 | N15: 46275 | O15: 37 | P15: =(IF(G15>0,G15+I15,I15)-(O15*Ventas!AE12*0.9189)) -> 0 | R15: 0 | S15: =IF(P15>0,P15+R15,R15) -> 0 | W15: 46331 | X15: 56 | Y15: =(IF(P15>0,P15+R15,R15)-(X15*Ventas!AE12*0.8268)) -> 0 | AA15: =(120*(Ventas!AE12*1.95) - IF(Y15>0,Y15,0)) -> 0 | AB15: =IF(AA15>0,AA15,0) -> 0 | AC15: =IF(Y15>0,Y15+IF(AB15>0,AB15,0),AB15) -> 0 | AH15: A
B16: AURICULAR DIADEMA BLUETOOTH FONENG BL50 BLACK | C16: I01233 | E16: 46238 | F16: 1 | G16: =(D16-(0)+0-(F16*Ventas!AE18*1)) -> 0 | I16: 0 | J16: =IF(G16>0,G16+I16,I16) -> 0 | L16: 7 | M16: 0.004286 | N16: 46275 | O16: 37 | P16: =(IF(G16>0,G16+I16,I16)-(O16*Ventas!AE18*0.9189)) -> 0 | R16: 0 | S16: =IF(P16>0,P16+R16,R16) -> 0 | U16: 7 | V16: 0.004286 | W16: 46331 | X16: 56 | Y16: =(IF(P16>0,P16+R16,R16)-(X16*Ventas!AE18*0.8268)) -> 0 | AA16: =(120*(Ventas!AE18*1.95) - IF(Y16>0,Y16,0)) -> 0 | AB16: =IF(AA16>0,AA16,0) -> 0 | AC16: =IF(Y16>0,Y16+IF(AB16>0,AB16,0),AB16) -> 0 | AD16: 9.34 | AE16: 3025 | AH16: A
B17: PARLANTE BLUETOOTH FONENG BL10 LONG STANDBY RED | C17: I01235 | E17: 46238 | F17: 1 | G17: =(D17-(0)+0-(F17*Ventas!AE4*1)) -> 0 | I17: 0 | J17: =IF(G17>0,G17+I17,I17) -> 0 | L17: 44 | M17: 0.000847 | N17: 46275 | O17: 37 | P17: =(IF(G17>0,G17+I17,I17)-(O17*Ventas!AE4*0.9189)) -> 0 | R17: 0 | S17: =IF(P17>0,P17+R17,R17) -> 0 | U17: 44 | V17: 0.000847 | W17: 46331 | X17: 56 | Y17: =(IF(P17>0,P17+R17,R17)-(X17*Ventas!AE4*0.8268)) -> 0 | AA17: =(120*(Ventas!AE4*1.95) - IF(Y17>0,Y17,0)) -> 0 | AB17: =IF(AA17>0,AA17,0) -> 0 | AC17: =IF(Y17>0,Y17+IF(AB17>0,AB17,0),AB17) -> 0 | AD17: 4.43 | AE17: 3025 | AH17: A
B18: CABLE TIPO-C X63/XS01 2.1A 1MT FONENG | C18: I01214 | D18: 995 | E18: 46238 | F18: 1 | G18: =(D18-(0)+0-(F18*Ventas!AE56*1)) -> 985.3691 | H18: =(G18/(Ventas!AE56*1)/60) -> 1.7052216 | I18: 0 | J18: =IF(G18>0,G18+I18,I18) -> 985.3691 | L18: 120 | M18: 0.000331 | N18: 46275 | O18: 37 | P18: =(IF(G18>0,G18+I18,I18)-(O18*Ventas!AE56*1)) -> 629.0258 | Q18: =(P18/(Ventas!AE56*1)/60) -> 1.0885549 | R18: 600 | S18: =IF(P18>0,P18+R18,R18) -> 1229.0258 | T18: 0.38 | U18: 120 | V18: 0.000331 | W18: 46331 | X18: 56 | Y18: =(IF(P18>0,P18+R18,R18)-(X18*Ventas!AE56*1)) -> 689.6954 | Z18: =(Y18/(Ventas!AE56*1)/60) -> 1.1935461 | AA18: =(120*(Ventas!AE56*1) - IF(Y18>0,Y18,0)) -> 466.0126 | AB18: =IF(AA18>0,AA18,0) -> 466.0126 | AC18: =IF(Y18>0,Y18+IF(AB18>0,AB18,0),AB18) -> 1155.708 | AD18: 0.2833 | AE18: 3010 | AF18: =(AC18-(60*Ventas!AE56*1)) -> 577.854 | AG18: =(AF18/(Ventas!AE56*1)/60) -> 1 | AH18: A
B19: CABLE IPHONE X30 1MT MAGNETIC/LED FONENG | C19: I01215 | D19: 119 | E19: 46238 | F19: 1 | G19: =(D19-(0)+0-(F19*Ventas!AE57*1)) -> 118.9084 | H19: =(G19/(Ventas!AE57*1)/60) -> 21.635444 | I19: 0 | J19: =IF(G19>0,G19+I19,I19) -> 118.9084 | L19: 84 | M19: 0.000402 | N19: 46275 | O19: 37 | P19: =(IF(G19>0,G19+I19,I19)-(O19*Ventas!AE57*1)) -> 115.5192 | Q19: =(P19/(Ventas!AE57*1)/60) -> 21.018777 | R19: 0 | S19: =IF(P19>0,P19+R19,R19) -> 115.5192 | U19: 84 | V19: 0.000402 | W19: 46331 | X19: 56 | Y19: =(IF(P19>0,P19+R19,R19)-(X19*Ventas!AE57*1)) -> 110.3896 | Z19: =(Y19/(Ventas!AE57*1)/60) -> 20.085444 | AA19: =(120*(Ventas!AE57*1) - IF(Y19>0,Y19,0)) -> -99.3976 | AB19: =IF(AA19>0,AA19,0) -> 0 | AC19: =IF(Y19>0,Y19+IF(AB19>0,AB19,0),AB19) -> 110.3896 | AD19: 0.9604 | AE19: 3025 | AF19: =(AC19-(60*Ventas!AE57*1)) -> 104.8936 | AG19: =(AF19/(Ventas!AE57*1)/60) -> 19.085444 | AH19: D
B20: CABLE TIPO-C EU27 3A FONENG | C20: I01225 | E20: 46238 | F20: 1 | G20: =(D20-(0)+0-(F20*Ventas!AE58*1)) -> 0 | I20: 0 | J20: =IF(G20>0,G20+I20,I20) -> 0 | L20: 52 | M20: 0.000649 | N20: 46275 | O20: 37 | P20: =(IF(G20>0,G20+I20,I20)-(O20*Ventas!AE58*1)) -> 0 | R20: 0 | S20: =IF(P20>0,P20+R20,R20) -> 0 | U20: 52 | V20: 0.000649 | W20: 46331 | X20: 56 | Y20: =(IF(P20>0,P20+R20,R20)-(X20*Ventas!AE58*1)) -> 0 | AA20: =(120*(Ventas!AE58*1) - IF(Y20>0,Y20,0)) -> 0 | AB20: =IF(AA20>0,AA20,0) -> 0 | AC20: =IF(Y20>0,Y20+IF(AB20>0,AB20,0),AB20) -> 0 | AD20: 2.69 | AE20: 3025 | AH20: A
B21: CABLE TIPO-C EU28 2.4A FONENG | C21: I01226 | E21: 46238 | F21: 1 | G21: =(D21-(0)+0-(F21*Ventas!AE59*1)) -> 0 | I21: 0 | J21: =IF(G21>0,G21+I21,I21) -> 0 | L21: 52 | M21: 0.000577 | N21: 46275 | O21: 37 | P21: =(IF(G21>0,G21+I21,I21)-(O21*Ventas!AE59*1)) -> 0 | R21: 0 | S21: =IF(P21>0,P21+R21,R21) -> 0 | U21: 52 | V21: 0.000577 | W21: 46331 | X21: 56 | Y21: =(IF(P21>0,P21+R21,R21)-(X21*Ventas!AE59*1)) -> 0 | AA21: =(120*(Ventas!AE59*1) - IF(Y21>0,Y21,0)) -> 0 | AB21: =IF(AA21>0,AA21,0) -> 0 | AC21: =IF(Y21>0,Y21+IF(AB21>0,AB21,0),AB21) -> 0 | AD21: 1.42 | AE21: 3025 | AH21: A
B22: CABLE TIPO-C X69 3A GOMA FONENG | C22: I01228 | E22: 46238 | F22: 1 | G22: =(D22-(0)+0-(F22*Ventas!AE60*1)) -> 0 | I22: 0 | J22: =IF(G22>0,G22+I22,I22) -> 0 | L22: 60 | M22: 0.000433 | N22: 46275 | O22: 37 | P22: =(IF(G22>0,G22+I22,I22)-(O22*Ventas!AE60*1)) -> 0 | R22: 0 | S22: =IF(P22>0,P22+R22,R22) -> 0 | U22: 60 | V22: 0.000433 | W22: 46331 | X22: 56 | Y22: =(IF(P22>0,P22+R22,R22)-(X22*Ventas!AE60*1)) -> 0 | AA22: =(120*(Ventas!AE60*1) - IF(Y22>0,Y22,0)) -> 0 | AB22: =IF(AA22>0,AA22,0) -> 0 | AC22: =IF(Y22>0,Y22+IF(AB22>0,AB22,0),AB22) -> 0 | AD22: 0.87 | AE22: 3025 | AH22: A
B23: CABLE IPHONE X69 3A GOMA FONENG | C23: I01229 | E23: 46238 | F23: 1 | G23: =(D23-(0)+0-(F23*Ventas!AE61*1)) -> 0 | I23: 0 | J23: =IF(G23>0,G23+I23,I23) -> 0 | L23: 60 | M23: 0.000433 | N23: 46275 | O23: 37 | P23: =(IF(G23>0,G23+I23,I23)-(O23*Ventas!AE61*1)) -> 0 | R23: 0 | S23: =IF(P23>0,P23+R23,R23) -> 0 | U23: 60 | V23: 0.000433 | W23: 46331 | X23: 56 | Y23: =(IF(P23>0,P23+R23,R23)-(X23*Ventas!AE61*1)) -> 0 | AA23: =(120*(Ventas!AE61*1) - IF(Y23>0,Y23,0)) -> 0 | AB23: =IF(AA23>0,AA23,0) -> 0 | AC23: =IF(Y23>0,Y23+IF(AB23>0,AB23,0),AB23) -> 0 | AD23: 0.87 | AE23: 3025 | AH23: A
B24: CABLE IPHONE X77 FONENG | C24: I01238 | E24: 46238 | F24: 1 | G24: =(D24-(0)+0-(F24*Ventas!AE62*1)) -> 0 | I24: 0 | J24: =IF(G24>0,G24+I24,I24) -> 0 | L24: 60 | M24: 0.000472 | N24: 46275 | O24: 37 | P24: =(IF(G24>0,G24+I24,I24)-(O24*Ventas!AE62*1)) -> 0 | R24: 0 | S24: =IF(P24>0,P24+R24,R24) -> 0 | U24: 60 | V24: 0.000472 | W24: 46331 | X24: 56 | Y24: =(IF(P24>0,P24+R24,R24)-(X24*Ventas!AE62*1)) -> 0 | AA24: =(120*(Ventas!AE62*1) - IF(Y24>0,Y24,0)) -> 0 | AB24: =IF(AA24>0,AA24,0) -> 0 | AC24: =IF(Y24>0,Y24+IF(AB24>0,AB24,0),AB24) -> 0 | AD24: 0.46 | AE24: 3025 | AH24: A
B25: BOTELLON 30 CABLES XS06 TIPO-C 1M 2.4A FONENG | C25: I01261 | E25: 46238 | F25: 1 | G25: =(D25-(0)+0-(F25*Ventas!AE63*1)) -> -0.1965 | H25: =(G25/(Ventas!AE63*1)/60) -> -0.016666667 | I25: 36 | J25: =IF(G25>0,G25+I25,I25) -> 36 | K25: 10.51 | L25: 1 | M25: 0.000331 | N25: 46275 | O25: 37 | P25: =(IF(G25>0,G25+I25,I25)-(O25*Ventas!AE63*1)) -> 28.7295 | Q25: =(P25/(Ventas!AE63*1)/60) -> 2.4367684 | R25: 30 | S25: =IF(P25>0,P25+R25,R25) -> 58.7295 | T25: 10.61 | U25: 1 | V25: 0.000331 | W25: 46331 | X25: 56 | Y25: =(IF(P25>0,P25+R25,R25)-(X25*Ventas!AE63*1)) -> 47.7255 | Z25: =(Y25/(Ventas!AE63*1)/60) -> 4.0479644 | AA25: =(120*(Ventas!AE63*1) - IF(Y25>0,Y25,0)) -> -24.1455 | AB25: =IF(AA25>0,AA25,0) -> 0 | AC25: =IF(Y25>0,Y25+IF(AB25>0,AB25,0),AB25) -> 47.7255 | AD25: 10.51 | AE25: 3025 | AF25: =(AC25-(60*Ventas!AE63*1)) -> 35.9355 | AG25: =(AF25/(Ventas!AE63*1)/60) -> 3.0479644 | AH25: A
B26: BOTELLON 30 CABLES XS06 IPHONE 1M 2.4A FONENG | C26: I01262 | D26: 4 | E26: 46238 | F26: 1 | G26: =(D26-(0)+0-(F26*Ventas!AE64*1)) -> 3.8266 | H26: =(G26/(Ventas!AE64*1)/60) -> 0.36780085 | I26: 0 | J26: =IF(G26>0,G26+I26,I26) -> 3.8266 | L26: 1 | M26: 0.000331 | N26: 46275 | O26: 37 | P26: =(IF(G26>0,G26+I26,I26)-(O26*Ventas!AE64*1)) -> -2.5892 | Q26: =(P26/(Ventas!AE64*1)/60) -> -0.24886582 | R26: 30 | S26: =IF(P26>0,P26+R26,R26) -> 30 | T26: 10.61 | U26: 1 | V26: 0.000331 | W26: 46331 | X26: 56 | Y26: =(IF(P26>0,P26+R26,R26)-(X26*Ventas!AE64*1)) -> 20.2896 | Z26: =(Y26/(Ventas!AE64*1)/60) -> 1.950173 | AA26: =(120*(Ventas!AE64*1) - IF(Y26>0,Y26,0)) -> 0.5184 | AB26: =IF(AA26>0,AA26,0) -> 0.5184 | AC26: =IF(Y26>0,Y26+IF(AB26>0,AB26,0),AB26) -> 20.808 | AD26: 10.36 | AE26: 3027 | AF26: =(AC26-(60*Ventas!AE64*1)) -> 10.404 | AG26: =(AF26/(Ventas!AE64*1)/60) -> 1 | AH26: A
B27: CABLE TIPO-C 90° X70 3A 1MT TRENZADO FONENG | C27: I01263 | E27: 46238 | F27: 1 | G27: =(D27-(0)+0-(F27*Ventas!AE65*1)) -> 0 | I27: 0 | J27: =IF(G27>0,G27+I27,I27) -> 0 | L27: 60 | M27: 0.000472 | N27: 46275 | O27: 37 | P27: =(IF(G27>0,G27+I27,I27)-(O27*Ventas!AE65*1)) -> 0 | R27: 0 | S27: =IF(P27>0,P27+R27,R27) -> 0 | U27: 60 | V27: 0.000472 | W27: 46331 | X27: 56 | Y27: =(IF(P27>0,P27+R27,R27)-(X27*Ventas!AE65*1)) -> 0 | AA27: =(120*(Ventas!AE65*1) - IF(Y27>0,Y27,0)) -> 0 | AB27: =IF(AA27>0,AA27,0) -> 0 | AC27: =IF(Y27>0,Y27+IF(AB27>0,AB27,0),AB27) -> 0 | AD27: 0.67 | AE27: 3010 | AH27: D
B28: CABLE IPHONE 90° X70 3A 1MT TRENZADO FONENG | C28: I01264 | D28: 57 | E28: 46238 | F28: 1 | G28: =(D28-(0)+0-(F28*Ventas!AE66*1)) -> 56.8292 | H28: =(G28/(Ventas!AE66*1)/60) -> 5.5453942 | I28: 0 | J28: =IF(G28>0,G28+I28,I28) -> 56.8292 | L28: 60 | M28: 0.000472 | N28: 46275 | O28: 37 | P28: =(IF(G28>0,G28+I28,I28)-(O28*Ventas!AE66*1)) -> 50.5096 | Q28: =(P28/(Ventas!AE66*1)/60) -> 4.9287276 | R28: 0 | S28: =IF(P28>0,P28+R28,R28) -> 50.5096 | U28: 60 | V28: 0.000472 | W28: 46331 | X28: 56 | Y28: =(IF(P28>0,P28+R28,R28)-(X28*Ventas!AE66*1)) -> 40.9448 | Z28: =(Y28/(Ventas!AE66*1)/60) -> 3.9953942 | AA28: =(120*(Ventas!AE66*1) - IF(Y28>0,Y28,0)) -> -20.4488 | AB28: =IF(AA28>0,AA28,0) -> 0 | AC28: =IF(Y28>0,Y28+IF(AB28>0,AB28,0),AB28) -> 40.9448 | AD28: 0.68 | AE28: 3010 | AF28: =(AC28-(60*Ventas!AE66*1)) -> 30.6968 | AG28: =(AF28/(Ventas!AE66*1)/60) -> 2.9953942 | AH28: D
B29: CABLE TIPO-C X66 3A 1MT FONENG | C29: I01265 | D29: 81 | E29: 46238 | F29: 1 | G29: =(D29-(0)+0-(F29*Ventas!AE67*1)) -> 75.3325 | H29: =(G29/(Ventas!AE67*1)/60) -> 0.2215336 | I29: 480 | J29: =IF(G29>0,G29+I29,I29) -> 555.3325 | K29: 0.57 | L29: 120 | M29: 0.000281 | N29: 46275 | O29: 37 | P29: =(IF(G29>0,G29+I29,I29)-(O29*Ventas!AE67*1)) -> 345.635 | Q29: =(P29/(Ventas!AE67*1)/60) -> 1.0164241 | R29: 0 | S29: =IF(P29>0,P29+R29,R29) -> 345.635 | U29: 120 | V29: 0.000281 | W29: 46331 | X29: 56 | Y29: =(IF(P29>0,P29+R29,R29)-(X29*Ventas!AE67*1)) -> 28.255 | Z29: =(Y29/(Ventas!AE67*1)/60) -> 0.083090722 | AA29: =(120*(Ventas!AE67*1) - IF(Y29>0,Y29,0)) -> 651.845 | AB29: =IF(AA29>0,AA29,0) -> 651.845 | AC29: =IF(Y29>0,Y29+IF(AB29>0,AB29,0),AB29) -> 680.1 | AD29: 0.57 | AE29: 3025 | AF29: =(AC29-(60*Ventas!AE67*1)) -> 340.05 | AG29: =(AF29/(Ventas!AE67*1)/60) -> 1 | AH29: A
B30: CABLE IPHONE X66 2.4A 1MT FONENG | C30: I01266 | D30: 204 | E30: 46238 | F30: 1 | G30: =(D30-(0)+0-(F30*Ventas!AE68*1)) -> 199.5187 | H30: =(G30/(Ventas!AE68*1)/60) -> 0.74204174 | I30: 360 | J30: =IF(G30>0,G30+I30,I30) -> 559.5187 | K30: 0.57 | L30: 120 | M30: 0.000281 | N30: 46275 | O30: 37 | P30: =(IF(G30>0,G30+I30,I30)-(O30*Ventas!AE68*1)) -> 393.7106 | Q30: =(P30/(Ventas!AE68*1)/60) -> 1.4642723 | R30: 0 | S30: =IF(P30>0,P30+R30,R30) -> 393.7106 | U30: 120 | V30: 0.000281 | W30: 46331 | X30: 56 | Y30: =(IF(P30>0,P30+R30,R30)-(X30*Ventas!AE68*1)) -> 142.7578 | Z30: =(Y30/(Ventas!AE68*1)/60) -> 0.53093894 | AA30: =(120*(Ventas!AE68*1) - IF(Y30>0,Y30,0)) -> 394.9982 | AB30: =IF(AA30>0,AA30,0) -> 394.9982 | AC30: =IF(Y30>0,Y30+IF(AB30>0,AB30,0),AB30) -> 537.756 | AD30: 0.57 | AE30: 3025 | AF30: =(AC30-(60*Ventas!AE68*1)) -> 268.878 | AG30: =(AF30/(Ventas!AE68*1)/60) -> 1 | AH30: A
B31: CABLE TIPO-C X66 3A -2MT- FONENG | C31: I01267 | D31: 152 | E31: 46238 | F31: 1 | G31: =(D31-(0)+0-(F31*Ventas!AE69*1)) -> 149.1617 | H31: =(G31/(Ventas!AE69*1)/60) -> 0.87588639 | I31: 240 | J31: =IF(G31>0,G31+I31,I31) -> 389.1617 | K31: 0.83 | L31: 80 | M31: 0.00034 | N31: 46275 | O31: 37 | P31: =(IF(G31>0,G31+I31,I31)-(O31*Ventas!AE69*1)) -> 284.1446 | Q31: =(P31/(Ventas!AE69*1)/60) -> 1.668514 | R31: 0 | S31: =IF(P31>0,P31+R31,R31) -> 284.1446 | U31: 80 | V31: 0.00034 | W31: 46331 | X31: 56 | Y31: =(IF(P31>0,P31+R31,R31)-(X31*Ventas!AE69*1)) -> 125.1998 | Z31: =(Y31/(Ventas!AE69*1)/60) -> 0.73518068 | AA31: =(120*(Ventas!AE69*1) - IF(Y31>0,Y31,0)) -> 215.3962 | AB31: =IF(AA31>0,AA31,0) -> 215.3962 | AC31: =IF(Y31>0,Y31+IF(AB31>0,AB31,0),AB31) -> 340.596 | AD31: 0.83 | AE31: 3025 | AF31: =(AC31-(60*Ventas!AE69*1)) -> 170.298 | AG31: =(AF31/(Ventas!AE69*1)/60) -> 1 | AH31: A
B32: CABLE IPHONE X66 2.4A -2MT- FONENG | C32: I01268 | D32: 148 | E32: 46238 | F32: 1 | G32: =(D32-(0)+0-(F32*Ventas!AE70*1)) -> 146.5153 | H32: =(G32/(Ventas!AE70*1)/60) -> 1.644724 | I32: 120 | J32: =IF(G32>0,G32+I32,I32) -> 266.5153 | K32: 0.83 | L32: 80 | M32: 0.00034 | N32: 46275 | O32: 37 | P32: =(IF(G32>0,G32+I32,I32)-(O32*Ventas!AE70*1)) -> 211.5814 | Q32: =(P32/(Ventas!AE70*1)/60) -> 2.3751308 | R32: 0 | S32: =IF(P32>0,P32+R32,R32) -> 211.5814 | U32: 80 | V32: 0.00034 | W32: 46331 | X32: 56 | Y32: =(IF(P32>0,P32+R32,R32)-(X32*Ventas!AE70*1)) -> 128.4382 | Z32: =(Y32/(Ventas!AE70*1)/60) -> 1.4417974 | AA32: =(120*(Ventas!AE70*1) - IF(Y32>0,Y32,0)) -> 49.7258 | AB32: =IF(AA32>0,AA32,0) -> 49.7258 | AC32: =IF(Y32>0,Y32+IF(AB32>0,AB32,0),AB32) -> 178.164 | AD32: 0.83 | AE32: 3025 | AF32: =(AC32-(60*Ventas!AE70*1)) -> 89.082 | AG32: =(AF32/(Ventas!AE70*1)/60) -> 1 | AH32: A
B33: CABLE MICRO X63/XS01 2.1A 1MT FONENG | C33: I01269 | D33: 1300 | E33: 46238 | F33: 1 | G33: =(D33-(0)+0-(F33*Ventas!AE71*1)) -> 1295.7384 | H33: =(G33/(Ventas!AE71*1)/60) -> 5.0674958 | I33: 0 | J33: =IF(G33>0,G33+I33,I33) -> 1295.7384 | L33: 120 | M33: 0.000331 | N33: 46275 | O33: 37 | P33: =(IF(G33>0,G33+I33,I33)-(O33*Ventas!AE71*1)) -> 1138.0592 | Q33: =(P33/(Ventas!AE71*1)/60) -> 4.4508291 | R33: 0 | S33: =IF(P33>0,P33+R33,R33) -> 1138.0592 | U33: 120 | V33: 0.000331 | W33: 46331 | X33: 56 | Y33: =(IF(P33>0,P33+R33,R33)-(X33*Ventas!AE71*1)) -> 899.4096 | Z33: =(Y33/(Ventas!AE71*1)/60) -> 3.5174958 | AA33: =(120*(Ventas!AE71*1) - IF(Y33>0,Y33,0)) -> -388.0176 | AB33: =IF(AA33>0,AA33,0) -> 0 | AC33: =IF(Y33>0,Y33+IF(AB33>0,AB33,0),AB33) -> 899.4096 | AD33: 0.2167 | AE33: 3010 | AF33: =(AC33-(60*Ventas!AE71*1)) -> 643.7136 | AG33: =(AF33/(Ventas!AE71*1)/60) -> 2.5174958 | AH33: A
B34: CABLE IPHONE X63/XS01 2.1A 1MT FONENG | C34: I01270 | D34: 2117 | E34: 46238 | F34: 1 | G34: =(D34-(0)+0-(F34*Ventas!AE72*1)) -> 2109.1764 | H34: =(G34/(Ventas!AE72*1)/60) -> 4.4931924 | I34: 0 | J34: =IF(G34>0,G34+I34,I34) -> 2109.1764 | L34: 120 | M34: 0.000331 | N34: 46275 | O34: 37 | P34: =(IF(G34>0,G34+I34,I34)-(O34*Ventas!AE72*1)) -> 1819.7032 | Q34: =(P34/(Ventas!AE72*1)/60) -> 3.8765257 | R34: 0 | S34: =IF(P34>0,P34+R34,R34) -> 1819.7032 | U34: 120 | V34: 0.000331 | W34: 46331 | X34: 56 | Y34: =(IF(P34>0,P34+R34,R34)-(X34*Ventas!AE72*1)) -> 1381.5816 | Z34: =(Y34/(Ventas!AE72*1)/60) -> 2.9431924 | AA34: =(120*(Ventas!AE72*1) - IF(Y34>0,Y34,0)) -> -442.7496 | AB34: =IF(AA34>0,AA34,0) -> 0 | AC34: =IF(Y34>0,Y34+IF(AB34>0,AB34,0),AB34) -> 1381.5816 | AD34: 0.2833 | AE34: 3010 | AF34: =(AC34-(60*Ventas!AE72*1)) -> 912.1656 | AG34: =(AF34/(Ventas!AE72*1)/60) -> 1.9431924 | AH34: A
B35: CABLE 3 EN 1 X36 2.4A 1.2MT TIPO-C/IPH/MIC FONENG | C35: I01271 | E35: 46238 | F35: 1 | G35: =(D35-(0)+0-(F35*Ventas!AE73*1)) -> -0.632 | H35: =(G35/(Ventas!AE73*1)/60) -> -0.016666667 | I35: 0 | J35: =IF(G35>0,G35+I35,I35) -> 0 | L35: 60 | M35: 0.000472 | N35: 46275 | O35: 37 | P35: =(IF(G35>0,G35+I35,I35)-(O35*Ventas!AE73*1)) -> -23.384 | Q35: =(P35/(Ventas!AE73*1)/60) -> -0.61666667 | R35: 0 | S35: =IF(P35>0,P35+R35,R35) -> 0 | U35: 60 | V35: 0.000472 | W35: 46331 | X35: 56 | Y35: =(IF(P35>0,P35+R35,R35)-(X35*Ventas!AE73*1)) -> -35.392 | Z35: =(Y35/(Ventas!AE73*1)/60) -> -0.93333333 | AA35: =(120*(Ventas!AE73*1) - IF(Y35>0,Y35,0)) -> 75.84 | AB35: =IF(AA35>0,AA35,0) -> 75.84 | AC35: =IF(Y35>0,Y35+IF(AB35>0,AB35,0),AB35) -> 75.84 | AD35: 1.02 | AE35: 3010 | AF35: =(AC35-(60*Ventas!AE73*1)) -> 37.92 | AG35: =(AF35/(Ventas!AE73*1)/60) -> 1 | AH35: D
B36: CABLE TIPO-C X79 METAL/RGB 3A 66W 1MT FONENG | C36: I01272 | E36: 46238 | F36: 1 | G36: =(D36-(0)+0-(F36*Ventas!AE74*1)) -> -1.5241 | H36: =(G36/(Ventas!AE74*1)/60) -> -0.016666667 | I36: 252 | J36: =IF(G36>0,G36+I36,I36) -> 252 | K36: 1.2 | L36: 84 | M36: 0.000402 | N36: 46275 | O36: 37 | P36: =(IF(G36>0,G36+I36,I36)-(O36*Ventas!AE74*1)) -> 195.6083 | Q36: =(P36/(Ventas!AE74*1)/60) -> 2.139058 | R36: 0 | S36: =IF(P36>0,P36+R36,R36) -> 195.6083 | U36: 84 | V36: 0.000402 | W36: 46331 | X36: 56 | Y36: =(IF(P36>0,P36+R36,R36)-(X36*Ventas!AE74*1)) -> 110.2587 | Z36: =(Y36/(Ventas!AE74*1)/60) -> 1.2057247 | AA36: =(120*(Ventas!AE74*1) - IF(Y36>0,Y36,0)) -> 72.6333 | AB36: =IF(AA36>0,AA36,0) -> 72.6333 | AC36: =IF(Y36>0,Y36+IF(AB36>0,AB36,0),AB36) -> 182.892 | AD36: 1.2 | AE36: 3025 | AF36: =(AC36-(60*Ventas!AE74*1)) -> 91.446 | AG36: =(AF36/(Ventas!AE74*1)/60) -> 1 | AH36: A
B37: CABLE IPHONE X79 METAL/RGB 3A 1MT FONENG SUPERFAST | C37: I01273 | E37: 46238 | F37: 1 | G37: =(D37-(0)+0-(F37*Ventas!AE75*1)) -> -0.6826 | H37: =(G37/(Ventas!AE75*1)/60) -> -0.016666667 | I37: 0 | J37: =IF(G37>0,G37+I37,I37) -> 0 | L37: 84 | M37: 0.000402 | N37: 46275 | O37: 37 | P37: =(IF(G37>0,G37+I37,I37)-(O37*Ventas!AE75*1)) -> -25.2562 | Q37: =(P37/(Ventas!AE75*1)/60) -> -0.61666667 | R37: 0 | S37: =IF(P37>0,P37+R37,R37) -> 0 | U37: 84 | V37: 0.000402 | W37: 46331 | X37: 56 | Y37: =(IF(P37>0,P37+R37,R37)-(X37*Ventas!AE75*1)) -> -38.2256 | Z37: =(Y37/(Ventas!AE75*1)/60) -> -0.93333333 | AA37: =(120*(Ventas!AE75*1) - IF(Y37>0,Y37,0)) -> 81.912 | AB37: =IF(AA37>0,AA37,0) -> 81.912 | AC37: =IF(Y37>0,Y37+IF(AB37>0,AB37,0),AB37) -> 81.912 | AD37: 0.95 | AE37: 3010 | AF37: =(AC37-(60*Ventas!AE75*1)) -> 40.956 | AG37: =(AF37/(Ventas!AE75*1)/60) -> 1 | AH37: A
B38: CABLE TIPO-C X15 WHI 2.4A 1.2MT TRENZ FONENG | C38: I01274 | E38: 46238 | F38: 1 | G38: =(D38-(0)+0-(F38*Ventas!AE76*1)) -> 0 | I38: 0 | J38: =IF(G38>0,G38+I38,I38) -> 0 | L38: 60 | M38: 0.000472 | N38: 46275 | O38: 37 | P38: =(IF(G38>0,G38+I38,I38)-(O38*Ventas!AE76*1)) -> 0 | R38: 0 | S38: =IF(P38>0,P38+R38,R38) -> 0 | U38: 60 | V38: 0.000472 | W38: 46331 | X38: 56 | Y38: =(IF(P38>0,P38+R38,R38)-(X38*Ventas!AE76*1)) -> 0 | AA38: =(120*(Ventas!AE76*1) - IF(Y38>0,Y38,0)) -> 0 | AB38: =IF(AA38>0,AA38,0) -> 0 | AC38: =IF(Y38>0,Y38+IF(AB38>0,AB38,0),AB38) -> 0 | AD38: 0.69 | AE38: 3017 | AH38: D
B39: CABLE TIPO-C X15 BK 2.4A 1.2MT TRENZ FONENG | C39: I01275 | E39: 46238 | F39: 1 | G39: =(D39-(0)+0-(F39*Ventas!AE77*1)) -> 0 | I39: 0 | J39: =IF(G39>0,G39+I39,I39) -> 0 | L39: 60 | M39: 0.000472 | N39: 46275 | O39: 37 | P39: =(IF(G39>0,G39+I39,I39)-(O39*Ventas!AE77*1)) -> 0 | R39: 0 | S39: =IF(P39>0,P39+R39,R39) -> 0 | U39: 60 | V39: 0.000472 | W39: 46331 | X39: 56 | Y39: =(IF(P39>0,P39+R39,R39)-(X39*Ventas!AE77*1)) -> 0 | AA39: =(120*(Ventas!AE77*1) - IF(Y39>0,Y39,0)) -> 0 | AB39: =IF(AA39>0,AA39,0) -> 0 | AC39: =IF(Y39>0,Y39+IF(AB39>0,AB39,0),AB39) -> 0 | AD39: 0.59 | AE39: 3010 | AH39: D
B40: CABLE IPHONE X15 WHI 2.4A 1.2MT TRENZ FONENG | C40: I01276 | E40: 46238 | F40: 1 | G40: =(D40-(0)+0-(F40*Ventas!AE78*1)) -> 0 | I40: 0 | J40: =IF(G40>0,G40+I40,I40) -> 0 | L40: 60 | M40: 0.000472 | N40: 46275 | O40: 37 | P40: =(IF(G40>0,G40+I40,I40)-(O40*Ventas!AE78*1)) -> 0 | R40: 0 | S40: =IF(P40>0,P40+R40,R40) -> 0 | U40: 60 | V40: 0.000472 | W40: 46331 | X40: 56 | Y40: =(IF(P40>0,P40+R40,R40)-(X40*Ventas!AE78*1)) -> 0 | AA40: =(120*(Ventas!AE78*1) - IF(Y40>0,Y40,0)) -> 0 | AB40: =IF(AA40>0,AA40,0) -> 0 | AC40: =IF(Y40>0,Y40+IF(AB40>0,AB40,0),AB40) -> 0 | AD40: 0.73 | AE40: 3010 | AH40: D
B41: CABLE IPHONE X15 BK 2.4A 1.2MT TRENZ FONENG | C41: I01277 | E41: 46238 | F41: 1 | G41: =(D41-(0)+0-(F41*Ventas!AE79*1)) -> 0 | I41: 0 | J41: =IF(G41>0,G41+I41,I41) -> 0 | L41: 60 | M41: 0.000472 | N41: 46275 | O41: 37 | P41: =(IF(G41>0,G41+I41,I41)-(O41*Ventas!AE79*1)) -> 0 | R41: 0 | S41: =IF(P41>0,P41+R41,R41) -> 0 | U41: 60 | V41: 0.000472 | W41: 46331 | X41: 56 | Y41: =(IF(P41>0,P41+R41,R41)-(X41*Ventas!AE79*1)) -> 0 | AA41: =(120*(Ventas!AE79*1) - IF(Y41>0,Y41,0)) -> 0 | AB41: =IF(AA41>0,AA41,0) -> 0 | AC41: =IF(Y41>0,Y41+IF(AB41>0,AB41,0),AB41) -> 0 | AD41: 0.69 | AE41: 3017 | AH41: D
B42: CABLE DE AUDIO 3.5MM BM23 BK 1M FONENG | C42: I01279 | E42: 46238 | F42: 1 | G42: =(D42-(0)+0-(F42*Ventas!AE80*1)) -> -0.4218 | H42: =(G42/(Ventas!AE80*1)/60) -> -0.016666667 | I42: 0 | J42: =IF(G42>0,G42+I42,I42) -> 0 | L42: 120 | M42: 0.000331 | N42: 46275 | O42: 37 | P42: =(IF(G42>0,G42+I42,I42)-(O42*Ventas!AE80*1)) -> -15.6066 | Q42: =(P42/(Ventas!AE80*1)/60) -> -0.61666667 | R42: 0 | S42: =IF(P42>0,P42+R42,R42) -> 0 | U42: 120 | V42: 0.000331 | W42: 46331 | X42: 56 | Y42: =(IF(P42>0,P42+R42,R42)-(X42*Ventas!AE80*1)) -> -23.6208 | Z42: =(Y42/(Ventas!AE80*1)/60) -> -0.93333333 | AA42: =(120*(Ventas!AE80*1) - IF(Y42>0,Y42,0)) -> 50.616 | AB42: =IF(AA42>0,AA42,0) -> 50.616 | AC42: =IF(Y42>0,Y42+IF(AB42>0,AB42,0),AB42) -> 50.616 | AD42: 0.54 | AE42: 3025 | AF42: =(AC42-(60*Ventas!AE80*1)) -> 25.308 | AG42: =(AF42/(Ventas!AE80*1)/60) -> 1 | AH42: D
B43: CABLE DE AUDIO 3.5MM BM23 WHITE 1M FONENG | C43: I01280 | D43: 104 | E43: 46238 | F43: 1 | G43: =(D43-(0)+0-(F43*Ventas!AE81*1)) -> 103.6316 | H43: =(G43/(Ventas!AE81*1)/60) -> 4.6883641 | I43: 0 | J43: =IF(G43>0,G43+I43,I43) -> 103.6316 | L43: 60 | M43: 0.000472 | N43: 46275 | O43: 37 | P43: =(IF(G43>0,G43+I43,I43)-(O43*Ventas!AE81*1)) -> 90.0008 | Q43: =(P43/(Ventas!AE81*1)/60) -> 4.0716974 | R43: 0 | S43: =IF(P43>0,P43+R43,R43) -> 90.0008 | U43: 60 | V43: 0.000472 | W43: 46331 | X43: 56 | Y43: =(IF(P43>0,P43+R43,R43)-(X43*Ventas!AE81*1)) -> 69.3704 | Z43: =(Y43/(Ventas!AE81*1)/60) -> 3.1383641 | AA43: =(120*(Ventas!AE81*1) - IF(Y43>0,Y43,0)) -> -25.1624 | AB43: =IF(AA43>0,AA43,0) -> 0 | AC43: =IF(Y43>0,Y43+IF(AB43>0,AB43,0),AB43) -> 69.3704 | AD43: 0.54 | AE43: 3025 | AF43: =(AC43-(60*Ventas!AE81*1)) -> 47.2664 | AG43: =(AF43/(Ventas!AE81*1)/60) -> 2.1383641 | AH43: D
B44: CABLE ADAPTADOR BM21 AUDIO TIPO-C A 3.5MM FONENG | C44: I01281 | D44: 14 | E44: 46238 | F44: 1 | G44: =(D44-(0)+0-(F44*Ventas!AE82*1)) -> 11.4226 | H44: =(G44/(Ventas!AE82*1)/60) -> 0.073863842 | I44: 120 | J44: =IF(G44>0,G44+I44,I44) -> 131.4226 | K44: 1.05 | L44: 120 | M44: 0.000281 | N44: 46275 | O44: 37 | P44: =(IF(G44>0,G44+I44,I44)-(O44*Ventas!AE82*1)) -> 36.0588 | Q44: =(P44/(Ventas!AE82*1)/60) -> 0.23317297 | R44: 240 | S44: =IF(P44>0,P44+R44,R44) -> 276.0588 | T44: 1.06 | U44: 120 | V44: 0.000281 | W44: 46331 | X44: 56 | Y44: =(IF(P44>0,P44+R44,R44)-(X44*Ventas!AE82*1)) -> 131.7244 | Z44: =(Y44/(Ventas!AE82*1)/60) -> 0.85179121 | AA44: =(120*(Ventas!AE82*1) - IF(Y44>0,Y44,0)) -> 177.5636 | AB44: =IF(AA44>0,AA44,0) -> 177.5636 | AC44: =IF(Y44>0,Y44+IF(AB44>0,AB44,0),AB44) -> 309.288 | AD44: 1.05 | AE44: 3025 | AF44: =(AC44-(60*Ventas!AE82*1)) -> 154.644 | AG44: =(AF44/(Ventas!AE82*1)/60) -> 1 | AH44: A
B45: CABLE ADAPTADOR BM20 AUDIO IPHONE A 3.5MM FONENG | C45: I01282 | D45: 119 | E45: 46238 | F45: 1 | G45: =(D45-(0)+0-(F45*Ventas!AE83*1)) -> 118.1708 | H45: =(G45/(Ventas!AE83*1)/60) -> 2.375197 | I45: 0 | J45: =IF(G45>0,G45+I45,I45) -> 118.1708 | L45: 84 | M45: 0.000402 | N45: 46275 | O45: 37 | P45: =(IF(G45>0,G45+I45,I45)-(O45*Ventas!AE83*1)) -> 87.4904 | Q45: =(P45/(Ventas!AE83*1)/60) -> 1.7585303 | R45: 0 | S45: =IF(P45>0,P45+R45,R45) -> 87.4904 | U45: 84 | V45: 0.000402 | W45: 46331 | X45: 56 | Y45: =(IF(P45>0,P45+R45,R45)-(X45*Ventas!AE83*1)) -> 41.0552 | Z45: =(Y45/(Ventas!AE83*1)/60) -> 0.82519698 | AA45: =(120*(Ventas!AE83*1) - IF(Y45>0,Y45,0)) -> 58.4488 | AB45: =IF(AA45>0,AA45,0) -> 58.4488 | AC45: =IF(Y45>0,Y45+IF(AB45>0,AB45,0),AB45) -> 99.504 | AD45: 1.33 | AE45: 3027 | AF45: =(AC45-(60*Ventas!AE83*1)) -> 49.752 | AG45: =(AF45/(Ventas!AE83*1)/60) -> 1 | AH45: A
B46: CABLE MICRO 90° X70 3A 1MT TRENZADO FONENG | C46: I01331 | D46: 61 | E46: 46238 | F46: 1 | G46: =(D46-(0)+0-(F46*Ventas!AE84*1)) -> 60.878 | H46: =(G46/(Ventas!AE84*1)/60) -> 8.3166667 | I46: 0 | J46: =IF(G46>0,G46+I46,I46) -> 60.878 | L46: 60 | M46: 0.000472 | N46: 46275 | O46: 37 | P46: =(IF(G46>0,G46+I46,I46)-(O46*Ventas!AE84*1)) -> 56.364 | Q46: =(P46/(Ventas!AE84*1)/60) -> 7.7 | R46: 0 | S46: =IF(P46>0,P46+R46,R46) -> 56.364 | U46: 60 | V46: 0.000472 | W46: 46331 | X46: 56 | Y46: =(IF(P46>0,P46+R46,R46)-(X46*Ventas!AE84*1)) -> 49.532 | Z46: =(Y46/(Ventas!AE84*1)/60) -> 6.7666667 | AA46: =(120*(Ventas!AE84*1) - IF(Y46>0,Y46,0)) -> -34.892 | AB46: =IF(AA46>0,AA46,0) -> 0 | AC46: =IF(Y46>0,Y46+IF(AB46>0,AB46,0),AB46) -> 49.532 | AD46: 0.59 | AE46: 3010 | AF46: =(AC46-(60*Ventas!AE84*1)) -> 42.212 | AG46: =(AF46/(Ventas!AE84*1)/60) -> 5.7666667 | AH46: D
B47: CABLE MICRO X35 3A 1MT FONENG | C47: I01338 | E47: 46238 | F47: 1 | G47: =(D47-(0)+0-(F47*Ventas!AE85*1)) -> 0 | I47: 0 | J47: =IF(G47>0,G47+I47,I47) -> 0 | L47: 80 | M47: 0.000313 | N47: 46275 | O47: 37 | P47: =(IF(G47>0,G47+I47,I47)-(O47*Ventas!AE85*1)) -> 0 | R47: 0 | S47: =IF(P47>0,P47+R47,R47) -> 0 | U47: 80 | V47: 0.000313 | W47: 46331 | X47: 56 | Y47: =(IF(P47>0,P47+R47,R47)-(X47*Ventas!AE85*1)) -> 0 | AA47: =(120*(Ventas!AE85*1) - IF(Y47>0,Y47,0)) -> 0 | AB47: =IF(AA47>0,AA47,0) -> 0 | AC47: =IF(Y47>0,Y47+IF(AB47>0,AB47,0),AB47) -> 0 | AH47: A
B48: CABLE TIPO-C X35 3A 1MT FONENG | C48: I01339 | E48: 46238 | F48: 1 | G48: =(D48-(0)+0-(F48*Ventas!AE86*1)) -> 0 | I48: 0 | J48: =IF(G48>0,G48+I48,I48) -> 0 | L48: 80 | M48: 0.000313 | N48: 46275 | O48: 37 | P48: =(IF(G48>0,G48+I48,I48)-(O48*Ventas!AE86*1)) -> 0 | R48: 0 | S48: =IF(P48>0,P48+R48,R48) -> 0 | U48: 80 | V48: 0.000313 | W48: 46331 | X48: 56 | Y48: =(IF(P48>0,P48+R48,R48)-(X48*Ventas!AE86*1)) -> 0 | AA48: =(120*(Ventas!AE86*1) - IF(Y48>0,Y48,0)) -> 0 | AB48: =IF(AA48>0,AA48,0) -> 0 | AC48: =IF(Y48>0,Y48+IF(AB48>0,AB48,0),AB48) -> 0 | AH48: A
B49: CABLE IPHONE X35 3A 1MT FONENG | C49: I01340 | E49: 46238 | F49: 1 | G49: =(D49-(0)+0-(F49*Ventas!AE87*1)) -> 0 | I49: 0 | J49: =IF(G49>0,G49+I49,I49) -> 0 | L49: 80 | M49: 0.000313 | N49: 46275 | O49: 37 | P49: =(IF(G49>0,G49+I49,I49)-(O49*Ventas!AE87*1)) -> 0 | R49: 0 | S49: =IF(P49>0,P49+R49,R49) -> 0 | U49: 80 | V49: 0.000313 | W49: 46331 | X49: 56 | Y49: =(IF(P49>0,P49+R49,R49)-(X49*Ventas!AE87*1)) -> 0 | AA49: =(120*(Ventas!AE87*1) - IF(Y49>0,Y49,0)) -> 0 | AB49: =IF(AA49>0,AA49,0) -> 0 | AC49: =IF(Y49>0,Y49+IF(AB49>0,AB49,0),AB49) -> 0 | AH49: A
B50: CABLE TIPO-C XS06 3A 1MT FONENG | C50: I01343 | E50: 46238 | F50: 1 | G50: =(D50-(0)+0-(F50*Ventas!AE88*1)) -> 0 | I50: 0 | J50: =IF(G50>0,G50+I50,I50) -> 0 | L50: 6 | M50: 0.005 | N50: 46275 | O50: 37 | P50: =(IF(G50>0,G50+I50,I50)-(O50*Ventas!AE88*1)) -> 0 | R50: 0 | S50: =IF(P50>0,P50+R50,R50) -> 0 | U50: 6 | V50: 0.005 | W50: 46331 | X50: 56 | Y50: =(IF(P50>0,P50+R50,R50)-(X50*Ventas!AE88*1)) -> 0 | AA50: =(120*(Ventas!AE88*1) - IF(Y50>0,Y50,0)) -> 0 | AB50: =IF(AA50>0,AA50,0) -> 0 | AC50: =IF(Y50>0,Y50+IF(AB50>0,AB50,0),AB50) -> 0 | AH50: A
B51: CABLE IPHONE XS06 2.4A 1MT FONENG | C51: I01344 | E51: 46238 | F51: 1 | G51: =(D51-(0)+0-(F51*Ventas!AE89*1)) -> 0 | I51: 0 | J51: =IF(G51>0,G51+I51,I51) -> 0 | L51: 6 | M51: 0.005 | N51: 46275 | O51: 37 | P51: =(IF(G51>0,G51+I51,I51)-(O51*Ventas!AE89*1)) -> 0 | R51: 0 | S51: =IF(P51>0,P51+R51,R51) -> 0 | U51: 6 | V51: 0.005 | W51: 46331 | X51: 56 | Y51: =(IF(P51>0,P51+R51,R51)-(X51*Ventas!AE89*1)) -> 0 | AA51: =(120*(Ventas!AE89*1) - IF(Y51>0,Y51,0)) -> 0 | AB51: =IF(AA51>0,AA51,0) -> 0 | AC51: =IF(Y51>0,Y51+IF(AB51>0,AB51,0),AB51) -> 0 | AH51: A
B52: CABLE IPHONE/TIPO-C X80 PD 27W 1MT FONENG | C52: I01353 | E52: 46238 | F52: 1 | G52: =(D52-(0)+0-(F52*Ventas!AE90*1)) -> -1.6784 | H52: =(G52/(Ventas!AE90*1)/60) -> -0.016666667 | I52: 0 | J52: =IF(G52>0,G52+I52,I52) -> 0 | L52: 84 | M52: 0.000402 | N52: 46275 | O52: 37 | P52: =(IF(G52>0,G52+I52,I52)-(O52*Ventas!AE90*1)) -> -62.1008 | Q52: =(P52/(Ventas!AE90*1)/60) -> -0.61666667 | R52: 0 | S52: =IF(P52>0,P52+R52,R52) -> 0 | U52: 84 | V52: 0.000402 | W52: 46331 | X52: 56 | Y52: =(IF(P52>0,P52+R52,R52)-(X52*Ventas!AE90*1)) -> -93.9904 | Z52: =(Y52/(Ventas!AE90*1)/60) -> -0.93333333 | AA52: =(120*(Ventas!AE90*1) - IF(Y52>0,Y52,0)) -> 201.408 | AB52: =IF(AA52>0,AA52,0) -> 201.408 | AC52: =IF(Y52>0,Y52+IF(AB52>0,AB52,0),AB52) -> 201.408 | AD52: 1.26 | AE52: 3027 | AF52: =(AC52-(60*Ventas!AE90*1)) -> 100.704 | AG52: =(AF52/(Ventas!AE90*1)/60) -> 1 | AH52: D
B53: CABLE TIPO-C/TIPO-C X80 100W 1MT FONENG | C53: I01354 | E53: 46238 | F53: 1 | G53: =(D53-(0)+0-(F53*Ventas!AE91*1)) -> -1.3077 | H53: =(G53/(Ventas!AE91*1)/60) -> -0.016666667 | I53: 0 | J53: =IF(G53>0,G53+I53,I53) -> 0 | L53: 60 | M53: 0.000394 | N53: 46275 | O53: 37 | P53: =(IF(G53>0,G53+I53,I53)-(O53*Ventas!AE91*1)) -> -48.3849 | Q53: =(P53/(Ventas!AE91*1)/60) -> -0.61666667 | R53: 0 | S53: =IF(P53>0,P53+R53,R53) -> 0 | U53: 60 | V53: 0.000394 | W53: 46331 | X53: 56 | Y53: =(IF(P53>0,P53+R53,R53)-(X53*Ventas!AE91*1)) -> -73.2312 | Z53: =(Y53/(Ventas!AE91*1)/60) -> -0.93333333 | AA53: =(120*(Ventas!AE91*1) - IF(Y53>0,Y53,0)) -> 156.924 | AB53: =IF(AA53>0,AA53,0) -> 156.924 | AC53: =IF(Y53>0,Y53+IF(AB53>0,AB53,0),AB53) -> 156.924 | AD53: 1.47 | AE53: 3027 | AF53: =(AC53-(60*Ventas!AE91*1)) -> 78.462 | AG53: =(AF53/(Ventas!AE91*1)/60) -> 1 | AH53: D
B54: CABLE IPHONE/TIPO-C X75 3A 1MT FONENG | C54: I01355 | E54: 46238 | F54: 1 | G54: =(D54-(0)+0-(F54*Ventas!AE92*1)) -> -2.704 | H54: =(G54/(Ventas!AE92*1)/60) -> -0.016666667 | I54: 0 | J54: =IF(G54>0,G54+I54,I54) -> 0 | L54: 84 | M54: 0.000402 | N54: 46275 | O54: 37 | P54: =(IF(G54>0,G54+I54,I54)-(O54*Ventas!AE92*1)) -> -100.048 | Q54: =(P54/(Ventas!AE92*1)/60) -> -0.61666667 | R54: 0 | S54: =IF(P54>0,P54+R54,R54) -> 0 | U54: 84 | V54: 0.000402 | W54: 46331 | X54: 56 | Y54: =(IF(P54>0,P54+R54,R54)-(X54*Ventas!AE92*1)) -> -151.424 | Z54: =(Y54/(Ventas!AE92*1)/60) -> -0.93333333 | AA54: =(120*(Ventas!AE92*1) - IF(Y54>0,Y54,0)) -> 324.48 | AB54: =IF(AA54>0,AA54,0) -> 324.48 | AC54: =IF(Y54>0,Y54+IF(AB54>0,AB54,0),AB54) -> 324.48 | AD54: 0.77 | AE54: 3010 | AF54: =(AC54-(60*Ventas!AE92*1)) -> 162.24 | AG54: =(AF54/(Ventas!AE92*1)/60) -> 1 | AH54: D
B55: CABLE TIPO-C/TIPO-C X73 3A 60W 1MT FONENG | C55: I01356 | E55: 46238 | F55: 1 | G55: =(D55-(0)+0-(F55*Ventas!AE93*1)) -> 0 | I55: 0 | J55: =IF(G55>0,G55+I55,I55) -> 0 | L55: 84 | M55: 0.000402 | N55: 46275 | O55: 37 | P55: =(IF(G55>0,G55+I55,I55)-(O55*Ventas!AE93*1)) -> 0 | R55: 0 | S55: =IF(P55>0,P55+R55,R55) -> 0 | U55: 84 | V55: 0.000402 | W55: 46331 | X55: 56 | Y55: =(IF(P55>0,P55+R55,R55)-(X55*Ventas!AE93*1)) -> 0 | AA55: =(120*(Ventas!AE93*1) - IF(Y55>0,Y55,0)) -> 0 | AB55: =IF(AA55>0,AA55,0) -> 0 | AC55: =IF(Y55>0,Y55+IF(AB55>0,AB55,0),AB55) -> 0 | AD55: 0.73 | AE55: 3010 | AH55: D
B56: CABLE MICRO X66 3A 1MT FONENG | C56: I01360 | D56: 137 | E56: 46238 | F56: 1 | G56: =(D56-(0)+0-(F56*Ventas!AE94*1)) -> 135.3977 | H56: =(G56/(Ventas!AE94*1)/60) -> 1.4083682 | I56: 120 | J56: =IF(G56>0,G56+I56,I56) -> 255.3977 | K56: 0.42 | L56: 120 | M56: 0.000281 | N56: 46275 | O56: 37 | P56: =(IF(G56>0,G56+I56,I56)-(O56*Ventas!AE94*1)) -> 196.1126 | Q56: =(P56/(Ventas!AE94*1)/60) -> 2.0399072 | R56: 0 | S56: =IF(P56>0,P56+R56,R56) -> 196.1126 | U56: 120 | V56: 0.000281 | W56: 46331 | X56: 56 | Y56: =(IF(P56>0,P56+R56,R56)-(X56*Ventas!AE94*1)) -> 106.3838 | Z56: =(Y56/(Ventas!AE94*1)/60) -> 1.1065739 | AA56: =(120*(Ventas!AE94*1) - IF(Y56>0,Y56,0)) -> 85.8922 | AB56: =IF(AA56>0,AA56,0) -> 85.8922 | AC56: =IF(Y56>0,Y56+IF(AB56>0,AB56,0),AB56) -> 192.276 | AD56: 0.42 | AE56: 3025 | AF56: =(AC56-(60*Ventas!AE94*1)) -> 96.138 | AG56: =(AF56/(Ventas!AE94*1)/60) -> 1 | AH56: A
B57: CABLE TIPO-C X83 2.1A METAL FONENG | C57: I01369 | E57: 46238 | F57: 1 | G57: =(D57-(0)+0-(F57*Ventas!AE95*1)) -> -3.5933 | H57: =(G57/(Ventas!AE95*1)/60) -> -0.016666667 | I57: 0 | J57: =IF(G57>0,G57+I57,I57) -> 0 | L57: 96 | M57: 0.000453 | N57: 46275 | O57: 37 | P57: =(IF(G57>0,G57+I57,I57)-(O57*Ventas!AE95*1)) -> -132.9521 | Q57: =(P57/(Ventas!AE95*1)/60) -> -0.61666667 | R57: 0 | S57: =IF(P57>0,P57+R57,R57) -> 0 | U57: 96 | V57: 0.000453 | W57: 46331 | X57: 56 | Y57: =(IF(P57>0,P57+R57,R57)-(X57*Ventas!AE95*1)) -> -201.2248 | Z57: =(Y57/(Ventas!AE95*1)/60) -> -0.93333333 | AA57: =(120*(Ventas!AE95*1) - IF(Y57>0,Y57,0)) -> 431.196 | AB57: =IF(AA57>0,AA57,0) -> 431.196 | AC57: =IF(Y57>0,Y57+IF(AB57>0,AB57,0),AB57) -> 431.196 | AD57: 0.51 | AE57: 3010 | AF57: =(AC57-(60*Ventas!AE95*1)) -> 215.598 | AG57: =(AF57/(Ventas!AE95*1)/60) -> 1 | AH57: D
B58: CABLE IPHONE X82 3A METAL FONENG | C58: I01370 | E58: 46238 | F58: 1 | G58: =(D58-(0)+0-(F58*Ventas!AE96*1)) -> -0.564 | H58: =(G58/(Ventas!AE96*1)/60) -> -0.016666667 | I58: 0 | J58: =IF(G58>0,G58+I58,I58) -> 0 | L58: 84 | M58: 0.000402 | N58: 46275 | O58: 37 | P58: =(IF(G58>0,G58+I58,I58)-(O58*Ventas!AE96*1)) -> -20.868 | Q58: =(P58/(Ventas!AE96*1)/60) -> -0.61666667 | R58: 0 | S58: =IF(P58>0,P58+R58,R58) -> 0 | U58: 84 | V58: 0.000402 | W58: 46331 | X58: 56 | Y58: =(IF(P58>0,P58+R58,R58)-(X58*Ventas!AE96*1)) -> -31.584 | Z58: =(Y58/(Ventas!AE96*1)/60) -> -0.93333333 | AA58: =(120*(Ventas!AE96*1) - IF(Y58>0,Y58,0)) -> 67.68 | AB58: =IF(AA58>0,AA58,0) -> 67.68 | AC58: =IF(Y58>0,Y58+IF(AB58>0,AB58,0),AB58) -> 67.68 | AD58: 0.81 | AE58: 3010 | AF58: =(AC58-(60*Ventas!AE96*1)) -> 33.84 | AG58: =(AF58/(Ventas!AE96*1)/60) -> 1 | AH58: D
B59: BOTELLON 30 CABLES XS06 MICRO 1M 2.4A FONENG | C59: I01395 | D59: 7 | E59: 46238 | F59: 1 | G59: =(D59-(0)+0-(F59*Ventas!AE97*1)) -> 6.9372 | H59: =(G59/(Ventas!AE97*1)/60) -> 1.8410828 | I59: 0 | J59: =IF(G59>0,G59+I59,I59) -> 6.9372 | L59: 6 | M59: 0.005 | N59: 46275 | O59: 37 | P59: =(IF(G59>0,G59+I59,I59)-(O59*Ventas!AE97*1)) -> 4.6136 | Q59: =(P59/(Ventas!AE97*1)/60) -> 1.2244161 | R59: 0 | S59: =IF(P59>0,P59+R59,R59) -> 4.6136 | U59: 6 | V59: 0.005 | W59: 46331 | X59: 56 | Y59: =(IF(P59>0,P59+R59,R59)-(X59*Ventas!AE97*1)) -> 1.0968 | Z59: =(Y59/(Ventas!AE97*1)/60) -> 0.2910828 | AA59: =(120*(Ventas!AE97*1) - IF(Y59>0,Y59,0)) -> 6.4392 | AB59: =IF(AA59>0,AA59,0) -> 6.4392 | AC59: =IF(Y59>0,Y59+IF(AB59>0,AB59,0),AB59) -> 7.536 | AD59: 7.86 | AE59: 3027 | AF59: =(AC59-(60*Ventas!AE97*1)) -> 3.768 | AG59: =(AF59/(Ventas!AE97*1)/60) -> 1 | AH59: A
B60: CABLE MICRO X66 3A 2MT FONENG | C60: I01396 | D60: 86 | E60: 46238 | F60: 1 | G60: =(D60-(0)+0-(F60*Ventas!AE98*1)) -> 85.2814 | H60: =(G60/(Ventas!AE98*1)/60) -> 1.9779525 | I60: 0 | J60: =IF(G60>0,G60+I60,I60) -> 85.2814 | L60: 80 | M60: 0.00034 | N60: 46275 | O60: 37 | P60: =(IF(G60>0,G60+I60,I60)-(O60*Ventas!AE98*1)) -> 58.6932 | Q60: =(P60/(Ventas!AE98*1)/60) -> 1.3612858 | R60: 0 | S60: =IF(P60>0,P60+R60,R60) -> 58.6932 | U60: 80 | V60: 0.00034 | W60: 46331 | X60: 56 | Y60: =(IF(P60>0,P60+R60,R60)-(X60*Ventas!AE98*1)) -> 18.4516 | Z60: =(Y60/(Ventas!AE98*1)/60) -> 0.4279525 | AA60: =(120*(Ventas!AE98*1) - IF(Y60>0,Y60,0)) -> 67.7804 | AB60: =IF(AA60>0,AA60,0) -> 67.7804 | AC60: =IF(Y60>0,Y60+IF(AB60>0,AB60,0),AB60) -> 86.232 | AD60: 0.63 | AE60: 3027 | AF60: =(AC60-(60*Ventas!AE98*1)) -> 43.116 | AG60: =(AF60/(Ventas!AE98*1)/60) -> 1 | AH60: D
B61: CABLE TIPO-C/TIPO-C X55 60W 2MT FONENG | C61: I01398 | E61: 46238 | F61: 1 | G61: =(D61-(0)+0-(F61*Ventas!AE99*1)) -> -1.1164 | H61: =(G61/(Ventas!AE99*1)/60) -> -0.016666667 | I61: 84 | J61: =IF(G61>0,G61+I61,I61) -> 84 | K61: 1.2 | L61: 84 | M61: 0.000402 | N61: 46275 | O61: 37 | P61: =(IF(G61>0,G61+I61,I61)-(O61*Ventas!AE99*1)) -> 42.6932 | Q61: =(P61/(Ventas!AE99*1)/60) -> 0.63736415 | R61: 0 | S61: =IF(P61>0,P61+R61,R61) -> 42.6932 | U61: 84 | V61: 0.000402 | W61: 46331 | X61: 56 | Y61: =(IF(P61>0,P61+R61,R61)-(X61*Ventas!AE99*1)) -> -19.8252 | Z61: =(Y61/(Ventas!AE99*1)/60) -> -0.29596919 | AA61: =(120*(Ventas!AE99*1) - IF(Y61>0,Y61,0)) -> 133.968 | AB61: =IF(AA61>0,AA61,0) -> 133.968 | AC61: =IF(Y61>0,Y61+IF(AB61>0,AB61,0),AB61) -> 133.968 | AD61: 1.2 | AE61: 3025 | AF61: =(AC61-(60*Ventas!AE99*1)) -> 66.984 | AG61: =(AF61/(Ventas!AE99*1)/60) -> 1 | AH61: A
B62: CABLE MICRO X87 3A 1.2MT ZINC FONENG SUPERFAST | C62: I01410 | E62: 46238 | F62: 1 | G62: =(D62-(0)+0-(F62*Ventas!AE100*1)) -> -0.0833 | H62: =(G62/(Ventas!AE100*1)/60) -> -0.016666667 | I62: 0 | J62: =IF(G62>0,G62+I62,I62) -> 0 | L62: 84 | M62: 0.000402 | N62: 46275 | O62: 37 | P62: =(IF(G62>0,G62+I62,I62)-(O62*Ventas!AE100*1)) -> -3.0821 | Q62: =(P62/(Ventas!AE100*1)/60) -> -0.61666667 | R62: 0 | S62: =IF(P62>0,P62+R62,R62) -> 0 | U62: 84 | V62: 0.000402 | W62: 46331 | X62: 56 | Y62: =(IF(P62>0,P62+R62,R62)-(X62*Ventas!AE100*1)) -> -4.6648 | Z62: =(Y62/(Ventas!AE100*1)/60) -> -0.93333333 | AA62: =(120*(Ventas!AE100*1) - IF(Y62>0,Y62,0)) -> 9.996 | AB62: =IF(AA62>0,AA62,0) -> 9.996 | AC62: =IF(Y62>0,Y62+IF(AB62>0,AB62,0),AB62) -> 9.996 | AD62: 0.97 | AE62: 3010 | AF62: =(AC62-(60*Ventas!AE100*1)) -> 4.998 | AG62: =(AF62/(Ventas!AE100*1)/60) -> 1 | AH62: D
B63: CABLE TIPO-C X87 100W 1.2MT ZINC FONENG SUPERFAST | C63: I01411 | E63: 46238 | F63: 1 | G63: =(D63-(0)+0-(F63*Ventas!AE101*1)) -> 0 | I63: 0 | J63: =IF(G63>0,G63+I63,I63) -> 0 | L63: 60 | M63: 0.000472 | N63: 46275 | O63: 37 | P63: =(IF(G63>0,G63+I63,I63)-(O63*Ventas!AE101*1)) -> 0 | R63: 0 | S63: =IF(P63>0,P63+R63,R63) -> 0 | U63: 60 | V63: 0.000472 | W63: 46331 | X63: 56 | Y63: =(IF(P63>0,P63+R63,R63)-(X63*Ventas!AE101*1)) -> 0 | AA63: =(120*(Ventas!AE101*1) - IF(Y63>0,Y63,0)) -> 0 | AB63: =IF(AA63>0,AA63,0) -> 0 | AC63: =IF(Y63>0,Y63+IF(AB63>0,AB63,0),AB63) -> 0 | AD63: 1.15 | AE63: 3010 | AH63: D
B64: CABLE IPHONE X87 3A 1.2MT ZINC FONENG SUPERFAST | C64: I01412 | E64: 46238 | F64: 1 | G64: =(D64-(0)+0-(F64*Ventas!AE102*1)) -> -0.7108 | H64: =(G64/(Ventas!AE102*1)/60) -> -0.016666667 | I64: 0 | J64: =IF(G64>0,G64+I64,I64) -> 0 | L64: 60 | M64: 0.000472 | N64: 46275 | O64: 37 | P64: =(IF(G64>0,G64+I64,I64)-(O64*Ventas!AE102*1)) -> -26.2996 | Q64: =(P64/(Ventas!AE102*1)/60) -> -0.61666667 | R64: 0 | S64: =IF(P64>0,P64+R64,R64) -> 0 | U64: 60 | V64: 0.000472 | W64: 46331 | X64: 56 | Y64: =(IF(P64>0,P64+R64,R64)-(X64*Ventas!AE102*1)) -> -39.8048 | Z64: =(Y64/(Ventas!AE102*1)/60) -> -0.93333333 | AA64: =(120*(Ventas!AE102*1) - IF(Y64>0,Y64,0)) -> 85.296 | AB64: =IF(AA64>0,AA64,0) -> 85.296 | AC64: =IF(Y64>0,Y64+IF(AB64>0,AB64,0),AB64) -> 85.296 | AD64: 1.05 | AE64: 3010 | AF64: =(AC64-(60*Ventas!AE102*1)) -> 42.648 | AG64: =(AF64/(Ventas!AE102*1)/60) -> 1 | AH64: D
B65: CABLE DE AUDIO 3.5MM BM22 BK 1M FONENG | C65: I01478 | D65: 87 | E65: 46238 | F65: 1 | G65: =(D65-(0)+0-(F65*Ventas!AE103*1)) -> 85.7997 | H65: =(G65/(Ventas!AE103*1)/60) -> 1.1913647 | I65: 120 | J65: =IF(G65>0,G65+I65,I65) -> 205.7997 | K65: 0.42 | L65: 120 | M65: 0.000331 | N65: 46275 | O65: 37 | P65: =(IF(G65>0,G65+I65,I65)-(O65*Ventas!AE103*1)) -> 161.3886 | Q65: =(P65/(Ventas!AE103*1)/60) -> 2.2409481 | R65: 120 | S65: =IF(P65>0,P65+R65,R65) -> 281.3886 | T65: 0.42 | U65: 120 | V65: 0.000331 | W65: 46331 | X65: 56 | Y65: =(IF(P65>0,P65+R65,R65)-(X65*Ventas!AE103*1)) -> 214.1718 | Z65: =(Y65/(Ventas!AE103*1)/60) -> 2.9738649 | AA65: =(120*(Ventas!AE103*1) - IF(Y65>0,Y65,0)) -> -70.1358 | AB65: =IF(AA65>0,AA65,0) -> 0 | AC65: =IF(Y65>0,Y65+IF(AB65>0,AB65,0),AB65) -> 214.1718 | AD65: 0.42 | AE65: 3025 | AF65: =(AC65-(60*Ventas!AE103*1)) -> 142.1538 | AG65: =(AF65/(Ventas!AE103*1)/60) -> 1.9738649 | AH65: A
B66: NO USAR--CAR TIP-C EU 46 3 A FON--NO USAR | C66: I01481 | E66: 46238 | F66: 1 | G66: =(D66-(0)+0-(F66*Ventas!AE40*1)) -> 0 | I66: 0 | J66: =IF(G66>0,G66+I66,I66) -> 0 | N66: 46275 | O66: 37 | P66: =(IF(G66>0,G66+I66,I66)-(O66*Ventas!AE40*1)) -> 0 | R66: 0 | S66: =IF(P66>0,P66+R66,R66) -> 0 | W66: 46331 | X66: 56 | Y66: =(IF(P66>0,P66+R66,R66)-(X66*Ventas!AE40*1)) -> 0 | AA66: =(120*(Ventas!AE40*1) - IF(Y66>0,Y66,0)) -> 0 | AB66: =IF(AA66>0,AA66,0) -> 0 | AC66: =IF(Y66>0,Y66+IF(AB66>0,AB66,0),AB66) -> 0 | AD66: 1.6 | AE66: 3010 | AH66: A
B67: NO USAR--CAR. MIC EU 46 3 A FON--NO USAR | C67: I01482 | E67: 46238 | F67: 1 | G67: =(D67-(0)+0-(F67*Ventas!AE41*1)) -> 0 | I67: 0 | J67: =IF(G67>0,G67+I67,I67) -> 0 | N67: 46275 | O67: 37 | P67: =(IF(G67>0,G67+I67,I67)-(O67*Ventas!AE41*1)) -> 0 | R67: 0 | S67: =IF(P67>0,P67+R67,R67) -> 0 | W67: 46331 | X67: 56 | Y67: =(IF(P67>0,P67+R67,R67)-(X67*Ventas!AE41*1)) -> 0 | AA67: =(120*(Ventas!AE41*1) - IF(Y67>0,Y67,0)) -> 0 | AB67: =IF(AA67>0,AA67,0) -> 0 | AC67: =IF(Y67>0,Y67+IF(AB67>0,AB67,0),AB67) -> 0 | AD67: 1.53 | AE67: 3010 | AH67: D
B68: NO USAR--CAR MI EU 45 2.4 A FON--NO USAR | C68: I01483 | E68: 46238 | F68: 1 | G68: =(D68-(0)+0-(F68*Ventas!AE42*1)) -> 0 | I68: 0 | J68: =IF(G68>0,G68+I68,I68) -> 0 | N68: 46275 | O68: 37 | P68: =(IF(G68>0,G68+I68,I68)-(O68*Ventas!AE42*1)) -> 0 | R68: 0 | S68: =IF(P68>0,P68+R68,R68) -> 0 | W68: 46331 | X68: 56 | Y68: =(IF(P68>0,P68+R68,R68)-(X68*Ventas!AE42*1)) -> 0 | AA68: =(120*(Ventas!AE42*1) - IF(Y68>0,Y68,0)) -> 0 | AB68: =IF(AA68>0,AA68,0) -> 0 | AC68: =IF(Y68>0,Y68+IF(AB68>0,AB68,0),AB68) -> 0 | AD68: 1.3 | AE68: 3010 | AH68: A
B69: CABLE DE AUDIO 3.5MM BM31 1M METAL/TRENZ FONENG | C69: I01505 | D69: 42 | E69: 46238 | F69: 1 | G69: =(D69-(0)+0-(F69*Ventas!AE104*1)) -> 41.1841 | H69: =(G69/(Ventas!AE104*1)/60) -> 0.84128161 | I69: 0 | J69: =IF(G69>0,G69+I69,I69) -> 41.1841 | L69: 90 | M69: 0.000339 | N69: 46275 | O69: 37 | P69: =(IF(G69>0,G69+I69,I69)-(O69*Ventas!AE104*1)) -> 10.9958 | Q69: =(P69/(Ventas!AE104*1)/60) -> 0.22461494 | R69: 120 | S69: =IF(P69>0,P69+R69,R69) -> 130.9958 | T69: 0.61 | U69: 90 | V69: 0.000339 | W69: 46331 | X69: 56 | Y69: =(IF(P69>0,P69+R69,R69)-(X69*Ventas!AE104*1)) -> 85.3054 | Z69: =(Y69/(Ventas!AE104*1)/60) -> 1.7425624 | AA69: =(120*(Ventas!AE104*1) - IF(Y69>0,Y69,0)) -> 12.6026 | AB69: =IF(AA69>0,AA69,0) -> 12.6026 | AC69: =IF(Y69>0,Y69+IF(AB69>0,AB69,0),AB69) -> 97.908 | AD69: 0.59 | AE69: 3027 | AF69: =(AC69-(60*Ventas!AE104*1)) -> 48.954 | AG69: =(AF69/(Ventas!AE104*1)/60) -> 1 | AH69: A
B70: KIT CABLE X88 3A MICRO12/TIPO-C12/IPHONE6-FONENG | C70: I01506 | D70: 22 | E70: 46238 | F70: 1 | G70: =(D70-(0)+0-(F70*Ventas!AE105*1)) -> 21.918 | H70: =(G70/(Ventas!AE105*1)/60) -> 4.454878 | I70: 0 | J70: =IF(G70>0,G70+I70,I70) -> 21.918 | M70: 0.00537 | N70: 46275 | O70: 37 | P70: =(IF(G70>0,G70+I70,I70)-(O70*Ventas!AE105*1)) -> 18.884 | Q70: =(P70/(Ventas!AE105*1)/60) -> 3.8382114 | R70: 0 | S70: =IF(P70>0,P70+R70,R70) -> 18.884 | V70: 0.00537 | W70: 46331 | X70: 56 | Y70: =(IF(P70>0,P70+R70,R70)-(X70*Ventas!AE105*1)) -> 14.292 | Z70: =(Y70/(Ventas!AE105*1)/60) -> 2.904878 | AA70: =(120*(Ventas!AE105*1) - IF(Y70>0,Y70,0)) -> -4.452 | AB70: =IF(AA70>0,AA70,0) -> 0 | AC70: =IF(Y70>0,Y70+IF(AB70>0,AB70,0),AB70) -> 14.292 | AD70: 11.35 | AE70: 3010 | AF70: =(AC70-(60*Ventas!AE105*1)) -> 9.372 | AG70: =(AF70/(Ventas!AE105*1)/60) -> 1.904878 | AH70: A
B71: CABLE MICRO X88 3A 1MT -LOCAL-FONENG | C71: I01606 | E71: 46238 | F71: 1 | G71: =(D71-(0)+0-(F71*Ventas!AE106*1)) -> 0 | I71: 0 | J71: =IF(G71>0,G71+I71,I71) -> 0 | N71: 46275 | O71: 37 | P71: =(IF(G71>0,G71+I71,I71)-(O71*Ventas!AE106*1)) -> 0 | R71: 0 | S71: =IF(P71>0,P71+R71,R71) -> 0 | W71: 46331 | X71: 56 | Y71: =(IF(P71>0,P71+R71,R71)-(X71*Ventas!AE106*1)) -> 0 | AA71: =(120*(Ventas!AE106*1) - IF(Y71>0,Y71,0)) -> 0 | AB71: =IF(AA71>0,AA71,0) -> 0 | AC71: =IF(Y71>0,Y71+IF(AB71>0,AB71,0),AB71) -> 0 | AH71: A
B72: CABLE TIPO-C X88 3A 1MT -LOCAL-FONENG | C72: I01607 | E72: 46238 | F72: 1 | G72: =(D72-(0)+0-(F72*Ventas!AE107*1)) -> 0 | I72: 0 | J72: =IF(G72>0,G72+I72,I72) -> 0 | N72: 46275 | O72: 37 | P72: =(IF(G72>0,G72+I72,I72)-(O72*Ventas!AE107*1)) -> 0 | R72: 0 | S72: =IF(P72>0,P72+R72,R72) -> 0 | W72: 46331 | X72: 56 | Y72: =(IF(P72>0,P72+R72,R72)-(X72*Ventas!AE107*1)) -> 0 | AA72: =(120*(Ventas!AE107*1) - IF(Y72>0,Y72,0)) -> 0 | AB72: =IF(AA72>0,AA72,0) -> 0 | AC72: =IF(Y72>0,Y72+IF(AB72>0,AB72,0),AB72) -> 0 | AH72: A
B73: CABLE IPHONE X88 3A 1MT -LOCAL-FONENG | C73: I01608 | E73: 46238 | F73: 1 | G73: =(D73-(0)+0-(F73*Ventas!AE108*1)) -> 0 | I73: 0 | J73: =IF(G73>0,G73+I73,I73) -> 0 | N73: 46275 | O73: 37 | P73: =(IF(G73>0,G73+I73,I73)-(O73*Ventas!AE108*1)) -> 0 | R73: 0 | S73: =IF(P73>0,P73+R73,R73) -> 0 | W73: 46331 | X73: 56 | Y73: =(IF(P73>0,P73+R73,R73)-(X73*Ventas!AE108*1)) -> 0 | AA73: =(120*(Ventas!AE108*1) - IF(Y73>0,Y73,0)) -> 0 | AB73: =IF(AA73>0,AA73,0) -> 0 | AC73: =IF(Y73>0,Y73+IF(AB73>0,AB73,0),AB73) -> 0 | AH73: A
B74: CABLE DE AUDIO 3.5MM A IPHONE BM31 1M METAL/TRENZ | C74: I01707 | D74: 95 | E74: 46238 | F74: 1 | G74: =(D74-(0)+0-(F74*Ventas!AE109*1)) -> 94.0815 | H74: =(G74/(Ventas!AE109*1)/60) -> 1.7071584 | I74: 0 | J74: =IF(G74>0,G74+I74,I74) -> 94.0815 | L74: 90 | M74: 0.000339 | N74: 46275 | O74: 37 | P74: =(IF(G74>0,G74+I74,I74)-(O74*Ventas!AE109*1)) -> 60.097 | Q74: =(P74/(Ventas!AE109*1)/60) -> 1.0904917 | R74: 0 | S74: =IF(P74>0,P74+R74,R74) -> 60.097 | U74: 90 | V74: 0.000339 | W74: 46331 | X74: 56 | Y74: =(IF(P74>0,P74+R74,R74)-(X74*Ventas!AE109*1)) -> 8.661 | Z74: =(Y74/(Ventas!AE109*1)/60) -> 0.15715841 | AA74: =(120*(Ventas!AE109*1) - IF(Y74>0,Y74,0)) -> 101.559 | AB74: =IF(AA74>0,AA74,0) -> 101.559 | AC74: =IF(Y74>0,Y74+IF(AB74>0,AB74,0),AB74) -> 110.22 | AD74: 1.41 | AE74: 3027 | AF74: =(AC74-(60*Ventas!AE109*1)) -> 55.11 | AG74: =(AF74/(Ventas!AE109*1)/60) -> 1 | AH74: A
B75: CABLE DE AUDIO 3.5MM A TIPO-C BM31 1M METAL/TRENZ | C75: I01708 | E75: 46238 | F75: 1 | G75: =(D75-(0)+0-(F75*Ventas!AE110*1)) -> -0.9733 | H75: =(G75/(Ventas!AE110*1)/60) -> -0.016666667 | I75: 120 | J75: =IF(G75>0,G75+I75,I75) -> 120 | K75: 1.28 | L75: 90 | M75: 0.000339 | N75: 46275 | O75: 37 | P75: =(IF(G75>0,G75+I75,I75)-(O75*Ventas!AE110*1)) -> 83.9879 | Q75: =(P75/(Ventas!AE110*1)/60) -> 1.4381982 | R75: 120 | S75: =IF(P75>0,P75+R75,R75) -> 203.9879 | T75: 1.29 | U75: 90 | V75: 0.000339 | W75: 46331 | X75: 56 | Y75: =(IF(P75>0,P75+R75,R75)-(X75*Ventas!AE110*1)) -> 149.4831 | Z75: =(Y75/(Ventas!AE110*1)/60) -> 2.5597298 | AA75: =(120*(Ventas!AE110*1) - IF(Y75>0,Y75,0)) -> -32.6871 | AB75: =IF(AA75>0,AA75,0) -> 0 | AC75: =IF(Y75>0,Y75+IF(AB75>0,AB75,0),AB75) -> 149.4831 | AD75: 1.28 | AE75: 3025 | AF75: =(AC75-(60*Ventas!AE110*1)) -> 91.0851 | AG75: =(AF75/(Ventas!AE110*1)/60) -> 1.5597298 | AH75: A
B76: CABLE IPHONE XS02 WHI 2.4A 1.2MT TRENZ FONENG | C76: I01882 | D76: 63 | E76: 46238 | F76: 1 | G76: =(D76-(0)+0-(F76*Ventas!AE111*1)) -> 62.2059 | H76: =(G76/(Ventas!AE111*1)/60) -> 1.3055849 | I76: 0 | J76: =IF(G76>0,G76+I76,I76) -> 62.2059 | L76: 84 | M76: 0.000357 | N76: 46275 | O76: 37 | P76: =(IF(G76>0,G76+I76,I76)-(O76*Ventas!AE111*1)) -> 32.8242 | Q76: =(P76/(Ventas!AE111*1)/60) -> 0.68891827 | R76: 84 | S76: =IF(P76>0,P76+R76,R76) -> 116.8242 | T76: 0.76 | U76: 84 | V76: 0.000357 | W76: 46331 | X76: 56 | Y76: =(IF(P76>0,P76+R76,R76)-(X76*Ventas!AE111*1)) -> 72.3546 | Z76: =(Y76/(Ventas!AE111*1)/60) -> 1.5185871 | AA76: =(120*(Ventas!AE111*1) - IF(Y76>0,Y76,0)) -> 22.9374 | AB76: =IF(AA76>0,AA76,0) -> 22.9374 | AC76: =IF(Y76>0,Y76+IF(AB76>0,AB76,0),AB76) -> 95.292 | AD76: 0.69 | AE76: 3027 | AF76: =(AC76-(60*Ventas!AE111*1)) -> 47.646 | AG76: =(AF76/(Ventas!AE111*1)/60) -> 1 | AH76: A
B77: CABLE IPHONE XS02 BLUE 2.4A 1.2MT TRENZ FONENG | C77: I01883 | E77: 46238 | F77: 1 | G77: =(D77-(0)+0-(F77*Ventas!AE112*1)) -> -0.355 | H77: =(G77/(Ventas!AE112*1)/60) -> -0.016666667 | I77: 0 | J77: =IF(G77>0,G77+I77,I77) -> 0 | L77: 84 | M77: 0.000402 | N77: 46275 | O77: 37 | P77: =(IF(G77>0,G77+I77,I77)-(O77*Ventas!AE112*1)) -> -13.135 | Q77: =(P77/(Ventas!AE112*1)/60) -> -0.61666667 | R77: 0 | S77: =IF(P77>0,P77+R77,R77) -> 0 | U77: 84 | V77: 0.000402 | W77: 46331 | X77: 56 | Y77: =(IF(P77>0,P77+R77,R77)-(X77*Ventas!AE112*1)) -> -19.88 | Z77: =(Y77/(Ventas!AE112*1)/60) -> -0.93333333 | AA77: =(120*(Ventas!AE112*1) - IF(Y77>0,Y77,0)) -> 42.6 | AB77: =IF(AA77>0,AA77,0) -> 42.6 | AC77: =IF(Y77>0,Y77+IF(AB77>0,AB77,0),AB77) -> 42.6 | AD77: 0.67 | AE77: 3010 | AF77: =(AC77-(60*Ventas!AE112*1)) -> 21.3 | AG77: =(AF77/(Ventas!AE112*1)/60) -> 1 | AH77: D
B78: CABLE TIPO-C XS02 WHI 3A 1.2MT TRENZ FONENG | C78: I01944 | D78: 65 | E78: 46238 | F78: 1 | G78: =(D78-(0)+0-(F78*Ventas!AE113*1)) -> 63.8421 | H78: =(G78/(Ventas!AE113*1)/60) -> 0.91893514 | I78: 0 | J78: =IF(G78>0,G78+I78,I78) -> 63.8421 | L78: 84 | M78: 0.000357 | N78: 46275 | O78: 37 | P78: =(IF(G78>0,G78+I78,I78)-(O78*Ventas!AE113*1)) -> 20.9998 | Q78: =(P78/(Ventas!AE113*1)/60) -> 0.30226847 | R78: 84 | S78: =IF(P78>0,P78+R78,R78) -> 104.9998 | T78: 0.76 | U78: 84 | V78: 0.000357 | W78: 46331 | X78: 56 | Y78: =(IF(P78>0,P78+R78,R78)-(X78*Ventas!AE113*1)) -> 40.1574 | Z78: =(Y78/(Ventas!AE113*1)/60) -> 0.57802055 | AA78: =(120*(Ventas!AE113*1) - IF(Y78>0,Y78,0)) -> 98.7906 | AB78: =IF(AA78>0,AA78,0) -> 98.7906 | AC78: =IF(Y78>0,Y78+IF(AB78>0,AB78,0),AB78) -> 138.948 | AD78: 0.71 | AE78: 3027 | AF78: =(AC78-(60*Ventas!AE113*1)) -> 69.474 | AG78: =(AF78/(Ventas!AE113*1)/60) -> 1 | AH78: A
B79: CABLE TIPO-C X51 BK 3A 1MT TRENZ FONENG | C79: I02050 | D79: 47 | E79: 46238 | F79: 1 | G79: =(D79-(0)+0-(F79*Ventas!AE114*1)) -> 46.4159 | H79: =(G79/(Ventas!AE114*1)/60) -> 1.3244279 | I79: 0 | J79: =IF(G79>0,G79+I79,I79) -> 46.4159 | L79: 84 | M79: 0.000357 | N79: 46275 | O79: 37 | P79: =(IF(G79>0,G79+I79,I79)-(O79*Ventas!AE114*1)) -> 24.8042 | Q79: =(P79/(Ventas!AE114*1)/60) -> 0.70776123 | R79: 0 | S79: =IF(P79>0,P79+R79,R79) -> 24.8042 | U79: 84 | V79: 0.000357 | W79: 46331 | X79: 56 | Y79: =(IF(P79>0,P79+R79,R79)-(X79*Ventas!AE114*1)) -> -7.9054 | Z79: =(Y79/(Ventas!AE114*1)/60) -> -0.22557211 | AA79: =(120*(Ventas!AE114*1) - IF(Y79>0,Y79,0)) -> 70.092 | AB79: =IF(AA79>0,AA79,0) -> 70.092 | AC79: =IF(Y79>0,Y79+IF(AB79>0,AB79,0),AB79) -> 70.092 | AD79: 0.65 | AE79: 3010 | AF79: =(AC79-(60*Ventas!AE114*1)) -> 35.046 | AG79: =(AF79/(Ventas!AE114*1)/60) -> 1 | AH79: A
B80: CABLE IPHONE X51 BK 2.4A 1MT TRENZ FONENG | C80: I02052 | E80: 46238 | F80: 1 | G80: =(D80-(0)+0-(F80*Ventas!AE115*1)) -> -0.1867 | H80: =(G80/(Ventas!AE115*1)/60) -> -0.016666667 | I80: 0 | J80: =IF(G80>0,G80+I80,I80) -> 0 | L80: 84 | M80: 0.000357 | N80: 46275 | O80: 37 | P80: =(IF(G80>0,G80+I80,I80)-(O80*Ventas!AE115*1)) -> -6.9079 | Q80: =(P80/(Ventas!AE115*1)/60) -> -0.61666667 | R80: 0 | S80: =IF(P80>0,P80+R80,R80) -> 0 | U80: 84 | V80: 0.000357 | W80: 46331 | X80: 56 | Y80: =(IF(P80>0,P80+R80,R80)-(X80*Ventas!AE115*1)) -> -10.4552 | Z80: =(Y80/(Ventas!AE115*1)/60) -> -0.93333333 | AA80: =(120*(Ventas!AE115*1) - IF(Y80>0,Y80,0)) -> 22.404 | AB80: =IF(AA80>0,AA80,0) -> 22.404 | AC80: =IF(Y80>0,Y80+IF(AB80>0,AB80,0),AB80) -> 22.404 | AD80: 0.67 | AE80: 3010 | AF80: =(AC80-(60*Ventas!AE115*1)) -> 11.202 | AG80: =(AF80/(Ventas!AE115*1)/60) -> 1 | AH80: A
B81: CABLE MICRO XS06 2.1A 1MT FONENG | C81: I02111 | E81: 46238 | F81: 1 | G81: =(D81-(0)+0-(F81*Ventas!AE116*1)) -> 0 | I81: 0 | J81: =IF(G81>0,G81+I81,I81) -> 0 | L81: 6 | M81: 0.005 | N81: 46275 | O81: 37 | P81: =(IF(G81>0,G81+I81,I81)-(O81*Ventas!AE116*1)) -> 0 | R81: 0 | S81: =IF(P81>0,P81+R81,R81) -> 0 | U81: 6 | V81: 0.005 | W81: 46331 | X81: 56 | Y81: =(IF(P81>0,P81+R81,R81)-(X81*Ventas!AE116*1)) -> 0 | AA81: =(120*(Ventas!AE116*1) - IF(Y81>0,Y81,0)) -> 0 | AB81: =IF(AA81>0,AA81,0) -> 0 | AC81: =IF(Y81>0,Y81+IF(AB81>0,AB81,0),AB81) -> 0 | AH81: A
B82: CABLE TIPO-C X112 BK 3A 1MT METAL/TRENZ FONENG | C82: I02144 | E82: 46238 | F82: 1 | G82: =(D82-(0)+0-(F82*Ventas!AE117*1)) -> -1.0044 | H82: =(G82/(Ventas!AE117*1)/60) -> -0.016666667 | I82: 420 | J82: =IF(G82>0,G82+I82,I82) -> 420 | K82: 0.6 | L82: 84 | M82: 0.000357 | N82: 46275 | O82: 37 | P82: =(IF(G82>0,G82+I82,I82)-(O82*Ventas!AE117*1)) -> 382.8372 | Q82: =(P82/(Ventas!AE117*1)/60) -> 6.3526683 | R82: 84 | S82: =IF(P82>0,P82+R82,R82) -> 466.8372 | T82: 0.61 | U82: 84 | V82: 0.000357 | W82: 46331 | X82: 56 | Y82: =(IF(P82>0,P82+R82,R82)-(X82*Ventas!AE117*1)) -> 410.5908 | Z82: =(Y82/(Ventas!AE117*1)/60) -> 6.8132019 | AA82: =(120*(Ventas!AE117*1) - IF(Y82>0,Y82,0)) -> -290.0628 | AB82: =IF(AA82>0,AA82,0) -> 0 | AC82: =IF(Y82>0,Y82+IF(AB82>0,AB82,0),AB82) -> 410.5908 | AD82: 0.6 | AE82: 3025 | AF82: =(AC82-(60*Ventas!AE117*1)) -> 350.3268 | AG82: =(AF82/(Ventas!AE117*1)/60) -> 5.8132019 | AH82: A
B83: CABLE IPHONE X112 BK 3A 1MT METAL/TRENZ FONENG | C83: I02145 | D83: 48 | E83: 46238 | F83: 1 | G83: =(D83-(0)+0-(F83*Ventas!AE118*1)) -> 47.4096 | H83: =(G83/(Ventas!AE118*1)/60) -> 1.3383469 | I83: 168 | J83: =IF(G83>0,G83+I83,I83) -> 215.4096 | K83: 0.6 | L83: 84 | M83: 0.000357 | N83: 46275 | O83: 37 | P83: =(IF(G83>0,G83+I83,I83)-(O83*Ventas!AE118*1)) -> 193.5648 | Q83: =(P83/(Ventas!AE118*1)/60) -> 5.4642276 | R83: 168 | S83: =IF(P83>0,P83+R83,R83) -> 361.5648 | T83: 0.61 | U83: 84 | V83: 0.000357 | W83: 46331 | X83: 56 | Y83: =(IF(P83>0,P83+R83,R83)-(X83*Ventas!AE118*1)) -> 328.5024 | Z83: =(Y83/(Ventas!AE118*1)/60) -> 9.2734417 | AA83: =(120*(Ventas!AE118*1) - IF(Y83>0,Y83,0)) -> -257.6544 | AB83: =IF(AA83>0,AA83,0) -> 0 | AC83: =IF(Y83>0,Y83+IF(AB83>0,AB83,0),AB83) -> 328.5024 | AD83: 0.6 | AE83: 3025 | AF83: =(AC83-(60*Ventas!AE118*1)) -> 293.0784 | AG83: =(AF83/(Ventas!AE118*1)/60) -> 8.2734417 | AH83: A
B84: CABLE TIPO-C/TIPO-C XS01 3A 60W 1MT FONENG | C84: I02202 | D84: 1052 | E84: 46238 | F84: 1 | G84: =(D84-(0)+0-(F84*Ventas!AE119*1)) -> 1048.346 | H84: =(G84/(Ventas!AE119*1)/60) -> 4.7817278 | I84: 0 | J84: =IF(G84>0,G84+I84,I84) -> 1048.346 | L84: 84 | M84: 0.000357 | N84: 46275 | O84: 37 | P84: =(IF(G84>0,G84+I84,I84)-(O84*Ventas!AE119*1)) -> 913.148 | Q84: =(P84/(Ventas!AE119*1)/60) -> 4.1650611 | R84: 0 | S84: =IF(P84>0,P84+R84,R84) -> 913.148 | U84: 84 | V84: 0.000357 | W84: 46331 | X84: 56 | Y84: =(IF(P84>0,P84+R84,R84)-(X84*Ventas!AE119*1)) -> 708.524 | Z84: =(Y84/(Ventas!AE119*1)/60) -> 3.2317278 | AA84: =(120*(Ventas!AE119*1) - IF(Y84>0,Y84,0)) -> -270.044 | AB84: =IF(AA84>0,AA84,0) -> 0 | AC84: =IF(Y84>0,Y84+IF(AB84>0,AB84,0),AB84) -> 708.524 | AD84: 0.4001 | AE84: 3010 | AF84: =(AC84-(60*Ventas!AE119*1)) -> 489.284 | AG84: =(AF84/(Ventas!AE119*1)/60) -> 2.2317278 | AH84: A
B85: CABLE TIPO-C/TIPO-C X110 60W 1.2MT TRENZ. FONENG | C85: I02267 | E85: 46238 | F85: 1 | G85: =(D85-(0)+0-(F85*Ventas!AE120*1)) -> -2.584 | H85: =(G85/(Ventas!AE120*1)/60) -> -0.016666667 | I85: 168 | J85: =IF(G85>0,G85+I85,I85) -> 168 | K85: 0.75 | L85: 84 | M85: 0.000357 | N85: 46275 | O85: 37 | P85: =(IF(G85>0,G85+I85,I85)-(O85*Ventas!AE120*1)) -> 72.392 | Q85: =(P85/(Ventas!AE120*1)/60) -> 0.46692466 | R85: 168 | S85: =IF(P85>0,P85+R85,R85) -> 240.392 | T85: 0.76 | U85: 84 | V85: 0.000357 | W85: 46331 | X85: 56 | Y85: =(IF(P85>0,P85+R85,R85)-(X85*Ventas!AE120*1)) -> 95.688 | Z85: =(Y85/(Ventas!AE120*1)/60) -> 0.61718266 | AA85: =(120*(Ventas!AE120*1) - IF(Y85>0,Y85,0)) -> 214.392 | AB85: =IF(AA85>0,AA85,0) -> 214.392 | AC85: =IF(Y85>0,Y85+IF(AB85>0,AB85,0),AB85) -> 310.08 | AD85: 0.75 | AE85: 3025 | AF85: =(AC85-(60*Ventas!AE120*1)) -> 155.04 | AG85: =(AF85/(Ventas!AE120*1)/60) -> 1 | AH85: A
B86: CABLE TIPO-C/TIPO-C X117 60W 1MT FONENG | C86: I02285 | E86: 46238 | F86: 1 | G86: =(D86-(0)+0-(F86*Ventas!AE121*1)) -> 0 | I86: 0 | J86: =IF(G86>0,G86+I86,I86) -> 0 | L86: 84 | M86: 0.000357 | N86: 46275 | O86: 37 | P86: =(IF(G86>0,G86+I86,I86)-(O86*Ventas!AE121*1)) -> 0 | R86: 0 | S86: =IF(P86>0,P86+R86,R86) -> 0 | U86: 84 | V86: 0.000357 | W86: 46331 | X86: 56 | Y86: =(IF(P86>0,P86+R86,R86)-(X86*Ventas!AE121*1)) -> 0 | AA86: =(120*(Ventas!AE121*1) - IF(Y86>0,Y86,0)) -> 0 | AB86: =IF(AA86>0,AA86,0) -> 0 | AC86: =IF(Y86>0,Y86+IF(AB86>0,AB86,0),AB86) -> 0 | AE86: 3010 | AH86: A
B87: CABLE TIPO-C/ LIGHTING X116 PD27W 1MT FONENG | C87: I02286 | E87: 46238 | F87: 1 | G87: =(D87-(0)+0-(F87*Ventas!AE122*1)) -> 0 | I87: 0 | J87: =IF(G87>0,G87+I87,I87) -> 0 | L87: 84 | M87: 0.000357 | N87: 46275 | O87: 37 | P87: =(IF(G87>0,G87+I87,I87)-(O87*Ventas!AE122*1)) -> 0 | R87: 0 | S87: =IF(P87>0,P87+R87,R87) -> 0 | U87: 84 | V87: 0.000357 | W87: 46331 | X87: 56 | Y87: =(IF(P87>0,P87+R87,R87)-(X87*Ventas!AE122*1)) -> 0 | AA87: =(120*(Ventas!AE122*1) - IF(Y87>0,Y87,0)) -> 0 | AB87: =IF(AA87>0,AA87,0) -> 0 | AC87: =IF(Y87>0,Y87+IF(AB87>0,AB87,0),AB87) -> 0 | AE87: 3010 | AH87: A
B88: CABLE MICRO X115 2.1A 1MT FONENG | C88: I02287 | E88: 46238 | F88: 1 | G88: =(D88-(0)+0-(F88*Ventas!AE123*1)) -> 0 | I88: 0 | J88: =IF(G88>0,G88+I88,I88) -> 0 | L88: 84 | M88: 0.000357 | N88: 46275 | O88: 37 | P88: =(IF(G88>0,G88+I88,I88)-(O88*Ventas!AE123*1)) -> 0 | R88: 0 | S88: =IF(P88>0,P88+R88,R88) -> 0 | U88: 84 | V88: 0.000357 | W88: 46331 | X88: 56 | Y88: =(IF(P88>0,P88+R88,R88)-(X88*Ventas!AE123*1)) -> 0 | AA88: =(120*(Ventas!AE123*1) - IF(Y88>0,Y88,0)) -> 0 | AB88: =IF(AA88>0,AA88,0) -> 0 | AC88: =IF(Y88>0,Y88+IF(AB88>0,AB88,0),AB88) -> 0 | AE88: 3010 | AH88: A
B89: MUESTRA-CABLE 3 EN 1 RETRACTIL X113 2.4A 1.1MT FON | C89: I02288 | E89: 46238 | F89: 1 | G89: =(D89-(0)+0-(F89*Ventas!AE124*1)) -> 0 | I89: 0 | J89: =IF(G89>0,G89+I89,I89) -> 0 | L89: 44 | M89: 0.000773 | N89: 46275 | O89: 37 | P89: =(IF(G89>0,G89+I89,I89)-(O89*Ventas!AE124*1)) -> 0 | R89: 0 | S89: =IF(P89>0,P89+R89,R89) -> 0 | U89: 44 | V89: 0.000773 | W89: 46331 | X89: 56 | Y89: =(IF(P89>0,P89+R89,R89)-(X89*Ventas!AE124*1)) -> 0 | AA89: =(120*(Ventas!AE124*1) - IF(Y89>0,Y89,0)) -> 0 | AB89: =IF(AA89>0,AA89,0) -> 0 | AC89: =IF(Y89>0,Y89+IF(AB89>0,AB89,0),AB89) -> 0 | AE89: 3010 | AH89: A
B90: CABLE TIPOC/ TIPOC XS03 60W 1.2MT FONENG | C90: I02289 | E90: 46238 | F90: 1 | G90: =(D90-(0)+0-(F90*Ventas!AE125*1)) -> 0 | I90: 0 | J90: =IF(G90>0,G90+I90,I90) -> 0 | L90: 84 | M90: 0.000357 | N90: 46275 | O90: 37 | P90: =(IF(G90>0,G90+I90,I90)-(O90*Ventas!AE125*1)) -> 0 | R90: 0 | S90: =IF(P90>0,P90+R90,R90) -> 0 | U90: 84 | V90: 0.000357 | W90: 46331 | X90: 56 | Y90: =(IF(P90>0,P90+R90,R90)-(X90*Ventas!AE125*1)) -> 0 | AA90: =(120*(Ventas!AE125*1) - IF(Y90>0,Y90,0)) -> 0 | AB90: =IF(AA90>0,AA90,0) -> 0 | AC90: =IF(Y90>0,Y90+IF(AB90>0,AB90,0),AB90) -> 0 | AE90: 3010 | AH90: A
B91: CABLE TIPOC/ TIPOC XS05 100W 1.2MT FONENG | C91: I02290 | E91: 46238 | F91: 1 | G91: =(D91-(0)+0-(F91*Ventas!AE126*1)) -> 0 | I91: 0 | J91: =IF(G91>0,G91+I91,I91) -> 0 | L91: 44 | M91: 0.000773 | N91: 46275 | O91: 37 | P91: =(IF(G91>0,G91+I91,I91)-(O91*Ventas!AE126*1)) -> 0 | R91: 0 | S91: =IF(P91>0,P91+R91,R91) -> 0 | U91: 44 | V91: 0.000773 | W91: 46331 | X91: 56 | Y91: =(IF(P91>0,P91+R91,R91)-(X91*Ventas!AE126*1)) -> 0 | AA91: =(120*(Ventas!AE126*1) - IF(Y91>0,Y91,0)) -> 0 | AB91: =IF(AA91>0,AA91,0) -> 0 | AC91: =IF(Y91>0,Y91+IF(AB91>0,AB91,0),AB91) -> 0 | AE91: 3010 | AH91: A
B92: CABLE TIPO C XS07 3A 1.2MT FONENG WHITE | C92: I02291 | E92: 46238 | F92: 1 | G92: =(D92-(0)+0-(F92*Ventas!AE127*1)) -> 0 | I92: 0 | J92: =IF(G92>0,G92+I92,I92) -> 0 | L92: 84 | M92: 0.000357 | N92: 46275 | O92: 37 | P92: =(IF(G92>0,G92+I92,I92)-(O92*Ventas!AE127*1)) -> 0 | R92: 0 | S92: =IF(P92>0,P92+R92,R92) -> 0 | U92: 84 | V92: 0.000357 | W92: 46331 | X92: 56 | Y92: =(IF(P92>0,P92+R92,R92)-(X92*Ventas!AE127*1)) -> 0 | AA92: =(120*(Ventas!AE127*1) - IF(Y92>0,Y92,0)) -> 0 | AB92: =IF(AA92>0,AA92,0) -> 0 | AC92: =IF(Y92>0,Y92+IF(AB92>0,AB92,0),AB92) -> 0 | AE92: 3010 | AH92: A
B93: CABLE TIPO C XS07 3A 1.2MT FONENG BLACK | C93: I02292 | E93: 46238 | F93: 1 | G93: =(D93-(0)+0-(F93*Ventas!AE128*1)) -> 0 | I93: 0 | J93: =IF(G93>0,G93+I93,I93) -> 0 | L93: 84 | M93: 0.000357 | N93: 46275 | O93: 37 | P93: =(IF(G93>0,G93+I93,I93)-(O93*Ventas!AE128*1)) -> 0 | R93: 0 | S93: =IF(P93>0,P93+R93,R93) -> 0 | U93: 84 | V93: 0.000357 | W93: 46331 | X93: 56 | Y93: =(IF(P93>0,P93+R93,R93)-(X93*Ventas!AE128*1)) -> 0 | AA93: =(120*(Ventas!AE128*1) - IF(Y93>0,Y93,0)) -> 0 | AB93: =IF(AA93>0,AA93,0) -> 0 | AC93: =IF(Y93>0,Y93+IF(AB93>0,AB93,0),AB93) -> 0 | AE93: 3010 | AH93: A
B94: CABLE TIPO C XS08 3A 1.2MT FONENG | C94: I02293 | E94: 46238 | F94: 1 | G94: =(D94-(0)+0-(F94*Ventas!AE129*1)) -> 0 | I94: 0 | J94: =IF(G94>0,G94+I94,I94) -> 0 | L94: 84 | M94: 0.000357 | N94: 46275 | O94: 37 | P94: =(IF(G94>0,G94+I94,I94)-(O94*Ventas!AE129*1)) -> 0 | R94: 0 | S94: =IF(P94>0,P94+R94,R94) -> 0 | U94: 84 | V94: 0.000357 | W94: 46331 | X94: 56 | Y94: =(IF(P94>0,P94+R94,R94)-(X94*Ventas!AE129*1)) -> 0 | AA94: =(120*(Ventas!AE129*1) - IF(Y94>0,Y94,0)) -> 0 | AB94: =IF(AA94>0,AA94,0) -> 0 | AC94: =IF(Y94>0,Y94+IF(AB94>0,AB94,0),AB94) -> 0 | AE94: 3010 | AH94: A
B95: CABLE TIPO C 3 EN 1 XS09 60W 1.2MT FONENG | C95: I02294 | E95: 46238 | F95: 1 | G95: =(D95-(0)+0-(F95*Ventas!AE130*1)) -> 0 | I95: 0 | J95: =IF(G95>0,G95+I95,I95) -> 0 | L95: 84 | M95: 0.000357 | N95: 46275 | O95: 37 | P95: =(IF(G95>0,G95+I95,I95)-(O95*Ventas!AE130*1)) -> 0 | R95: 0 | S95: =IF(P95>0,P95+R95,R95) -> 0 | U95: 84 | V95: 0.000357 | W95: 46331 | X95: 56 | Y95: =(IF(P95>0,P95+R95,R95)-(X95*Ventas!AE130*1)) -> 0 | AA95: =(120*(Ventas!AE130*1) - IF(Y95>0,Y95,0)) -> 0 | AB95: =IF(AA95>0,AA95,0) -> 0 | AC95: =IF(Y95>0,Y95+IF(AB95>0,AB95,0),AB95) -> 0 | AE95: 3010 | AH95: A
B96: CABLE TIPO C/ TIPO C 2 EN 1 XS10 60W 1.2MT FONENG | C96: I02295 | E96: 46238 | F96: 1 | G96: =(D96-(0)+0-(F96*Ventas!AE131*1)) -> 0 | I96: 0 | J96: =IF(G96>0,G96+I96,I96) -> 0 | L96: 84 | M96: 0.000357 | N96: 46275 | O96: 37 | P96: =(IF(G96>0,G96+I96,I96)-(O96*Ventas!AE131*1)) -> 0 | R96: 0 | S96: =IF(P96>0,P96+R96,R96) -> 0 | U96: 84 | V96: 0.000357 | W96: 46331 | X96: 56 | Y96: =(IF(P96>0,P96+R96,R96)-(X96*Ventas!AE131*1)) -> 0 | AA96: =(120*(Ventas!AE131*1) - IF(Y96>0,Y96,0)) -> 0 | AB96: =IF(AA96>0,AA96,0) -> 0 | AC96: =IF(Y96>0,Y96+IF(AB96>0,AB96,0),AB96) -> 0 | AE96: 3010 | AH96: A
B97: CABLE TIPO C/ LIGHTIN 2 EN 1 XS10 60W 1.2MT FONENG | C97: I02296 | E97: 46238 | F97: 1 | G97: =(D97-(0)+0-(F97*Ventas!AE132*1)) -> 0 | I97: 0 | J97: =IF(G97>0,G97+I97,I97) -> 0 | L97: 84 | M97: 0.000357 | N97: 46275 | O97: 37 | P97: =(IF(G97>0,G97+I97,I97)-(O97*Ventas!AE132*1)) -> 0 | R97: 0 | S97: =IF(P97>0,P97+R97,R97) -> 0 | U97: 84 | V97: 0.000357 | W97: 46331 | X97: 56 | Y97: =(IF(P97>0,P97+R97,R97)-(X97*Ventas!AE132*1)) -> 0 | AA97: =(120*(Ventas!AE132*1) - IF(Y97>0,Y97,0)) -> 0 | AB97: =IF(AA97>0,AA97,0) -> 0 | AC97: =IF(Y97>0,Y97+IF(AB97>0,AB97,0),AB97) -> 0 | AE97: 3010 | AH97: A
B98: CABLE MICRO X82 2.1A 1MT METAL TRENZADO FONENG | C98: I02344 | D98: 78 | E98: 46238 | F98: 1 | G98: =(D98-(0)+0-(F98*Ventas!AE133*1)) -> 77.9806 | H98: =(G98/(Ventas!AE133*1)/60) -> 66.993643 | I98: 0 | J98: =IF(G98>0,G98+I98,I98) -> 77.9806 | N98: 46275 | O98: 37 | P98: =(IF(G98>0,G98+I98,I98)-(O98*Ventas!AE133*1)) -> 77.2628 | Q98: =(P98/(Ventas!AE133*1)/60) -> 66.376976 | R98: 0 | S98: =IF(P98>0,P98+R98,R98) -> 77.2628 | W98: 46331 | X98: 56 | Y98: =(IF(P98>0,P98+R98,R98)-(X98*Ventas!AE133*1)) -> 76.1764 | Z98: =(Y98/(Ventas!AE133*1)/60) -> 65.443643 | AA98: =(120*(Ventas!AE133*1) - IF(Y98>0,Y98,0)) -> -73.8484 | AB98: =IF(AA98>0,AA98,0) -> 0 | AC98: =IF(Y98>0,Y98+IF(AB98>0,AB98,0),AB98) -> 76.1764 | AD98: 0.59 | AE98: 3027 | AF98: =(AC98-(60*Ventas!AE133*1)) -> 75.0124 | AG98: =(AF98/(Ventas!AE133*1)/60) -> 64.443643 | AH98: D
B99: CABLE TIPO-C X80 100W 1.2MT METAL FONENG | C99: I02345 | E99: 46238 | F99: 1 | G99: =(D99-(0)+0-(F99*Ventas!AE134*1)) -> -0.7885 | H99: =(G99/(Ventas!AE134*1)/60) -> -0.016666667 | I99: 0 | J99: =IF(G99>0,G99+I99,I99) -> 0 | L99: 84 | M99: 0.000357 | N99: 46275 | O99: 37 | P99: =(IF(G99>0,G99+I99,I99)-(O99*Ventas!AE134*1)) -> -29.1745 | Q99: =(P99/(Ventas!AE134*1)/60) -> -0.61666667 | R99: 0 | S99: =IF(P99>0,P99+R99,R99) -> 0 | U99: 84 | V99: 0.000357 | W99: 46331 | X99: 56 | Y99: =(IF(P99>0,P99+R99,R99)-(X99*Ventas!AE134*1)) -> -44.156 | Z99: =(Y99/(Ventas!AE134*1)/60) -> -0.93333333 | AA99: =(120*(Ventas!AE134*1) - IF(Y99>0,Y99,0)) -> 94.62 | AB99: =IF(AA99>0,AA99,0) -> 94.62 | AC99: =IF(Y99>0,Y99+IF(AB99>0,AB99,0),AB99) -> 94.62 | AD99: 0.77 | AE99: 3027 | AF99: =(AC99-(60*Ventas!AE134*1)) -> 47.31 | AG99: =(AF99/(Ventas!AE134*1)/60) -> 1 | AH99: D
B100: CABLE 3 EN 1 RETRACTIL X113 BK 2.4A 1.1MT FONENG | C100: I02399 | D100: 42 | E100: 46238 | F100: 1 | G100: =(D100-(0)+0-(F100*Ventas!AE135*1)) -> 41.8435 | H100: =(G100/(Ventas!AE135*1)/60) -> 4.4561768 | I100: 0 | J100: =IF(G100>0,G100+I100,I100) -> 41.8435 | L100: 44 | M100: 0.000806 | N100: 46275 | O100: 37 | P100: =(IF(G100>0,G100+I100,I100)-(O100*Ventas!AE135*1)) -> 36.053 | Q100: =(P100/(Ventas!AE135*1)/60) -> 3.8395101 | R100: 0 | S100: =IF(P100>0,P100+R100,R100) -> 36.053 | U100: 44 | V100: 0.000806 | W100: 46331 | X100: 56 | Y100: =(IF(P100>0,P100+R100,R100)-(X100*Ventas!AE135*1)) -> 27.289 | Z100: =(Y100/(Ventas!AE135*1)/60) -> 2.9061768 | AA100: =(120*(Ventas!AE135*1) - IF(Y100>0,Y100,0)) -> -8.509 | AB100: =IF(AA100>0,AA100,0) -> 0 | AC100: =IF(Y100>0,Y100+IF(AB100>0,AB100,0),AB100) -> 27.289 | AD100: 1.78 | AE100: 3027 | AF100: =(AC100-(60*Ventas!AE135*1)) -> 17.899 | AG100: =(AF100/(Ventas!AE135*1)/60) -> 1.9061768 | AH100: D
B101: CABLE 3 EN 1 RETRACTIL X113 BLUE 2.4A 1.1MT FONENG | C101: I02400 | D101: 65 | E101: 46238 | F101: 1 | G101: =(D101-(0)+0-(F101*Ventas!AE136*1)) -> 64.9518 | H101: =(G101/(Ventas!AE136*1)/60) -> 22.459129 | I101: 0 | J101: =IF(G101>0,G101+I101,I101) -> 64.9518 | L101: 44 | M101: 0.000806 | N101: 46275 | O101: 37 | P101: =(IF(G101>0,G101+I101,I101)-(O101*Ventas!AE136*1)) -> 63.1684 | Q101: =(P101/(Ventas!AE136*1)/60) -> 21.842462 | R101: 0 | S101: =IF(P101>0,P101+R101,R101) -> 63.1684 | U101: 44 | V101: 0.000806 | W101: 46331 | X101: 56 | Y101: =(IF(P101>0,P101+R101,R101)-(X101*Ventas!AE136*1)) -> 60.4692 | Z101: =(Y101/(Ventas!AE136*1)/60) -> 20.909129 | AA101: =(120*(Ventas!AE136*1) - IF(Y101>0,Y101,0)) -> -54.6852 | AB101: =IF(AA101>0,AA101,0) -> 0 | AC101: =IF(Y101>0,Y101+IF(AB101>0,AB101,0),AB101) -> 60.4692 | AD101: 1.78 | AE101: 3027 | AF101: =(AC101-(60*Ventas!AE136*1)) -> 57.5772 | AG101: =(AF101/(Ventas!AE136*1)/60) -> 19.909129 | AH101: D
...
