Workbook

Sheet Ventas
A1: Articulo | B1: Descripcion | C1: Codigos Barras | D1: Vta.Jul/25 | E1: Vta.Ago/25 | F1: Vta.Sep/25 | G1: Vta.Oct/25 | H1: Vta.Nov/25 | I1: Vta.Dic/25 | J1: Vta.Ene/26 | K1: Vta.Feb/26 | L1: Vta.Mar/26 | M1: Vta.Abr/26 | N1: Vta.May/26 | O1: Vta.Jun/26 | P1: Vta.Jul/26 | Q1: Jul/25 | R1: Ago/25 | S1: Sep/25 | T1: Oct/25 | U1: Nov/25 | V1: Dic/25 | W1: Ene/26 | X1: Feb/26 | Y1: Mar/26 | Z1: Abr/26 | AA1: May/26 | AB1: Jun/26 | AC1: Jul/26 | AD1: Rotacion DesEstac. | AE1: Rot. Manual | AF1: Estado Art. | AG1: SIN STOCK | AH1: SIN STOCK | AI1: TOT STK | AJ1: C/STK | AK1: VTA | AL1: DDSTK
A2: C00159 | B2: TONER SAMSUNG CPT ML1610/2010/4521/X3117 3K Univ. | C2: 5358125120017 | D2: 2 | E2: 3 | F2: 7 | G2: 4 | H2: 5 | J2: 6 | K2: 2 | L2: 5 | M2: 9 | N2: 4 | O2: 2 | Q2: 0.0645 | R2: 0.0968 | S2: 0.2029 | T2: 0.129 | U2: 0.1667 | V2: 0 | W2: 0.2419 | X2: 0.084 | Y2: 0.1466 | Z2: 0.3333 | AA2: 0.1229 | AB2: 0.058 | AC2: 0 | AD2: 0.1372 | AE2: =AVERAGE(V2:AB2) -> 0.14095714 | AF2: A | AG2: {=DIASQUIEBRE(Q2:AB2)} -> 0 | AH2: {=DiasMesesGris(Q2:AB2)} -> 0 | AI2: =AG2+AH2 -> 0 | AJ2: =360-AI2 -> 360 | AK2: =SUM(D2:O2) -> 49 | AL2: =IFERROR(AK2/AJ2,0) -> 0.13611111
A3: C00160 | B3: TONER HP Q2612A / CANON FX9 / FX10 2K CPT | C3: 5350125120257 | D3: 20 | E3: 16 | F3: 24 | G3: 13 | H3: 9 | I3: 13 | J3: 13 | K3: 8 | L3: 31 | M3: 14 | N3: 25 | O3: 29 | Q3: 0.6452 | R3: 0.5161 | S3: 0.6957 | T3: 0.4194 | U3: 0.3 | V3: 0.4194 | W3: 0.5242 | X3: 0.3361 | Y3: 0.9091 | Z3: 0.5185 | AA3: 0.768 | AB3: 0.8406 | AC3: 0 | AD3: 0.5744 | AE3: =AVERAGE(V3:AB3) -> 0.61655714 | AF3: A | AG3: {=DIASQUIEBRE(Q3:AB3)} -> 0 | AH3: {=DiasMesesGris(Q3:AB3)} -> 0 | AI3: =AG3+AH3 -> 0 | AJ3: =360-AI3 -> 360 | AK3: =SUM(D3:O3) -> 215 | AL3: =IFERROR(AK3/AJ3,0) -> 0.59722222
A4: C00163 | B4: TONER LEXMARK E120 - 12018SL CPT 2K | C4: 5357125120133 | Q4: 0 | R4: 0 | S4: 0 | T4: 0 | U4: 0 | V4: 0 | W4: 0 | X4: 0 | Y4: 0 | Z4: 0 | AA4: 0 | AB4: 0 | AC4: 0 | AE4: =AVERAGE(V4:AB4) -> 0 | AF4: A | AG4: {=DIASQUIEBRE(Q4:AB4)} -> 0 | AH4: {=DiasMesesGris(Q4:AB4)} -> 0 | AI4: =AG4+AH4 -> 0 | AJ4: =360-AI4 -> 360 | AK4: =SUM(D4:O4) -> 0 | AL4: =IFERROR(AK4/AJ4,0) -> 0
A5: C00164 | B5: TONER HP Q5949A / Q7553A 3K CPT | C5: 5350125120127 | D5: 1 | E5: 1 | G5: 1 | I5: 1 | J5: 1 | K5: 2 | M5: 3 | Q5: 0.0323 | R5: 0.0323 | S5: 0 | T5: 0.0323 | U5: 0 | V5: 0.0323 | W5: 0.0403 | X5: 0.084 | Y5: 0 | Z5: 0.1111 | AA5: 0 | AB5: 0 | AC5: 0 | AD5: 0.0304 | AE5: =AVERAGE(V5:AB5) -> 0.038242857 | AF5: A | AG5: {=DIASQUIEBRE(Q5:AB5)} -> 0 | AH5: {=DiasMesesGris(Q5:AB5)} -> 0 | AI5: =AG5+AH5 -> 0 | AJ5: =360-AI5 -> 360 | AK5: =SUM(D5:O5) -> 10 | AL5: =IFERROR(AK5/AJ5,0) -> 0.027777778
A6: C00165 | B6: TONER HP C4092A/CANON EP-22 CPT 2.5K | C6: 5350125120059 | E6: 2 | F6: 1 | Q6: 0 | R6: =E6/30 -> 0.066666667 | S6: 0 | T6: 0 | U6: 0 | V6: 0 | W6: 0 | X6: 0 | Y6: 0 | Z6: 0 | AA6: 0 | AB6: 0 | AC6: 0 | AE6: =AVERAGE(V6:AB6) -> 0 | AF6: A | AG6: {=DIASQUIEBRE(Q6:AB6)} -> 21 | AH6: {=DiasMesesGris(Q6:AB6)} -> 300 | AI6: =AG6+AH6 -> 321 | AJ6: =360-AI6 -> 39 | AK6: =SUM(D6:O6) -> 3 | AL6: =IFERROR(AK6/AJ6,0) -> 0.076923077
A7: C00166 | B7: TONER HP Q7553A 3K CPT | C7: 5350125120400 | Q7: 0 | R7: 0 | S7: 0 | T7: 0 | U7: 0 | V7: 0 | W7: 0 | X7: 0 | Y7: 0 | Z7: 0 | AA7: 0 | AB7: 0 | AC7: 0 | AE7: =AVERAGE(V7:AB7) -> 0 | AF7: D | AG7: {=DIASQUIEBRE(Q7:AB7)} -> 0 | AH7: {=DiasMesesGris(Q7:AB7)} -> 360 | AI7: =AG7+AH7 -> 360 | AJ7: =360-AI7 -> 0 | AK7: =SUM(D7:O7) -> 0 | AL7: =IFERROR(AK7/AJ7,0) -> 0
A8: C00174 | B8: TONER XEROX 106R01271 BK 6110 CPT 2.0k | C8: 5352125120022 | Q8: 0 | R8: 0 | S8: 0 | T8: 0 | U8: 0 | V8: 0 | W8: 0 | X8: 0 | Y8: 0 | Z8: 0 | AA8: 0 | AB8: 0 | AC8: 0 | AE8: =AVERAGE(V8:AB8) -> 0 | AF8: A | AG8: {=DIASQUIEBRE(Q8:AB8)} -> 0 | AH8: {=DiasMesesGris(Q8:AB8)} -> 360 | AI8: =AG8+AH8 -> 360 | AJ8: =360-AI8 -> 0 | AK8: =SUM(D8:O8) -> 0 | AL8: =IFERROR(AK8/AJ8,0) -> 0
A9: C00175 | B9: TONER XEROX 106R01272 CY 6110 CPT 1.0k | C9: 5352125120039 | N9: 2 | O9: -2 | Q9: 0 | R9: 0 | S9: 0 | T9: =G9/30 -> 0 | U9: 0 | V9: 0 | W9: 0 | X9: 0 | Y9: 0 | Z9: 0 | AA9: =N9/30 -> 0.066666667 | AB9: =O9/30 -> -0.066666667 | AC9: 0 | AE9: =AVERAGE(V9:AB9) -> 0 | AF9: A | AG9: {=DIASQUIEBRE(Q9:AB9)} -> 56 | AH9: {=DiasMesesGris(Q9:AB9)} -> 0 | AI9: =AG9+AH9 -> 56 | AJ9: =360-AI9 -> 304 | AK9: =SUM(D9:O9) -> 0 | AL9: =IFERROR(AK9/AJ9,0) -> 0
A10: C00176 | B10: TONER XEROX 106R01273 MG 6110 CPT 1.0K | C10: 5352125120046 | Q10: 0 | R10: 0 | S10: 0 | T10: 0 | U10: 0 | V10: 0 | W10: 0 | X10: 0 | Y10: 0 | Z10: 0 | AA10: 0 | AB10: 0 | AC10: 0 | AE10: =AVERAGE(V10:AB10) -> 0 | AF10: A | AG10: {=DIASQUIEBRE(Q10:AB10)} -> 0 | AH10: {=DiasMesesGris(Q10:AB10)} -> 0 | AI10: =AG10+AH10 -> 0 | AJ10: =360-AI10 -> 360 | AK10: =SUM(D10:O10) -> 0 | AL10: =IFERROR(AK10/AJ10,0) -> 0
A11: C00177 | B11: TONER XEROX 106R01274 YE 6110 CPT 1.0K | C11: 5352125120053 | Q11: 0 | R11: 0 | S11: 0 | T11: 0 | U11: 0 | V11: 0 | W11: 0 | X11: 0 | Y11: 0 | Z11: 0 | AA11: 0 | AB11: 0 | AC11: 0 | AE11: =AVERAGE(V11:AB11) -> 0 | AF11: A | AG11: {=DIASQUIEBRE(Q11:AB11)} -> 0 | AH11: {=DiasMesesGris(Q11:AB11)} -> 360 | AI11: =AG11+AH11 -> 360 | AJ11: =360-AI11 -> 0 | AK11: =SUM(D11:O11) -> 0 | AL11: =IFERROR(AK11/AJ11,0) -> 0
A12: C00178 | B12: TONER BROTHER TN-360/TN-2115/2125 CPT 2.6K | C12: 5353137120017 | D12: 14 | E12: 8 | F12: 6 | G12: 6 | H12: 15 | I12: 17 | K12: 6 | L12: 9 | M12: 6 | N12: 1 | O12: 13 | Q12: 0.4516 | R12: 0.2581 | S12: 0.1739 | T12: 0.1935 | U12: 0.5 | V12: 0.5484 | W12: 0 | X12: 0.2521 | Y12: 0.2639 | Z12: 0.2222 | AA12: 0.0307 | AB12: 0.3768 | AC12: 0 | AD12: 0.2726 | AE12: =AVERAGE(V12:AB12) -> 0.24201429 | AF12: A | AG12: {=DIASQUIEBRE(Q12:AB12)} -> 0 | AH12: {=DiasMesesGris(Q12:AB12)} -> 0 | AI12: =AG12+AH12 -> 0 | AJ12: =360-AI12 -> 360 | AK12: =SUM(D12:O12) -> 101 | AL12: =IFERROR(AK12/AJ12,0) -> 0.28055556
A13: C00179 | B13: TONER BROTHER TN-580/TN-650 CPT 8K | C13: 5353125120029 | D13: 12 | E13: 2 | F13: 2 | G13: 21 | H13: 4 | I13: 5 | J13: 4 | K13: 2 | L13: 3 | M13: 13 | N13: 14 | O13: 7 | Q13: 0.3871 | R13: 0.0645 | S13: 0.058 | T13: 0.6774 | U13: 0.1333 | V13: 0.1613 | W13: 0.1613 | X13: 0.084 | Y13: 0.088 | Z13: 0.4815 | AA13: 0.4301 | AB13: 0.2029 | AC13: 0 | AD13: 0.2441 | AE13: =AVERAGE(V13:AB13) -> 0.22987143 | AF13: A | AG13: {=DIASQUIEBRE(Q13:AB13)} -> 0 | AH13: {=DiasMesesGris(Q13:AB13)} -> 0 | AI13: =AG13+AH13 -> 0 | AJ13: =360-AI13 -> 360 | AK13: =SUM(D13:O13) -> 89 | AL13: =IFERROR(AK13/AJ13,0) -> 0.24722222
A14: C00181 | B14: TONER OKIDATA 2500/ 2520 - CPT 2.2K | Q14: 0 | R14: 0 | S14: 0 | T14: 0 | U14: 0 | V14: 0 | W14: 0 | X14: 0 | Y14: 0 | Z14: 0 | AA14: 0 | AB14: 0 | AC14: 0 | AE14: =AVERAGE(V14:AB14) -> 0 | AF14: D | AG14: {=DIASQUIEBRE(Q14:AB14)} -> 0 | AH14: {=DiasMesesGris(Q14:AB14)} -> 360 | AI14: =AG14+AH14 -> 360 | AJ14: =360-AI14 -> 0 | AK14: =SUM(D14:O14) -> 0 | AL14: =IFERROR(AK14/AJ14,0) -> 0
A15: C00182 | B15: TONER OKIDATA 6300 - CPT 10K | C15: 5352125120060 | Q15: 0 | R15: 0 | S15: 0 | T15: 0 | U15: 0 | V15: 0 | W15: 0 | X15: 0 | Y15: 0 | Z15: 0 | AA15: 0 | AB15: 0 | AC15: 0 | AE15: =AVERAGE(V15:AB15) -> 0 | AF15: A | AG15: {=DIASQUIEBRE(Q15:AB15)} -> 0 | AH15: {=DiasMesesGris(Q15:AB15)} -> 360 | AI15: =AG15+AH15 -> 360 | AJ15: =360-AI15 -> 0 | AK15: =SUM(D15:O15) -> 0 | AL15: =IFERROR(AK15/AJ15,0) -> 0
A16: C00183 | B16: TONER XEROX 3140 / 3160 108R00909 2.5k CPT | C16: 5352137120065 | D16: 1 | E16: 5 | F16: 2 | G16: 5 | H16: 1 | I16: 1 | K16: 1 | L16: 2 | M16: 5 | N16: 2 | O16: 7 | Q16: 0.0323 | R16: 0.1613 | S16: 0.058 | T16: 0.1613 | U16: 0.0333 | V16: 0.0323 | W16: 0 | X16: 0.042 | Y16: 0.0587 | Z16: 0.1852 | AA16: 0.0614 | AB16: 0.2029 | AC16: 0 | AD16: 0.0857 | AE16: =AVERAGE(V16:AB16) -> 0.083214286 | AF16: A | AG16: {=DIASQUIEBRE(Q16:AB16)} -> 0 | AH16: {=DiasMesesGris(Q16:AB16)} -> 0 | AI16: =AG16+AH16 -> 0 | AJ16: =360-AI16 -> 360 | AK16: =SUM(D16:O16) -> 32 | AL16: =IFERROR(AK16/AJ16,0) -> 0.088888889
A17: C00184 | B17: TONER SAMSUNG MLT-104S - CPT 1665/3200/3205 1.5K | C17: 5358125120055 | D17: 65 | E17: 75 | F17: 55 | G17: 33 | H17: 69 | I17: 38 | J17: 40 | K17: 40 | L17: 43 | M17: 72 | N17: 45 | O17: 64 | P17: 1 | Q17: 2.0968 | R17: 2.4194 | S17: 1.5942 | T17: 1.0645 | U17: 2.3 | V17: 1.2258 | W17: 1.6129 | X17: 1.6807 | Y17: 1.261 | Z17: 2.6667 | AA17: 1.3825 | AB17: 1.8551 | AC17: 0.0323 | AD17: 1.7633 | AE17: =AVERAGE(V17:AB17) -> 1.6692429 | AF17: A | AG17: {=DIASQUIEBRE(Q17:AB17)} -> 0 | AH17: {=DiasMesesGris(Q17:AB17)} -> 0 | AI17: =AG17+AH17 -> 0 | AJ17: =360-AI17 -> 360 | AK17: =SUM(D17:O17) -> 639 | AL17: =IFERROR(AK17/AJ17,0) -> 1.775
A18: C00185 | B18: TONER KYOCERA TK-112/TK-110 CPT 6K | C18: 5361125120017 | Q18: 0 | R18: 0 | S18: 0 | T18: 0 | U18: 0 | V18: 0 | W18: 0 | X18: 0 | Y18: 0 | Z18: 0 | AA18: 0 | AB18: 0 | AC18: 0 | AE18: =AVERAGE(V18:AB18) -> 0 | AF18: A | AG18: {=DIASQUIEBRE(Q18:AB18)} -> 0 | AH18: {=DiasMesesGris(Q18:AB18)} -> 360 | AI18: =AG18+AH18 -> 360 | AJ18: =360-AI18 -> 0 | AK18: =SUM(D18:O18) -> 0 | AL18: =IFERROR(AK18/AJ18,0) -> 0
A19: C00186 | B19: TONER CANON FX9 CPT 2K | C19: 5358125120062 | Q19: 0 | R19: 0 | S19: 0 | T19: 0 | U19: 0 | V19: 0 | W19: 0 | X19: 0 | Y19: 0 | Z19: 0 | AA19: 0 | AB19: 0 | AC19: 0 | AE19: =AVERAGE(V19:AB19) -> 0 | AF19: D | AG19: {=DIASQUIEBRE(Q19:AB19)} -> 0 | AH19: {=DiasMesesGris(Q19:AB19)} -> 360 | AI19: =AG19+AH19 -> 360 | AJ19: =360-AI19 -> 0 | AK19: =SUM(D19:O19) -> 0 | AL19: =IFERROR(AK19/AJ19,0) -> 0
A20: C00187 | B20: TONER SAMSUNG 105L 2,5K CPT | C20: 5359137120019 | D20: 15 | E20: 6 | F20: 15 | G20: 6 | H20: 8 | I20: 3 | J20: 8 | K20: 3 | L20: 12 | M20: 5 | N20: 14 | O20: 28 | Q20: 0.4839 | R20: 0.1935 | S20: 0.4348 | T20: 0.1935 | U20: 0.2667 | V20: 0.0968 | W20: 0.3226 | X20: 0.1261 | Y20: 0.3519 | Z20: 0.1852 | AA20: 0.4301 | AB20: 0.8116 | AC20: 0 | AD20: 0.3247 | AE20: =AVERAGE(V20:AB20) -> 0.33204286 | AF20: A | AG20: {=DIASQUIEBRE(Q20:AB20)} -> 0 | AH20: {=DiasMesesGris(Q20:AB20)} -> 0 | AI20: =AG20+AH20 -> 0 | AJ20: =360-AI20 -> 360 | AK20: =SUM(D20:O20) -> 123 | AL20: =IFERROR(AK20/AJ20,0) -> 0.34166667
A21: C00188 | B21: TONER HP CE278A 2.1K CPT | C21: 5350137120535 | Q21: 0 | R21: 0 | S21: 0 | T21: 0 | U21: 0 | V21: 0 | W21: 0 | X21: 0 | Y21: 0 | Z21: 0 | AA21: 0 | AB21: 0 | AC21: 0 | AE21: =AVERAGE(V21:AB21) -> 0 | AF21: A | AG21: {=DIASQUIEBRE(Q21:AB21)} -> 0 | AH21: {=DiasMesesGris(Q21:AB21)} -> 360 | AI21: =AG21+AH21 -> 360 | AJ21: =360-AI21 -> 0 | AK21: =SUM(D21:O21) -> 0 | AL21: =IFERROR(AK21/AJ21,0) -> 0
A22: C00189 | B22: TONER HP CE255X CPT 12.5K | C22: 5350137120528 | E22: 1 | F22: 3 | I22: 1 | M22: 3 | O22: 10 | Q22: 0 | R22: 0.0323 | S22: 0.087 | T22: 0 | U22: 0 | V22: 0.0323 | W22: 0 | X22: 0 | Y22: 0 | Z22: 0.1111 | AA22: 0 | AB22: =O22/30 -> 0.33333333 | AC22: 0 | AD22: 0.0239 | AE22: =AVERAGE(V22:AB22) -> 0.068104762 | AF22: A | AG22: {=DIASQUIEBRE(Q22:AB22)} -> 28 | AH22: {=DiasMesesGris(Q22:AB22)} -> 0 | AI22: =AG22+AH22 -> 28 | AJ22: =360-AI22 -> 332 | AK22: =SUM(D22:O22) -> 18 | AL22: =IFERROR(AK22/AJ22,0) -> 0.054216867
A23: C00190 | B23: TONER BROTHER TN-450/2250 CPT 2.5K | C23: 5353125120036 | D23: 48 | E23: 45 | F23: 93 | G23: 50 | H23: 29 | I23: 243 | J23: 46 | K23: -44 | L23: 74 | M23: 75 | N23: 49 | O23: 57 | Q23: 1.5484 | R23: 1.4516 | S23: 2.6957 | T23: 1.6129 | U23: 0.9667 | V23: 7.8387 | W23: 1.8548 | X23: -1.8487 | Y23: 2.1701 | Z23: 2.7778 | AA23: 1.5054 | AB23: 1.6522 | AC23: 0 | AD23: 2.0188 | AE23: =AVERAGE(V23:AB23) -> 2.2786143 | AF23: A | AG23: {=DIASQUIEBRE(Q23:AB23)} -> 0 | AH23: {=DiasMesesGris(Q23:AB23)} -> 0 | AI23: =AG23+AH23 -> 0 | AJ23: =360-AI23 -> 360 | AK23: =SUM(D23:O23) -> 765 | AL23: =IFERROR(AK23/AJ23,0) -> 2.125
A24: C00191 | B24: TONER BROTHER TN-650 CPT 8K | Q24: 0 | R24: 0 | S24: 0 | T24: 0 | U24: 0 | V24: 0 | W24: 0 | X24: 0 | Y24: 0 | Z24: 0 | AA24: 0 | AB24: 0 | AC24: 0 | AE24: =AVERAGE(V24:AB24) -> 0 | AF24: D | AG24: {=DIASQUIEBRE(Q24:AB24)} -> 0 | AH24: {=DiasMesesGris(Q24:AB24)} -> 360 | AI24: =AG24+AH24 -> 360 | AJ24: =360-AI24 -> 0 | AK24: =SUM(D24:O24) -> 0 | AL24: =IFERROR(AK24/AJ24,0) -> 0
A25: C00192 | B25: TONER SAMSUNG CLP-409 BK CPT 1.5K | C25: 5358137120104 | Q25: 0 | R25: 0 | S25: 0 | T25: 0 | U25: 0 | V25: 0 | W25: 0 | X25: 0 | Y25: 0 | Z25: 0 | AA25: 0 | AB25: 0 | AC25: 0 | AE25: =AVERAGE(V25:AB25) -> 0 | AF25: D | AG25: {=DIASQUIEBRE(Q25:AB25)} -> 0 | AH25: {=DiasMesesGris(Q25:AB25)} -> 360 | AI25: =AG25+AH25 -> 360 | AJ25: =360-AI25 -> 0 | AK25: =SUM(D25:O25) -> 0 | AL25: =IFERROR(AK25/AJ25,0) -> 0
A26: C00193 | B26: TONER SAMSUNG CLP-409 CY CPT 1.0K | C26: 5358137120111 | Q26: 0 | R26: 0 | S26: 0 | T26: 0 | U26: 0 | V26: 0 | W26: 0 | X26: 0 | Y26: 0 | Z26: 0 | AA26: 0 | AB26: 0 | AC26: 0 | AE26: =AVERAGE(V26:AB26) -> 0 | AF26: D | AG26: {=DIASQUIEBRE(Q26:AB26)} -> 0 | AH26: {=DiasMesesGris(Q26:AB26)} -> 360 | AI26: =AG26+AH26 -> 360 | AJ26: =360-AI26 -> 0 | AK26: =SUM(D26:O26) -> 0 | AL26: =IFERROR(AK26/AJ26,0) -> 0
A27: C00194 | B27: TONER SAMSUNG CLP-409 MG CPT 1.0K | C27: 5358137120128 | Q27: 0 | R27: 0 | S27: 0 | T27: 0 | U27: 0 | V27: 0 | W27: 0 | X27: 0 | Y27: 0 | Z27: 0 | AA27: 0 | AB27: 0 | AC27: 0 | AE27: =AVERAGE(V27:AB27) -> 0 | AF27: D | AG27: {=DIASQUIEBRE(Q27:AB27)} -> 0 | AH27: {=DiasMesesGris(Q27:AB27)} -> 360 | AI27: =AG27+AH27 -> 360 | AJ27: =360-AI27 -> 0 | AK27: =SUM(D27:O27) -> 0 | AL27: =IFERROR(AK27/AJ27,0) -> 0
A28: C00195 | B28: TONER SAMSUNG CLP-409 YE CPT 1.0K | C28: 5358137120135 | Q28: 0 | R28: 0 | S28: 0 | T28: 0 | U28: 0 | V28: 0 | W28: 0 | X28: 0 | Y28: 0 | Z28: 0 | AA28: 0 | AB28: 0 | AC28: 0 | AE28: =AVERAGE(V28:AB28) -> 0 | AF28: D | AG28: {=DIASQUIEBRE(Q28:AB28)} -> 0 | AH28: {=DiasMesesGris(Q28:AB28)} -> 360 | AI28: =AG28+AH28 -> 360 | AJ28: =360-AI28 -> 0 | AK28: =SUM(D28:O28) -> 0 | AL28: =IFERROR(AK28/AJ28,0) -> 0
A29: C00196 | B29: TONER SAMSUNG CLT-407/409S BK CPT 1.5K | C29: 5358137120142 | Q29: 0 | R29: 0 | S29: 0 | T29: 0 | U29: 0 | V29: 0 | W29: 0 | X29: 0 | Y29: 0 | Z29: 0 | AA29: 0 | AB29: 0 | AC29: 0 | AE29: =AVERAGE(V29:AB29) -> 0 | AF29: A | AG29: {=DIASQUIEBRE(Q29:AB29)} -> 0 | AH29: {=DiasMesesGris(Q29:AB29)} -> 360 | AI29: =AG29+AH29 -> 360 | AJ29: =360-AI29 -> 0 | AK29: =SUM(D29:O29) -> 0 | AL29: =IFERROR(AK29/AJ29,0) -> 0
A30: C00197 | B30: TONER SAMSUNG CLT-407/409S CY CPT 1.0K | C30: 5358137120159 | Q30: 0 | R30: 0 | S30: 0 | T30: 0 | U30: 0 | V30: 0 | W30: 0 | X30: 0 | Y30: 0 | Z30: 0 | AA30: 0 | AB30: 0 | AC30: 0 | AE30: =AVERAGE(V30:AB30) -> 0 | AF30: A | AG30: {=DIASQUIEBRE(Q30:AB30)} -> 0 | AH30: {=DiasMesesGris(Q30:AB30)} -> 360 | AI30: =AG30+AH30 -> 360 | AJ30: =360-AI30 -> 0 | AK30: =SUM(D30:O30) -> 0 | AL30: =IFERROR(AK30/AJ30,0) -> 0
A31: C00198 | B31: TONER SAMSUNG CLT-407/409S MG CPT 1.0K | C31: 5358137120166 | Q31: 0 | R31: 0 | S31: 0 | T31: 0 | U31: 0 | V31: 0 | W31: 0 | X31: 0 | Y31: 0 | Z31: 0 | AA31: 0 | AB31: 0 | AC31: 0 | AE31: =AVERAGE(V31:AB31) -> 0 | AF31: A | AG31: {=DIASQUIEBRE(Q31:AB31)} -> 0 | AH31: {=DiasMesesGris(Q31:AB31)} -> 360 | AI31: =AG31+AH31 -> 360 | AJ31: =360-AI31 -> 0 | AK31: =SUM(D31:O31) -> 0 | AL31: =IFERROR(AK31/AJ31,0) -> 0
A32: C00199 | B32: TONER SAMSUNG CLT-407/409S YE CPT 1.0K | C32: 5358137120173 | Q32: 0 | R32: 0 | S32: 0 | T32: 0 | U32: 0 | V32: 0 | W32: 0 | X32: 0 | Y32: 0 | Z32: 0 | AA32: 0 | AB32: 0 | AC32: 0 | AE32: =AVERAGE(V32:AB32) -> 0 | AF32: A | AG32: {=DIASQUIEBRE(Q32:AB32)} -> 0 | AH32: {=DiasMesesGris(Q32:AB32)} -> 360 | AI32: =AG32+AH32 -> 360 | AJ32: =360-AI32 -> 0 | AK32: =SUM(D32:O32) -> 0 | AL32: =IFERROR(AK32/AJ32,0) -> 0
A33: C00200 | B33: TONER HP CB540A (128A) /CE320A/CF210X BK 2.2K CPT | C33: 5350137120566 | D33: 3 | E33: 2 | F33: 1 | G33: 1 | H33: 1 | I33: 2 | K33: 2 | L33: 1 | Q33: 0.0968 | R33: =E33/30 -> 0.066666667 | S33: 0 | T33: =G33/30 -> 0.033333333 | U33: 0.0333 | V33: 0.0645 | W33: 0 | X33: 0.084 | Y33: 0.0293 | Z33: 0 | AA33: 0 | AB33: 0 | AC33: 0 | AD33: 0.0342 | AE33: =AVERAGE(V33:AB33) -> 0.0254 | AF33: A | AG33: {=DIASQUIEBRE(Q33:AB33)} -> 29 | AH33: {=DiasMesesGris(Q33:AB33)} -> 30 | AI33: =AG33+AH33 -> 59 | AJ33: =360-AI33 -> 301 | AK33: =SUM(D33:O33) -> 13 | AL33: =IFERROR(AK33/AJ33,0) -> 0.043189369
A34: C00201 | B34: TONER HP CB541A (128A) /CE321A/CF211A CY 1.4K CPT | C34: 5350137120573 | D34: 3 | E34: 4 | F34: 1 | G34: 1 | H34: 1 | K34: 2 | O34: 1 | Q34: 0.0968 | R34: 0.129 | S34: 0.029 | T34: 0.0323 | U34: 0.0333 | V34: 0 | W34: 0 | X34: 0.084 | Y34: 0 | Z34: 0 | AA34: 0 | AB34: 0.029 | AC34: 0 | AD34: 0.0361 | AE34: =AVERAGE(V34:AB34) -> 0.016142857 | AF34: A | AG34: {=DIASQUIEBRE(Q34:AB34)} -> 0 | AH34: {=DiasMesesGris(Q34:AB34)} -> 0 | AI34: =AG34+AH34 -> 0 | AJ34: =360-AI34 -> 360 | AK34: =SUM(D34:O34) -> 13 | AL34: =IFERROR(AK34/AJ34,0) -> 0.036111111
A35: C00202 | B35: TONER HP CB542A (128A) /CE322A/CF212A YE 1.4K CPT | C35: 5350137120580 | D35: 5 | E35: 1 | G35: 1 | H35: 1 | K35: 1 | L35: 1 | O35: 1 | Q35: =D35/30 -> 0.16666667 | R35: 0.0323 | S35: 0 | T35: 0.0323 | U35: 0.0333 | V35: 0 | W35: 0 | X35: 0.042 | Y35: 0.0293 | Z35: 0 | AA35: 0 | AB35: 0.029 | AC35: 0 | AD35: 0.018 | AE35: =AVERAGE(V35:AB35) -> 0.014328571 | AF35: A | AG35: {=DIASQUIEBRE(Q35:AB35)} -> 20 | AH35: {=DiasMesesGris(Q35:AB35)} -> 0 | AI35: =AG35+AH35 -> 20 | AJ35: =360-AI35 -> 340 | AK35: =SUM(D35:O35) -> 11 | AL35: =IFERROR(AK35/AJ35,0) -> 0.032352941
A36: C00203 | B36: TONER HP CB543A (128A) /CE323A/CF213A MG 1.4K CPT | C36: 5350137120597 | D36: 1 | E36: 1 | G36: 1 | H36: 1 | K36: 2 | L36: 1 | Q36: 0.0323 | R36: 0.0323 | S36: 0 | T36: 0.0323 | U36: 0.0333 | V36: 0 | W36: 0 | X36: 0.084 | Y36: 0.0293 | Z36: 0 | AA36: 0 | AB36: 0 | AC36: 0 | AD36: 0.0203 | AE36: =AVERAGE(V36:AB36) -> 0.016185714 | AF36: A | AG36: {=DIASQUIEBRE(Q36:AB36)} -> 0 | AH36: {=DiasMesesGris(Q36:AB36)} -> 0 | AI36: =AG36+AH36 -> 0 | AJ36: =360-AI36 -> 360 | AK36: =SUM(D36:O36) -> 7 | AL36: =IFERROR(AK36/AJ36,0) -> 0.019444444
A37: C00204 | B37: TONER SAMSUNG D101/ML-2165 1.5K | C37: 5358137120180 | D37: 227 | E37: 163 | F37: 165 | G37: 124 | H37: 91 | I37: 114 | J37: 197 | K37: 111 | L37: 202 | M37: 145 | N37: 171 | O37: 170 | P37: 1 | Q37: 7.3226 | R37: 5.2581 | S37: 4.7826 | T37: 4 | U37: 3.0333 | V37: 3.6774 | W37: 7.9435 | X37: 4.6639 | Y37: 5.9238 | Z37: 5.3704 | AA37: 5.2535 | AB37: 4.9275 | AC37: 0.0323 | AD37: 5.1797 | AE37: =AVERAGE(V37:AB37) -> 5.3942857 | AF37: A | AG37: {=DIASQUIEBRE(Q37:AB37)} -> 0 | AH37: {=DiasMesesGris(Q37:AB37)} -> 0 | AI37: =AG37+AH37 -> 0 | AJ37: =360-AI37 -> 360 | AK37: =SUM(D37:O37) -> 1880 | AL37: =IFERROR(AK37/AJ37,0) -> 5.2222222
A38: C00205 | B38: TONER XEROX 3010/3040 CPT 2.2K 106R02182 | C38: 5352137120089 | F38: 3 | I38: 6 | L38: 1 | Q38: 0 | R38: 0 | S38: 0.087 | T38: 0 | U38: 0 | V38: 0.1935 | W38: 0 | X38: 0 | Y38: 0.0293 | Z38: 0 | AA38: 0 | AB38: 0 | AC38: 0 | AD38: 0.0258 | AE38: =AVERAGE(V38:AB38) -> 0.031828571 | AF38: A | AG38: {=DIASQUIEBRE(Q38:AB38)} -> 0 | AH38: {=DiasMesesGris(Q38:AB38)} -> 0 | AI38: =AG38+AH38 -> 0 | AJ38: =360-AI38 -> 360 | AK38: =SUM(D38:O38) -> 10 | AL38: =IFERROR(AK38/AJ38,0) -> 0.027777778
A39: C00206 | B39: TONER BROTHER TN-750/3385/3380/3340 CPT 8K | C39: 5353137120055 | D39: 13 | E39: 7 | F39: 57 | G39: 5 | H39: 6 | I39: 13 | J39: 7 | K39: 31 | L39: -30 | M39: 25 | N39: 7 | O39: 17 | P39: 2 | Q39: 0.4194 | R39: 0.2258 | S39: 1.6522 | T39: 0.2941 | U39: 0.2 | V39: 0.4194 | W39: 0.2823 | X39: 1.3025 | Y39: -0.8798 | Z39: 0.9259 | AA39: 0.2151 | AB39: 0.4928 | AC39: 0.0645 | AD39: 0.4778 | AE39: =AVERAGE(V39:AB39) -> 0.39402857 | AF39: A | AG39: {=DIASQUIEBRE(Q39:AB39)} -> 14 | AH39: {=DiasMesesGris(Q39:AB39)} -> 0 | AI39: =AG39+AH39 -> 14 | AJ39: =360-AI39 -> 346 | AK39: =SUM(D39:O39) -> 158 | AL39: =IFERROR(AK39/AJ39,0) -> 0.4566474
A40: C00207 | B40: TONER SAMSUNG ML2850 5.0K | C40: 5358137120197 | D40: 1 | E40: 18 | F40: 11 | G40: 13 | I40: 2 | J40: 2 | K40: 6 | L40: 4 | M40: 3 | N40: 1 | O40: 2 | Q40: 0.0323 | R40: 0.5806 | S40: 0.3188 | T40: 0.4194 | U40: 0 | V40: 0.0645 | W40: 0.0806 | X40: 0.2521 | Y40: 0.1173 | Z40: 0.1111 | AA40: 0.0307 | AB40: 0.058 | AC40: 0 | AD40: 0.1721 | AE40: =AVERAGE(V40:AB40) -> 0.10204286 | AF40: A | AG40: {=DIASQUIEBRE(Q40:AB40)} -> 0 | AH40: {=DiasMesesGris(Q40:AB40)} -> 0 | AI40: =AG40+AH40 -> 0 | AJ40: =360-AI40 -> 360 | AK40: =SUM(D40:O40) -> 63 | AL40: =IFERROR(AK40/AJ40,0) -> 0.175
A41: C00263 | B41: TAMBOR BROTHER DR-360 CPT 12K | C41: 5350137120610 | D41: 4 | E41: 2 | F41: 3 | G41: 2 | H41: 3 | I41: 4 | J41: 3 | K41: 1 | L41: 3 | N41: 1 | O41: 4 | Q41: 0.1481 | R41: 0.0714 | S41: 0.087 | T41: 0.0645 | U41: 0.1 | V41: 0.129 | W41: 0.121 | X41: 0.042 | Y41: 0.088 | Z41: 0 | AA41: 0.0307 | AB41: 0.1159 | AC41: 0 | AD41: 0.0778 | AE41: =AVERAGE(V41:AB41) -> 0.075228571 | AF41: A | AG41: {=DIASQUIEBRE(Q41:AB41)} -> 7 | AH41: {=DiasMesesGris(Q41:AB41)} -> 0 | AI41: =AG41+AH41 -> 7 | AJ41: =360-AI41 -> 353 | AK41: =SUM(D41:O41) -> 30 | AL41: =IFERROR(AK41/AJ41,0) -> 0.084985836
A42: C00264 | B42: TAMBOR BROTHER DR-450/420 CPT 12K | C42: 5350137120627 | D42: 18 | E42: 16 | F42: 56 | G42: -1 | H42: 16 | I42: 9 | J42: 6 | K42: 13 | L42: 27 | M42: 15 | N42: 20 | O42: 16 | P42: 2 | Q42: 0.5806 | R42: 0.5161 | S42: 1.6232 | T42: -0.0323 | U42: 0.5333 | V42: 0.2903 | W42: 0.2419 | X42: 0.5462 | Y42: 0.7918 | Z42: 0.5556 | AA42: 0.6144 | AB42: 0.4638 | AC42: 0.0645 | AD42: 0.5604 | AE42: =AVERAGE(V42:AB42) -> 0.50057143 | AF42: A | AG42: {=DIASQUIEBRE(Q42:AB42)} -> 0 | AH42: {=DiasMesesGris(Q42:AB42)} -> 0 | AI42: =AG42+AH42 -> 0 | AJ42: =360-AI42 -> 360 | AK42: =SUM(D42:O42) -> 211 | AL42: =IFERROR(AK42/AJ42,0) -> 0.58611111
A43: C00265 | B43: TAMBOR BROTHER DR-620/520 CPT 25K | C43: 5350137120634 | D43: 29 | E43: 1 | F43: 12 | G43: 5 | H43: 8 | J43: 2 | K43: 10 | L43: 2 | M43: 3 | N43: 1 | O43: 8 | Q43: 0.9355 | R43: 0.0323 | S43: 0.3478 | T43: 0.1613 | U43: =H43/30 -> 0.26666667 | V43: =I43/30 -> 0 | W43: =J43/30 -> 0.066666667 | X43: 0.4202 | Y43: 0.0587 | Z43: 0.1111 | AA43: 0.0307 | AB43: 0.2319 | AC43: 0 | AD43: 0.2588 | AE43: =AVERAGE(U43:AB43) -> 0.14824167 | AF43: A | AG43: {=DIASQUIEBRE(Q43:AB43)} -> 61 | AH43: {=DiasMesesGris(Q43:AB43)} -> 0 | AI43: =AG43+AH43 -> 61 | AJ43: =360-AI43 -> 299 | AK43: =SUM(D43:O43) -> 81 | AL43: =IFERROR(AK43/AJ43,0) -> 0.27090301
A44: C00266 | B44: TONER BROTHER TN-350 CPT 2.5K | C44: 5350137120603 | G44: 4 | J44: 5 | Q44: 0 | R44: 0 | S44: 0 | T44: 0.129 | U44: 0 | V44: 0 | W44: 0.2016 | X44: 0 | Y44: 0 | Z44: 0 | AA44: 0 | AB44: 0 | AC44: 0 | AD44: 0.0276 | AE44: =AVERAGE(V44:AB44) -> 0.0288 | AF44: A | AG44: {=DIASQUIEBRE(Q44:AB44)} -> 0 | AH44: {=DiasMesesGris(Q44:AB44)} -> 0 | AI44: =AG44+AH44 -> 0 | AJ44: =360-AI44 -> 360 | AK44: =SUM(D44:O44) -> 9 | AL44: =IFERROR(AK44/AJ44,0) -> 0.025
A45: C00267 | B45: TONER HP C3906A CPT 2.5K | C45: 5350137120641 | Q45: 0 | R45: 0 | S45: 0 | T45: 0 | U45: 0 | V45: 0 | W45: 0 | X45: 0 | Y45: 0 | Z45: 0 | AA45: 0 | AB45: 0 | AC45: 0 | AE45: =AVERAGE(V45:AB45) -> 0 | AF45: A | AG45: {=DIASQUIEBRE(Q45:AB45)} -> 0 | AH45: {=DiasMesesGris(Q45:AB45)} -> 360 | AI45: =AG45+AH45 -> 360 | AJ45: =360-AI45 -> 0 | AK45: =SUM(D45:O45) -> 0 | AL45: =IFERROR(AK45/AJ45,0) -> 0
A46: C00268 | B46: TONER HP C7115A / Q2613A / Q2624A Univ CPT 2.5K | C46: 5350137120658 | E46: 1 | F46: 2 | H46: 3 | K46: 7 | M46: -2 | N46: 2 | Q46: 0 | R46: 0 | S46: 0 | T46: 0 | U46: 0.1 | V46: 0 | W46: 0 | X46: =K46/30 -> 0.23333333 | Y46: 0 | Z46: 0 | AA46: 0 | AB46: 0 | AC46: 0 | AD46: 0.0333 | AE46: 0.33 | AF46: A | AG46: {=DIASQUIEBRE(Q46:AB46)} -> 18 | AH46: {=DiasMesesGris(Q46:AB46)} -> 210 | AI46: =AG46+AH46 -> 228 | AJ46: =360-AI46 -> 132 | AK46: =SUM(D46:O46) -> 13 | AL46: =IFERROR(AK46/AJ46,0) -> 0.098484848
A47: C00269 | B47: TONER HP C7115X / Q2613X CPT 3.5K | C47: 5350137120665 | M47: 1 | Q47: 0 | R47: 0 | S47: 0 | T47: 0 | U47: 0 | V47: 0 | W47: 0 | X47: 0 | Y47: 0 | Z47: 0.037 | AA47: 0 | AB47: 0 | AC47: 0 | AD47: 0.0031 | AE47: =AVERAGE(V47:AB47) -> 0.0052857143 | AF47: A | AG47: {=DIASQUIEBRE(Q47:AB47)} -> 0 | AH47: {=DiasMesesGris(Q47:AB47)} -> 0 | AI47: =AG47+AH47 -> 0 | AJ47: =360-AI47 -> 360 | AK47: =SUM(D47:O47) -> 1 | AL47: =IFERROR(AK47/AJ47,0) -> 0.0027777778
A48: C00270 | B48: TONER HP CC364A / 390A CPT 10K | C48: 5350137120672 | L48: 1 | Q48: 0 | R48: 0 | S48: 0 | T48: 0 | U48: 0 | V48: 0 | W48: 0 | X48: 0 | Y48: 0.0293 | Z48: 0 | AA48: 0 | AB48: 0 | AC48: 0 | AD48: 0.0024 | AE48: =AVERAGE(V48:AB48) -> 0.0041857143 | AF48: A | AG48: {=DIASQUIEBRE(Q48:AB48)} -> 0 | AH48: {=DiasMesesGris(Q48:AB48)} -> 0 | AI48: =AG48+AH48 -> 0 | AJ48: =360-AI48 -> 360 | AK48: =SUM(D48:O48) -> 1 | AL48: =IFERROR(AK48/AJ48,0) -> 0.0027777778
A49: C00271 | B49: TONER HP CC364X / 390X CPT 24K | C49: 5350137120689 | D49: 1 | F49: 1 | G49: 9 | H49: 2 | I49: 2 | J49: 9 | K49: 1 | L49: 5 | N49: 1 | Q49: 0.0323 | R49: 0 | S49: 0.029 | T49: =G49/30 -> 0.3 | U49: 0.0667 | V49: 0.0645 | W49: 0.3629 | X49: 0.042 | Y49: =L49/30 -> 0.16666667 | Z49: 0 | AA49: =N49/30 -> 0.033333333 | AB49: 0 | AC49: 0 | AD49: 0.0747 | AE49: =AVERAGE(V49:AB49) -> 0.095628571 | AF49: A | AG49: {=DIASQUIEBRE(Q49:AB49)} -> 26 | AH49: {=DiasMesesGris(Q49:AB49)} -> 30 | AI49: =AG49+AH49 -> 56 | AJ49: =360-AI49 -> 304 | AK49: =SUM(D49:O49) -> 31 | AL49: =IFERROR(AK49/AJ49,0) -> 0.10197368
A50: C00272 | B50: TONER HP Q2612X 3K CPT | C50: 5350137120788 | D50: 5 | G50: 1 | H50: 2 | I50: 1 | O50: 2 | Q50: 0.1613 | R50: 0 | S50: 0 | T50: 0.0323 | U50: 0.0667 | V50: 0.0323 | W50: 0 | X50: 0 | Y50: 0 | Z50: 0 | AA50: 0 | AB50: 0.058 | AC50: 0 | AD50: 0.0292 | AE50: =AVERAGE(V50:AB50) -> 0.0129 | AF50: A | AG50: {=DIASQUIEBRE(Q50:AB50)} -> 0 | AH50: {=DiasMesesGris(Q50:AB50)} -> 0 | AI50: =AG50+AH50 -> 0 | AJ50: =360-AI50 -> 360 | AK50: =SUM(D50:O50) -> 11 | AL50: =IFERROR(AK50/AJ50,0) -> 0.030555556
A51: C00273 | B51: TONER HP Q5949X 6K CPT | C51: 5350137120795 | Q51: 0 | R51: 0 | S51: 0 | T51: 0 | U51: 0 | V51: 0 | W51: 0 | X51: 0 | Y51: 0 | Z51: 0 | AA51: 0 | AB51: 0 | AC51: 0 | AE51: =AVERAGE(V51:AB51) -> 0 | AF51: A | AG51: {=DIASQUIEBRE(Q51:AB51)} -> 0 | AH51: {=DiasMesesGris(Q51:AB51)} -> 360 | AI51: =AG51+AH51 -> 360 | AJ51: =360-AI51 -> 0 | AK51: =SUM(D51:O51) -> 0 | AL51: =IFERROR(AK51/AJ51,0) -> 0
A52: C00274 | B52: TONER HP C530 BK CPT 3.5K | Q52: 0 | R52: 0 | S52: 0 | T52: 0 | U52: 0 | V52: 0 | W52: 0 | X52: 0 | Y52: 0 | Z52: 0 | AA52: 0 | AB52: 0 | AC52: 0 | AE52: =AVERAGE(V52:AB52) -> 0 | AF52: D | AG52: {=DIASQUIEBRE(Q52:AB52)} -> 0 | AH52: {=DiasMesesGris(Q52:AB52)} -> 360 | AI52: =AG52+AH52 -> 360 | AJ52: =360-AI52 -> 0 | AK52: =SUM(D52:O52) -> 0 | AL52: =IFERROR(AK52/AJ52,0) -> 0
A53: C00275 | B53: TONER HP C531 CY CPT 2.8K | Q53: 0 | R53: 0 | S53: 0 | T53: 0 | U53: 0 | V53: 0 | W53: 0 | X53: 0 | Y53: 0 | Z53: 0 | AA53: 0 | AB53: 0 | AC53: 0 | AE53: =AVERAGE(V53:AB53) -> 0 | AF53: D | AG53: {=DIASQUIEBRE(Q53:AB53)} -> 0 | AH53: {=DiasMesesGris(Q53:AB53)} -> 360 | AI53: =AG53+AH53 -> 360 | AJ53: =360-AI53 -> 0 | AK53: =SUM(D53:O53) -> 0 | AL53: =IFERROR(AK53/AJ53,0) -> 0
A54: C00276 | B54: TONER HP C532 YE CPT 2.8K | Q54: 0 | R54: 0 | S54: 0 | T54: 0 | U54: 0 | V54: 0 | W54: 0 | X54: 0 | Y54: 0 | Z54: 0 | AA54: 0 | AB54: 0 | AC54: 0 | AE54: =AVERAGE(V54:AB54) -> 0 | AF54: D | AG54: {=DIASQUIEBRE(Q54:AB54)} -> 0 | AH54: {=DiasMesesGris(Q54:AB54)} -> 360 | AI54: =AG54+AH54 -> 360 | AJ54: =360-AI54 -> 0 | AK54: =SUM(D54:O54) -> 0 | AL54: =IFERROR(AK54/AJ54,0) -> 0
A55: C00277 | B55: TONER HP C533 MG CPT 2.8K | Q55: 0 | R55: 0 | S55: 0 | T55: 0 | U55: 0 | V55: 0 | W55: 0 | X55: 0 | Y55: 0 | Z55: 0 | AA55: 0 | AB55: 0 | AC55: 0 | AE55: =AVERAGE(V55:AB55) -> 0 | AF55: D | AG55: {=DIASQUIEBRE(Q55:AB55)} -> 0 | AH55: {=DiasMesesGris(Q55:AB55)} -> 360 | AI55: =AG55+AH55 -> 360 | AJ55: =360-AI55 -> 0 | AK55: =SUM(D55:O55) -> 0 | AL55: =IFERROR(AK55/AJ55,0) -> 0
A56: C00278 | B56: TONER HP CE310/CF350A BK CPT 1.3K | C56: 5350137120740 | D56: 1 | F56: 3 | G56: 4 | I56: 2 | J56: 1 | L56: 4 | M56: 3 | Q56: 0.0323 | R56: 0 | S56: 0.087 | T56: 0.129 | U56: 0 | V56: 0.0645 | W56: 0.0403 | X56: 0 | Y56: 0.1173 | Z56: 0.1111 | AA56: 0 | AB56: 0 | AC56: 0 | AD56: 0.0485 | AE56: =AVERAGE(V56:AB56) -> 0.0476 | AF56: A | AG56: {=DIASQUIEBRE(Q56:AB56)} -> 0 | AH56: {=DiasMesesGris(Q56:AB56)} -> 0 | AI56: =AG56+AH56 -> 0 | AJ56: =360-AI56 -> 360 | AK56: =SUM(D56:O56) -> 18 | AL56: =IFERROR(AK56/AJ56,0) -> 0.05
A57: C00279 | B57: TONER HP CE311/CF351 CY CPT 1.0K | C57: 5350137120757 | F57: 3 | G57: 2 | I57: 1 | J57: 4 | L57: 3 | M57: 3 | N57: -1 | Q57: 0 | R57: 0 | S57: 0.087 | T57: 0.0645 | U57: 0 | V57: 0.0323 | W57: 0.1613 | X57: 0 | Y57: 0.088 | Z57: =M57/30 -> 0.1 | AA57: 0 | AB57: 0 | AC57: 0 | AD57: 0.0481 | AE57: =AVERAGE(V57:AB57) -> 0.054514286 | AF57: A | AG57: {=DIASQUIEBRE(Q57:AB57)} -> 16 | AH57: {=DiasMesesGris(Q57:AB57)} -> 60 | AI57: =AG57+AH57 -> 76 | AJ57: =360-AI57 -> 284 | AK57: =SUM(D57:O57) -> 15 | AL57: =IFERROR(AK57/AJ57,0) -> 0.052816901
A58: C00280 | B58: TONER HP CE312/CF352 YE CPT 1.0K | C58: 5350137120764 | E58: 3 | F58: 1 | G58: 3 | I58: 1 | K58: 1 | L58: 2 | M58: 2 | N58: -1 | Q58: 0 | R58: 0.0968 | S58: 0.029 | T58: 0.0968 | U58: 0 | V58: 0.0323 | W58: 0 | X58: 0.042 | Y58: 0.0587 | Z58: 0.0741 | AA58: -0.0307 | AB58: 0 | AC58: 0 | AD58: 0.0333 | AE58: =AVERAGE(V58:AB58) -> 0.0252 | AF58: A | AG58: {=DIASQUIEBRE(Q58:AB58)} -> 0 | AH58: {=DiasMesesGris(Q58:AB58)} -> 0 | AI58: =AG58+AH58 -> 0 | AJ58: =360-AI58 -> 360 | AK58: =SUM(D58:O58) -> 12 | AL58: =IFERROR(AK58/AJ58,0) -> 0.033333333
A59: C00281 | B59: TONER HP CE313/CF353 MG CPT 1.0K | C59: 5350137120771 | F59: 1 | G59: 2 | I59: 1 | J59: 3 | K59: 1 | L59: 2 | M59: 2 | O59: 1 | Q59: 0 | R59: 0 | S59: 0.029 | T59: 0.0645 | U59: 0 | V59: 0.0323 | W59: 0.121 | X59: 0.042 | Y59: 0.0587 | Z59: 0.0741 | AA59: 0 | AB59: 0.029 | AC59: 0 | AD59: 0.0376 | AE59: =AVERAGE(V59:AB59) -> 0.051014286 | AF59: A | AG59: {=DIASQUIEBRE(Q59:AB59)} -> 0 | AH59: {=DiasMesesGris(Q59:AB59)} -> 0 | AI59: =AG59+AH59 -> 0 | AJ59: =360-AI59 -> 360 | AK59: =SUM(D59:O59) -> 13 | AL59: =IFERROR(AK59/AJ59,0) -> 0.036111111
A60: C00283 | B60: TONER LEXMARK E210 CPT 2.5K | C60: 5350137120818 | Q60: 0 | R60: 0 | S60: 0 | T60: 0 | U60: 0 | V60: 0 | W60: 0 | X60: 0 | Y60: 0 | Z60: 0 | AA60: 0 | AB60: 0 | AC60: 0 | AE60: =AVERAGE(V60:AB60) -> 0 | AF60: A | AG60: {=DIASQUIEBRE(Q60:AB60)} -> 0 | AH60: {=DiasMesesGris(Q60:AB60)} -> 0 | AI60: =AG60+AH60 -> 0 | AJ60: =360-AI60 -> 360 | AK60: =SUM(D60:O60) -> 0 | AL60: =IFERROR(AK60/AJ60,0) -> 0
A61: C00284 | B61: TONER LEXMARK 2.5K E230/E232/E234/240/E330/E33 CPT | C61: 5350137120825 | Q61: 0 | R61: 0 | S61: 0 | T61: 0 | U61: 0 | V61: 0 | W61: 0 | X61: 0 | Y61: 0 | Z61: 0 | AA61: 0 | AB61: 0 | AC61: 0 | AE61: =AVERAGE(V61:AB61) -> 0 | AF61: A | AG61: {=DIASQUIEBRE(Q61:AB61)} -> 0 | AH61: {=DiasMesesGris(Q61:AB61)} -> 360 | AI61: =AG61+AH61 -> 360 | AJ61: =360-AI61 -> 0 | AK61: =SUM(D61:O61) -> 0 | AL61: =IFERROR(AK61/AJ61,0) -> 0
A62: C00285 | B62: TONER LEXMARK E250 CPT 3.5K | C62: 5350137120832 | Q62: 0 | R62: 0 | S62: 0 | T62: 0 | U62: 0 | V62: 0 | W62: 0 | X62: 0 | Y62: 0 | Z62: 0 | AA62: 0 | AB62: 0 | AC62: 0 | AE62: =AVERAGE(V62:AB62) -> 0 | AF62: A | AG62: {=DIASQUIEBRE(Q62:AB62)} -> 0 | AH62: {=DiasMesesGris(Q62:AB62)} -> 0 | AI62: =AG62+AH62 -> 0 | AJ62: =360-AI62 -> 360 | AK62: =SUM(D62:O62) -> 0 | AL62: =IFERROR(AK62/AJ62,0) -> 0
A63: C00286 | B63: TONER OKIDATA 2500X CPT 4K | C63: 5360125120027 | Q63: 0 | R63: 0 | S63: 0 | T63: 0 | U63: 0 | V63: 0 | W63: 0 | X63: 0 | Y63: 0 | Z63: 0 | AA63: 0 | AB63: 0 | AC63: 0 | AE63: =AVERAGE(V63:AB63) -> 0 | AF63: D | AG63: {=DIASQUIEBRE(Q63:AB63)} -> 0 | AH63: {=DiasMesesGris(Q63:AB63)} -> 360 | AI63: =AG63+AH63 -> 360 | AJ63: =360-AI63 -> 0 | AK63: =SUM(D63:O63) -> 0 | AL63: =IFERROR(AK63/AJ63,0) -> 0
A64: C00287 | B64: TONER SAMSUNG CLP-300 BK CPT 2K | C64: 5358137120265 | Q64: 0 | R64: 0 | S64: 0 | T64: 0 | U64: 0 | V64: 0 | W64: 0 | X64: 0 | Y64: 0 | Z64: 0 | AA64: 0 | AB64: 0 | AC64: 0 | AE64: =AVERAGE(V64:AB64) -> 0 | AF64: A | AG64: {=DIASQUIEBRE(Q64:AB64)} -> 0 | AH64: {=DiasMesesGris(Q64:AB64)} -> 360 | AI64: =AG64+AH64 -> 360 | AJ64: =360-AI64 -> 0 | AK64: =SUM(D64:O64) -> 0 | AL64: =IFERROR(AK64/AJ64,0) -> 0
A65: C00288 | B65: TONER SAMSUNG CLP-300 CY CPT 1K | C65: 5358137120203 | Q65: 0 | R65: 0 | S65: 0 | T65: 0 | U65: 0 | V65: 0 | W65: 0 | X65: 0 | Y65: 0 | Z65: 0 | AA65: 0 | AB65: 0 | AC65: 0 | AE65: =AVERAGE(V65:AB65) -> 0 | AF65: A | AG65: {=DIASQUIEBRE(Q65:AB65)} -> 0 | AH65: {=DiasMesesGris(Q65:AB65)} -> 360 | AI65: =AG65+AH65 -> 360 | AJ65: =360-AI65 -> 0 | AK65: =SUM(D65:O65) -> 0 | AL65: =IFERROR(AK65/AJ65,0) -> 0
A66: C00289 | B66: TONER SAMSUNG CLP-300 MG CPT 1K | C66: 5358137120210 | Q66: 0 | R66: 0 | S66: 0 | T66: 0 | U66: 0 | V66: 0 | W66: 0 | X66: 0 | Y66: 0 | Z66: 0 | AA66: 0 | AB66: 0 | AC66: 0 | AE66: =AVERAGE(V66:AB66) -> 0 | AF66: D | AG66: {=DIASQUIEBRE(Q66:AB66)} -> 0 | AH66: {=DiasMesesGris(Q66:AB66)} -> 360 | AI66: =AG66+AH66 -> 360 | AJ66: =360-AI66 -> 0 | AK66: =SUM(D66:O66) -> 0 | AL66: =IFERROR(AK66/AJ66,0) -> 0
A67: C00290 | B67: TONER SAMSUNG CLP-300 YE CPT 1K | C67: 5358137120227 | Q67: 0 | R67: 0 | S67: 0 | T67: 0 | U67: 0 | V67: 0 | W67: 0 | X67: 0 | Y67: 0 | Z67: 0 | AA67: 0 | AB67: 0 | AC67: 0 | AE67: =AVERAGE(V67:AB67) -> 0 | AF67: A | AG67: {=DIASQUIEBRE(Q67:AB67)} -> 0 | AH67: {=DiasMesesGris(Q67:AB67)} -> 360 | AI67: =AG67+AH67 -> 360 | AJ67: =360-AI67 -> 0 | AK67: =SUM(D67:O67) -> 0 | AL67: =IFERROR(AK67/AJ67,0) -> 0
A68: C00295 | B68: TONER XEROX 6125 BK CPT 2K | C68: 5350137121259 | Q68: 0 | R68: 0 | S68: 0 | T68: 0 | U68: 0 | V68: 0 | W68: 0 | X68: 0 | Y68: 0 | Z68: 0 | AA68: 0 | AB68: 0 | AC68: 0 | AE68: =AVERAGE(V68:AB68) -> 0 | AF68: D | AG68: {=DIASQUIEBRE(Q68:AB68)} -> 0 | AH68: {=DiasMesesGris(Q68:AB68)} -> 0 | AI68: =AG68+AH68 -> 0 | AJ68: =360-AI68 -> 360 | AK68: =SUM(D68:O68) -> 0 | AL68: =IFERROR(AK68/AJ68,0) -> 0
A69: C00296 | B69: TONER XEROX 6125 CY CPT 1K | C69: 5350137121266 | Q69: 0 | R69: 0 | S69: 0 | T69: 0 | U69: 0 | V69: 0 | W69: 0 | X69: 0 | Y69: 0 | Z69: 0 | AA69: 0 | AB69: 0 | AC69: 0 | AE69: =AVERAGE(V69:AB69) -> 0 | AF69: A | AG69: {=DIASQUIEBRE(Q69:AB69)} -> 0 | AH69: {=DiasMesesGris(Q69:AB69)} -> 360 | AI69: =AG69+AH69 -> 360 | AJ69: =360-AI69 -> 0 | AK69: =SUM(D69:O69) -> 0 | AL69: =IFERROR(AK69/AJ69,0) -> 0
A70: C00297 | B70: TONER XEROX 6125 MG CPT 1K | C70: 5350137121273 | Q70: 0 | R70: 0 | S70: 0 | T70: 0 | U70: 0 | V70: 0 | W70: 0 | X70: 0 | Y70: 0 | Z70: 0 | AA70: 0 | AB70: 0 | AC70: 0 | AE70: =AVERAGE(V70:AB70) -> 0 | AF70: A | AG70: {=DIASQUIEBRE(Q70:AB70)} -> 0 | AH70: {=DiasMesesGris(Q70:AB70)} -> 360 | AI70: =AG70+AH70 -> 360 | AJ70: =360-AI70 -> 0 | AK70: =SUM(D70:O70) -> 0 | AL70: =IFERROR(AK70/AJ70,0) -> 0
A71: C00298 | B71: TONER XEROX 6125 YE CPT 1K | C71: 5350137121280 | Q71: 0 | R71: 0 | S71: 0 | T71: 0 | U71: 0 | V71: 0 | W71: 0 | X71: 0 | Y71: 0 | Z71: 0 | AA71: 0 | AB71: 0 | AC71: 0 | AE71: =AVERAGE(V71:AB71) -> 0 | AF71: A | AG71: {=DIASQUIEBRE(Q71:AB71)} -> 0 | AH71: {=DiasMesesGris(Q71:AB71)} -> 0 | AI71: =AG71+AH71 -> 0 | AJ71: =360-AI71 -> 360 | AK71: =SUM(D71:O71) -> 0 | AL71: =IFERROR(AK71/AJ71,0) -> 0
... A75: C00302 | B75: TONER XEROX 6130 YE CPT 1.9K | C75: 5350137121327 | Q75: 0 | R75: 0 | S75: 0 | T75: 0 | U75: 0 | V75: 0 | W75: 0 | X75: 0 | Y75: 0 | Z75: 0 | AA75: 0 | AB75: 0 | AC75: 0 | AE75: =AVERAGE(V75:AB75) -> 0 | AF75: A | AG75: {=DIASQUIEBRE(Q75:AB75)} -> 0 | AH75: {=DiasMesesGris(Q75:AB75)} -> 360 | AI75: =AG75+AH75 -> 360 | AJ75: =360-AI75 -> 0 | AK75: =SUM(D75:O75) -> 0 | AL75: =IFERROR(AK75/AJ75,0) -> 0
A76: C00303 | B76: TONER SAMSUNG MLT-D103L 2.5k CPT | C76: 5350137121013 | D76: 17 | E76: 10 | F76: 14 | G76: 23 | H76: 13 | I76: 6 | J76: -3 | K76: 21 | L76: 11 | M76: 9 | N76: 12 | O76: 21 | P76: 1 | Q76: 0.5484 | R76: 0.3226 | S76: 0.4058 | T76: 0.7419 | U76: 0.4333 | V76: 0.1935 | W76: -0.121 | X76: 0.8824 | Y76: 0.3226 | Z76: 0.3333 | AA76: 0.3687 | AB76: 0.6087 | AC76: 0.0323 | AD76: 0.42 | AE76: =AVERAGE(V76:AB76) -> 0.36974286 | AF76: A | AG76: {=DIASQUIEBRE(Q76:AB76)} -> 0 | AH76: {=DiasMesesGris(Q76:AB76)} -> 0 | AI76: =AG76+AH76 -> 0 | AJ76: =360-AI76 -> 360 | AK76: =SUM(D76:O76) -> 154 | AL76: =IFERROR(AK76/AJ76,0) -> 0.42777778
A77: C00305 | B77: TONER SAMSUNG MLT-109L/SCX4300 CPT 2K | C77: 5358137120234 | E77: 1 | H77: 1 | L77: 2 | O77: 1 | Q77: 0 | R77: 0.0323 | S77: 0 | T77: 0 | U77: 0.0333 | V77: 0 | W77: 0 | X77: 0 | Y77: 0.0587 | Z77: 0 | AA77: 0 | AB77: 0.029 | AC77: 0 | AD77: 0.0128 | AE77: =AVERAGE(V77:AB77) -> 0.012528571 | AF77: D | AG77: {=DIASQUIEBRE(Q77:AB77)} -> 0 | AH77: {=DiasMesesGris(Q77:AB77)} -> 0 | AI77: =AG77+AH77 -> 0 | AJ77: =360-AI77 -> 360 | AK77: =SUM(D77:O77) -> 5 | AL77: =IFERROR(AK77/AJ77,0) -> 0.013888889
A78: C00307 | B78: TAMBOR BROTHER HL-2030/2035/2040 CPT | Q78: 0 | R78: 0 | S78: 0 | T78: 0 | U78: 0 | V78: 0 | W78: 0 | X78: 0 | Y78: 0 | Z78: 0 | AA78: 0 | AB78: 0 | AC78: 0 | AE78: =AVERAGE(V78:AB78) -> 0 | AF78: D | AG78: {=DIASQUIEBRE(Q78:AB78)} -> 0 | AH78: {=DiasMesesGris(Q78:AB78)} -> 360 | AI78: =AG78+AH78 -> 360 | AJ78: =360-AI78 -> 0 | AK78: =SUM(D78:O78) -> 0 | AL78: =IFERROR(AK78/AJ78,0) -> 0
A79: C00313 | B79: TONER LEXMARK E350 CPT 9K | C79: 5350137120849 | O79: 1 | Q79: 0 | R79: 0 | S79: 0 | T79: 0 | U79: 0 | V79: 0 | W79: 0 | X79: 0 | Y79: 0 | Z79: 0 | AA79: 0 | AB79: 0.029 | AC79: 0 | AD79: 0.0024 | AE79: =AVERAGE(V79:AB79) -> 0.0041428571 | AF79: D | AG79: {=DIASQUIEBRE(Q79:AB79)} -> 0 | AH79: {=DiasMesesGris(Q79:AB79)} -> 0 | AI79: =AG79+AH79 -> 0 | AJ79: =360-AI79 -> 360 | AK79: =SUM(D79:O79) -> 1 | AL79: =IFERROR(AK79/AJ79,0) -> 0.0027777778
A80: C00316 | B80: TAMBOR LEXMARK E120 17K | C80: 5350137120801 | Q80: 0 | R80: 0 | S80: 0 | T80: 0 | U80: 0 | V80: 0 | W80: 0 | X80: 0 | Y80: 0 | Z80: 0 | AA80: 0 | AB80: 0 | AC80: 0 | AE80: =AVERAGE(V80:AB80) -> 0 | AF80: D | AG80: {=DIASQUIEBRE(Q80:AB80)} -> 0 | AH80: {=DiasMesesGris(Q80:AB80)} -> 360 | AI80: =AG80+AH80 -> 360 | AJ80: =360-AI80 -> 0 | AK80: =SUM(D80:O80) -> 0 | AL80: =IFERROR(AK80/AJ80,0) -> 0
A81: C00317 | B81: TONER SAMSUNG MLT-1640/108 CPT 1.5K | C81: 5350137120856 | D81: 3 | E81: 4 | F81: 7 | G81: 8 | H81: 5 | I81: 9 | K81: 2 | L81: 1 | M81: 5 | N81: 5 | O81: 3 | Q81: 0.0968 | R81: 0.129 | S81: 0.2029 | T81: 0.2581 | U81: 0.1667 | V81: 0.2903 | W81: 0 | X81: 0.084 | Y81: 0.0293 | Z81: 0.1852 | AA81: 0.1536 | AB81: 0.087 | AC81: 0 | AD81: 0.1402 | AE81: =AVERAGE(V81:AB81) -> 0.11848571 | AF81: A | AG81: {=DIASQUIEBRE(Q81:AB81)} -> 0 | AH81: {=DiasMesesGris(Q81:AB81)} -> 0 | AI81: =AG81+AH81 -> 0 | AJ81: =360-AI81 -> 360 | AK81: =SUM(D81:O81) -> 52 | AL81: =IFERROR(AK81/AJ81,0) -> 0.14444444
A82: C00318 | B82: TONER SAMSUNG MLT-1670 CPT 1.5K | C82: 5350137120863 | Q82: 0 | R82: 0 | S82: 0 | T82: 0 | U82: 0 | V82: 0 | W82: 0 | X82: 0 | Y82: 0 | Z82: 0 | AA82: 0 | AB82: 0 | AC82: 0 | AE82: =AVERAGE(V82:AB82) -> 0 | AF82: A | AG82: {=DIASQUIEBRE(Q82:AB82)} -> 0 | AH82: {=DiasMesesGris(Q82:AB82)} -> 360 | AI82: =AG82+AH82 -> 360 | AJ82: =360-AI82 -> 0 | AK82: =SUM(D82:O82) -> 0 | AL82: =IFERROR(AK82/AJ82,0) -> 0
A83: C00319 | B83: TONER HP CE255A CPT 6K | C83: 5350137120733 | F83: 1 | I83: 3 | L83: 4 | M83: 1 | N83: 3 | Q83: =D83/30 -> 0 | R83: 0 | S83: 0.029 | T83: 0 | U83: 0 | V83: 0.0968 | W83: 0 | X83: 0 | Y83: 0.1173 | Z83: 0.037 | AA83: =N83/30 -> 0.1 | AB83: 0 | AC83: 0 | AD83: 0.0311 | AE83: =AVERAGE(V83:AB83) -> 0.050157143 | AF83: A | AG83: {=DIASQUIEBRE(Q83:AB83)} -> 26 | AH83: {=DiasMesesGris(Q83:AB83)} -> 30 | AI83: =AG83+AH83 -> 56 | AJ83: =360-AI83 -> 304 | AK83: =SUM(D83:O83) -> 12 | AL83: =IFERROR(AK83/AJ83,0) -> 0.039473684
A84: C00324 | B84: TONER BROTHER TN-210 BK CPT 2.2K | C84: 5350137121204 | Q84: 0 | R84: 0 | S84: 0 | T84: 0 | U84: 0 | V84: 0 | W84: 0 | X84: 0 | Y84: 0 | Z84: 0 | AA84: 0 | AB84: 0 | AC84: 0 | AE84: =AVERAGE(V84:AB84) -> 0 | AF84: A | AG84: {=DIASQUIEBRE(Q84:AB84)} -> 0 | AH84: {=DiasMesesGris(Q84:AB84)} -> 0 | AI84: =AG84+AH84 -> 0 | AJ84: =360-AI84 -> 360 | AK84: =SUM(D84:O84) -> 0 | AL84: =IFERROR(AK84/AJ84,0) -> 0
A85: C00325 | B85: TONER BROTHER TN-210 CY CPT 1.4K | C85: 5350137121211 | Q85: 0 | R85: 0 | S85: 0 | T85: 0 | U85: 0 | V85: 0 | W85: 0 | X85: 0 | Y85: 0 | Z85: 0 | AA85: 0 | AB85: 0 | AC85: 0 | AE85: =AVERAGE(V85:AB85) -> 0 | AF85: A | AG85: {=DIASQUIEBRE(Q85:AB85)} -> 0 | AH85: {=DiasMesesGris(Q85:AB85)} -> 360 | AI85: =AG85+AH85 -> 360 | AJ85: =360-AI85 -> 0 | AK85: =SUM(D85:O85) -> 0 | AL85: =IFERROR(AK85/AJ85,0) -> 0
A86: C00326 | B86: TONER BROTHER TN-210 MG CPT 1.4K | C86: 5350137121228 | Q86: 0 | R86: 0 | S86: 0 | T86: 0 | U86: 0 | V86: 0 | W86: 0 | X86: 0 | Y86: 0 | Z86: 0 | AA86: 0 | AB86: 0 | AC86: 0 | AE86: =AVERAGE(V86:AB86) -> 0 | AF86: A | AG86: {=DIASQUIEBRE(Q86:AB86)} -> 0 | AH86: {=DiasMesesGris(Q86:AB86)} -> 0 | AI86: =AG86+AH86 -> 0 | AJ86: =360-AI86 -> 360 | AK86: =SUM(D86:O86) -> 0 | AL86: =IFERROR(AK86/AJ86,0) -> 0
A87: C00327 | B87: TONER BROTHER TN-210 YE CPT 1.4K | C87: 5350137121235 | F87: 1 | Q87: 0 | R87: 0 | S87: 0.029 | T87: 0 | U87: 0 | V87: 0 | W87: 0 | X87: 0 | Y87: 0 | Z87: 0 | AA87: 0 | AB87: 0 | AC87: 0 | AD87: 0.0024 | AE87: =AVERAGE(V87:AB87) -> 0 | AF87: A | AG87: {=DIASQUIEBRE(Q87:AB87)} -> 0 | AH87: {=DiasMesesGris(Q87:AB87)} -> 0 | AI87: =AG87+AH87 -> 0 | AJ87: =360-AI87 -> 360 | AK87: =SUM(D87:O87) -> 1 | AL87: =IFERROR(AK87/AJ87,0) -> 0.0027777778
A88: C00328 | B88: TONER HP CF280A/CE505A/CRG120 CPT 2.3K | C88: 5350137121358 | D88: 7 | E88: 15 | F88: 2 | G88: 15 | H88: 17 | I88: 7 | J88: 15 | L88: 33 | N88: 23 | O88: 4 | Q88: 0.2258 | R88: 0.4839 | S88: 0.058 | T88: 0.4839 | U88: 0.5667 | V88: 0.2258 | W88: 0.6048 | X88: 0 | Y88: 0.9677 | Z88: 0 | AA88: 0.7066 | AB88: 0.1159 | AC88: 0 | AD88: 0.3699 | AE88: =AVERAGE(V88:AB88) -> 0.3744 | AF88: A | AG88: {=DIASQUIEBRE(Q88:AB88)} -> 0 | AH88: {=DiasMesesGris(Q88:AB88)} -> 0 | AI88: =AG88+AH88 -> 0 | AJ88: =360-AI88 -> 360 | AK88: =SUM(D88:O88) -> 138 | AL88: =IFERROR(AK88/AJ88,0) -> 0.38333333
A89: C00329 | B89: TONER OKIDATA B4400/4500/4600 CPT 7K | C89: 5358137120241 | E89: 1 | Q89: 0 | R89: 0 | S89: 0 | T89: 0 | U89: 0 | V89: 0 | W89: 0 | X89: 0 | Y89: 0 | Z89: 0 | AA89: 0 | AB89: 0 | AC89: 0 | AE89: =AVERAGE(V89:AB89) -> 0 | AF89: A | AG89: {=DIASQUIEBRE(Q89:AB89)} -> 0 | AH89: {=DiasMesesGris(Q89:AB89)} -> 360 | AI89: =AG89+AH89 -> 360 | AJ89: =360-AI89 -> 0 | AK89: =SUM(D89:O89) -> 1 | AL89: =IFERROR(AK89/AJ89,0) -> 0
A90: C00339 | B90: TONER SAMSUNG SCX-4725 CPT 3K | C90: 5358137120876 | Q90: 0 | R90: 0 | S90: 0 | T90: 0 | U90: 0 | V90: 0 | W90: 0 | X90: 0 | Y90: 0 | Z90: 0 | AA90: 0 | AB90: 0 | AC90: 0 | AE90: =AVERAGE(V90:AB90) -> 0 | AF90: D | AG90: {=DIASQUIEBRE(Q90:AB90)} -> 0 | AH90: {=DiasMesesGris(Q90:AB90)} -> 360 | AI90: =AG90+AH90 -> 360 | AJ90: =360-AI90 -> 0 | AK90: =SUM(D90:O90) -> 0 | AL90: =IFERROR(AK90/AJ90,0) -> 0
A91: C00353 | B91: TONER XEROX PE120 BK CPT 5K | C91: 5350137121334 | Q91: 0 | R91: 0 | S91: 0 | T91: 0 | U91: 0 | V91: 0 | W91: 0 | X91: 0 | Y91: 0 | Z91: 0 | AA91: 0 | AB91: 0 | AC91: 0 | AE91: =AVERAGE(V91:AB91) -> 0 | AF91: D | AG91: {=DIASQUIEBRE(Q91:AB91)} -> 0 | AH91: {=DiasMesesGris(Q91:AB91)} -> 0 | AI91: =AG91+AH91 -> 0 | AJ91: =360-AI91 -> 360 | AK91: =SUM(D91:O91) -> 0 | AL91: =IFERROR(AK91/AJ91,0) -> 0
A92: C00357 | B92: TONER XEROX CCL 3119 CPT 3K | C92: 5358137120678 | Q92: 0 | R92: 0 | S92: 0 | T92: 0 | U92: 0 | V92: 0 | W92: 0 | X92: 0 | Y92: 0 | Z92: 0 | AA92: 0 | AB92: 0 | AC92: 0 | AE92: =AVERAGE(V92:AB92) -> 0 | AF92: D | AG92: {=DIASQUIEBRE(Q92:AB92)} -> 0 | AH92: {=DiasMesesGris(Q92:AB92)} -> 360 | AI92: =AG92+AH92 -> 360 | AJ92: =360-AI92 -> 0 | AK92: =SUM(D92:O92) -> 0 | AL92: =IFERROR(AK92/AJ92,0) -> 0
A93: C00375 | B93: TONER BROTHER TN-1060/1030 BK CPT 1K | C93: 5350137121150 | D93: 2698 | E93: 1496 | F93: 2642 | G93: 1253 | H93: 1500 | I93: 1612 | J93: 1819 | K93: 1715 | L93: 2394 | M93: 2155 | N93: 1402 | O93: 2035 | P93: 40 | Q93: 87.0323 | R93: 48.2581 | S93: 76.5797 | T93: 40.4194 | U93: 50 | V93: 52 | W93: 73.3468 | X93: 72.0588 | Y93: 70.2053 | Z93: 79.8148 | AA93: 43.0722 | AB93: 58.9855 | AC93: 1.2903 | AD93: 62.6477 | AE93: =AVERAGE(V93:AB93) -> 64.211914 | AF93: A | AG93: {=DIASQUIEBRE(Q93:AB93)} -> 0 | AH93: {=DiasMesesGris(Q93:AB93)} -> 0 | AI93: =AG93+AH93 -> 0 | AJ93: =360-AI93 -> 360 | AK93: =SUM(D93:O93) -> 22721 | AL93: =IFERROR(AK93/AJ93,0) -> 63.113889
A94: C00376 | B94: TONER LEXMARK E260A11L E260/E360/E460 CPT 3.5K | C94: 5350137121020 | D94: 1 | E94: 5 | G94: 15 | H94: 5 | I94: 1 | J94: 2 | L94: 1 | N94: 1 | Q94: 0.0323 | R94: 0.1613 | S94: 0 | T94: 0.4839 | U94: 0.1667 | V94: 0.0323 | W94: 0.0806 | X94: 0 | Y94: 0.0293 | Z94: 0 | AA94: 0.0307 | AB94: 0 | AC94: 0 | AD94: 0.0848 | AE94: =AVERAGE(V94:AB94) -> 0.0247 | AF94: A | AG94: {=DIASQUIEBRE(Q94:AB94)} -> 0 | AH94: {=DiasMesesGris(Q94:AB94)} -> 0 | AI94: =AG94+AH94 -> 0 | AJ94: =360-AI94 -> 360 | AK94: =SUM(D94:O94) -> 31 | AL94: =IFERROR(AK94/AJ94,0) -> 0.086111111
A95: C00377 | B95: TONER BROTHER TN-115 BK CPT 5K | C95: 5350137121037 | Q95: 0 | R95: 0 | S95: 0 | T95: 0 | U95: 0 | V95: 0 | W95: 0 | X95: 0 | Y95: 0 | Z95: 0 | AA95: 0 | AB95: 0 | AC95: 0 | AE95: =AVERAGE(V95:AB95) -> 0 | AF95: D | AG95: {=DIASQUIEBRE(Q95:AB95)} -> 0 | AH95: {=DiasMesesGris(Q95:AB95)} -> 360 | AI95: =AG95+AH95 -> 360 | AJ95: =360-AI95 -> 0 | AK95: =SUM(D95:O95) -> 0 | AL95: =IFERROR(AK95/AJ95,0) -> 0
A96: C00378 | B96: TONER BROTHER TN-115 CY CPT 4K | C96: 5350137121044 | Q96: 0 | R96: 0 | S96: 0 | T96: 0 | U96: 0 | V96: 0 | W96: 0 | X96: 0 | Y96: 0 | Z96: 0 | AA96: 0 | AB96: 0 | AC96: 0 | AE96: =AVERAGE(V96:AB96) -> 0 | AF96: A | AG96: {=DIASQUIEBRE(Q96:AB96)} -> 0 | AH96: {=DiasMesesGris(Q96:AB96)} -> 360 | AI96: =AG96+AH96 -> 360 | AJ96: =360-AI96 -> 0 | AK96: =SUM(D96:O96) -> 0 | AL96: =IFERROR(AK96/AJ96,0) -> 0
A97: C00379 | B97: TONER BROTHER TN-115 MG CPT 4K | C97: 5350137121051 | Q97: 0 | R97: 0 | S97: 0 | T97: 0 | U97: 0 | V97: 0 | W97: 0 | X97: 0 | Y97: 0 | Z97: 0 | AA97: 0 | AB97: 0 | AC97: 0 | AE97: =AVERAGE(V97:AB97) -> 0 | AF97: A | AG97: {=DIASQUIEBRE(Q97:AB97)} -> 0 | AH97: {=DiasMesesGris(Q97:AB97)} -> 360 | AI97: =AG97+AH97 -> 360 | AJ97: =360-AI97 -> 0 | AK97: =SUM(D97:O97) -> 0 | AL97: =IFERROR(AK97/AJ97,0) -> 0
A98: C00380 | B98: TONER BROTHER TN-115 YE CPT 4K | C98: 5350137121068 | Q98: 0 | R98: 0 | S98: 0 | T98: 0 | U98: 0 | V98: 0 | W98: 0 | X98: 0 | Y98: 0 | Z98: 0 | AA98: 0 | AB98: 0 | AC98: 0 | AE98: =AVERAGE(V98:AB98) -> 0 | AF98: D | AG98: {=DIASQUIEBRE(Q98:AB98)} -> 0 | AH98: {=DiasMesesGris(Q98:AB98)} -> 360 | AI98: =AG98+AH98 -> 360 | AJ98: =360-AI98 -> 0 | AK98: =SUM(D98:O98) -> 0 | AL98: =IFERROR(AK98/AJ98,0) -> 0
A99: C00381 | B99: TONER BROTHER TN-315/319 BK CPT 6K | C99: 5350137121075 | E99: 2 | F99: 2 | I99: 1 | Q99: 0 | R99: 0.0645 | S99: =F99/30 -> 0.066666667 | T99: 0 | U99: 0 | V99: 0 | W99: 0 | X99: 0 | Y99: 0 | Z99: 0 | AA99: 0 | AB99: 0 | AC99: 0 | AD99: 0.0323 | AE99: =AVERAGE(V99:AB99) -> 0 | AF99: A | AG99: {=DIASQUIEBRE(Q99:AB99)} -> 23 | AH99: {=DiasMesesGris(Q99:AB99)} -> 270 | AI99: =AG99+AH99 -> 293 | AJ99: =360-AI99 -> 67 | AK99: =SUM(D99:O99) -> 5 | AL99: =IFERROR(AK99/AJ99,0) -> 0.074626866
A100: C00382 | B100: TONER BROTHER TN-315/319 CY CPT 3.5K | C100: 5350137121082 | E100: 2 | M100: 1 | Q100: 0 | R100: 0 | S100: 0 | T100: 0 | U100: 0 | V100: 0 | W100: 0 | X100: 0 | Y100: 0 | Z100: 0 | AA100: 0 | AB100: 0 | AC100: 0 | AE100: =AVERAGE(V100:AB100) -> 0 | AF100: A | AG100: {=DIASQUIEBRE(Q100:AB100)} -> 0 | AH100: {=DiasMesesGris(Q100:AB100)} -> 360 | AI100: =AG100+AH100 -> 360 | AJ100: =360-AI100 -> 0 | AK100: =SUM(D100:O100) -> 3 | AL100: =IFERROR(AK100/AJ100,0) -> 0
A101: C00383 | B101: TONER BROTHER TN-315/319 MG CPT 3.5K | C101: 5350137121099 | E101: 2 | L101: 1 | Q101: 0 | R101: 0.0645 | S101: 0 | T101: 0 | U101: 0 | V101: 0 | W101: 0 | X101: 0 | Y101: =L101/30 -> 0.033333333 | Z101: 0 | AA101: 0 | AB101: 0 | AC101: 0 | AD101: 0.0081 | AE101: =AVERAGE(V101:AB101) -> 0.0047619048 | AF101: A | AG101: {=DIASQUIEBRE(Q101:AB101)} -> 21 | AH101: {=DiasMesesGris(Q101:AB101)} -> 90 | AI101: =AG101+AH101 -> 111 | AJ101: =360-AI101 -> 249 | AK101: =SUM(D101:O101) -> 3 | AL101: =IFERROR(AK101/AJ101,0) -> 0.012048193
A102: C00384 | B102: TONER BROTHER TN-315/319 YE CPT 3.5K | C102: 5350137121105 | E102: 2 | L102: 1 | Q102: 0 | R102: =E102/30 -> 0.066666667 | S102: 0 | T102: 0 | U102: 0 | V102: 0 | W102: 0 | X102: 0 | Y102: 0 | Z102: 0 | AA102: 0 | AB102: 0 | AC102: 0 | AE102: =AVERAGE(V102:AB102) -> 0 | AF102: A | AG102: {=DIASQUIEBRE(Q102:AB102)} -> 17 | AH102: {=DiasMesesGris(Q102:AB102)} -> 300 | AI102: =AG102+AH102 -> 317 | AJ102: =360-AI102 -> 43 | AK102: =SUM(D102:O102) -> 3 | AL102: =IFERROR(AK102/AJ102,0) -> 0.069767442
A103: C00385 | B103: TONER SAMSUNG CLT-406 BK CPT 1K | C103: 5350137121112 | D103: 4 | E103: 8 | F103: 4 | G103: 5 | H103: 1 | I103: 2 | J103: 4 | K103: 4 | L103: 4 | M103: 7 | N103: 8 | Q103: 0.129 | R103: 0.2581 | S103: 0.1159 | T103: 0.1613 | U103: 0.0333 | V103: 0.0645 | W103: 0.1613 | X103: 0.1681 | Y103: 0.1173 | Z103: 0.2593 | AA103: 0.2458 | AB103: 0 | AC103: 0 | AD103: 0.1428 | AE103: =AVERAGE(V103:AB103) -> 0.14518571 | AF103: A | AG103: {=DIASQUIEBRE(Q103:AB103)} -> 0 | AH103: {=DiasMesesGris(Q103:AB103)} -> 0 | AI103: =AG103+AH103 -> 0 | AJ103: =360-AI103 -> 360 | AK103: =SUM(D103:O103) -> 51 | AL103: =IFERROR(AK103/AJ103,0) -> 0.14166667
...

Sheet Compras
A1: Fecha Proxima Importacion | B1: 46313 | D1: Dias Pedido | E1: 180 | G1: Dias Duracion | H1: 90 | J1: Relacion Venta Marcas | K1: 7 | L1: 1 | AN1: REVISAR | AP1: REVISAR
AN2: PEDIDO | AP2: PEDIDO | AR2: in adv gra | AU2: in adv Eco
I3: I M P O R T A C I O N - 599 | AC3: S T O C K A L 18/10/2026 | BB3: S T O C K A L 16/01/2027
A4: Codigos Barras | B4: Descripcion | C4: Articulo.1 | D4: Articulo.2 | E4: Articulo.3 | F4: Stock Act.1 | G4: Stock Act.2 | H4: Stock Act.3 | I4: Arribo | J4: Dias Arribo. | K4: Quiebre Stk.1 | L4: % Proteccion.1 | M4: Quiebre Stk.2 | N4: % Proteccion.2 | O4: Quiebre Stk.3 | P4: % Proteccion.3 | Q4: Stk.Marca 1+2+3 | R4: Pedidos.1 | S4: Pedidos.2 | T4: Pedidos.3 | U4: Stk.Arribo.1 | V4: Stk.Arribo.2 | W4: Stk.Arribo.3 | X4: FOB Arribo.1 | Y4: FOB Arribo.2 | Z4: FOB Arribo.3 | AA4: UnidxEnv | AB4: Volumen | AC4: Arribo Prox. | AD4: Dias Arribo | AE4: Quiebre Stk.1 | AF4: % Proteccion.1 | AG4: Quiebre Stk.2 | AH4: % Proteccion.2 | AI4: Quiebre Stk.3 | AJ4: % Proteccion.3 | AK4: Suma Tot. Quiebre | AL4: Pond. %Protecc. | AM4: Pedir Artic.1 | AN4: Confirmado Art.1 | AO4: Pedir Artic.2 | AP4: Confirmado Art.2 | AQ4: Pedir Artic.3 | AR4: Confirmado Art.3 | AS4: Stk.Acumulado.1 | AT4: Stk.Acumulado.2 | AU4: Stk.Acumulado.3 | AV4: FOB U$S Art.1 | AW4: Prov. Cpa. Art.1 | AX4: FOB U$S Art.2 | AY4: Prov. Cpa. Art.2 | AZ4: FOB U$S Art.3 | BA4: Prov. Cpa. Art.3 | BB4: Stk.Final.1 | BC4: % Proteccion.1 | BD4: Stk.Final.2 | BE4: % Proteccion.2 | BF4: Stk.Final.3 | BG4: % Proteccion.3 | BH4: Suma Tot. Stk.Final | BI4: Pond. %Protecc. | BJ4: Estado Art.1
A5: 5358125120017 | B5: TONER SAMSUNG CPT ML1610/2010/4521/X3117 3K Univ. | C5: C00159 | D5: E00159 | F5: 27 | I5: 46221 | J5: 17 | K5: =(F5-(0)+0-(J5*Ventas!AE2*1)) -> 24.603729 | L5: =(K5/(Ventas!AE2*1)/80) -> 2.1818448 | M5: =(G5-(0)+0-(J5*Ventas!AE495*1)) -> 0 | N5: =(M5/(Ventas!AE495*1)/85) -> #DIV/0! | O5: =(H5+0) -> 0 | Q5: =(K5+M5+O5) -> 24.603729 | R5: 0 | S5: 0 | T5: 0 | U5: =IF(K5>0,K5+R5,R5) -> 24.603729 | V5: =IF(M5>0,M5+S5,S5) -> 0 | W5: =IF(O5>0,O5+T5,T5) -> 0 | AA5: 18 | AB5: 0.005566 | AC5: 46313 | AD5: 92 | AE5: =(IF(K5>0,K5+R5,R5)-(AD5*Ventas!AE2*1.0489)) -> 11.001533 | AF5: =(AE5/(Ventas!AE2*1.0489)/80) -> 0.9301266 | AG5: =(IF(M5>0,M5+S5,S5)-(AD5*Ventas!AE495*1.0489)) -> 0 | AH5: =(AG5/(Ventas!AE495*1.0489)/85) -> #DIV/0! | AI5: =(H5+0) -> 0 | AK5: =(AE5+AG5+AI5) -> 11.001533 | AL5: =(((AF5*7)+(AH5*1)+(AJ5*0))/8) -> #DIV/0! | AM5: =(180*(Ventas!AE2*0.9644) - IF(AE5>0,AE5,0)) -> 13.467499 | AN5: 10 | AO5: =(180*(Ventas!AE495*0.9644) - IF(AG5>0,AG5,0)) -> 0 | AP5: =IF(AO5>3,CEILING(AO5,5),0) -> 0 | AQ5: =(AN5+AP5)*AB5 -> 0.05566 | AR5: =_xlfn.XLOOKUP(C5,[1]Hoja2!$C$6:$C$24,[1]Hoja2!$D$6:$D$24,0,2,1) -> 0 | AS5: =IF(AE5>0,AE5+IF(AN5>0,AN5,0),AN5) -> 21.001533 | AT5: =IF(AG5>0,AG5+IF(AP5>0,AP5,0),AP5) -> 0 | AU5: =_xlfn.XLOOKUP(D5,[1]Hoja2!$E$6:$E$24,[1]Hoja2!$F$6:$F$24,0,2,1) -> 0 | AV5: 4.6 | AW5: 3016 | AX5: 0 | AZ5: =_xlfn.XLOOKUP(C5,[2]PI!$B$15:$B$99,[2]PI!$L$15:$L$99,0,2,1) -> 4.6 | BA5: =_xlfn.XLOOKUP(D5,[2]PI!$B$15:$B$99,[2]PI!$L$15:$L$99,0,2,1) -> 0 | BB5: =(AS5-(90*Ventas!AE2*0.9644)) -> 8.7670173 | BC5: =(BB5/(Ventas!AE2*0.9644)/80) -> 0.8061532 | BD5: =(AT5-(90*Ventas!AE495*0.9644)) -> 0 | BE5: =(BD5/(Ventas!AE495*0.9644)/85) -> #DIV/0! | BH5: =(IF(BB5>0,BB5,0)+IF(BD5>0,BD5,0)+IF(BF5>0,BF5,0)) -> 8.7670173 | BI5: =(((BC5*7)+(BE5*1)+(BG5*1))/8) -> #DIV/0! | BJ5: A | BK5: =AV5*AN5+AP5*AX5 -> 46 | BL5: =(AN5)*AZ5+AP5*BA5 -> 46
A6: 5350125120257 | B6: TONER HP Q2612A / CANON FX9 / FX10 2K CPT | C6: C00160 | D6: E00160 | F6: 40 | G6: 22 | I6: 46221 | J6: 17 | K6: =(F6-(0)+0-(J6*Ventas!AE3*1)) -> 29.518529 | L6: =(K6/(Ventas!AE3*1)/80) -> 0.59845484 | M6: =(G6-(0)+0-(J6*Ventas!AE496*1)) -> 22 | N6: =(M6/(Ventas!AE496*1)/85) -> #DIV/0! | O6: =(H6+0) -> 0 | Q6: =(K6+M6+O6) -> 51.518529 | R6: 30 | S6: 0 | T6: 0 | U6: =IF(K6>0,K6+R6,R6) -> 59.518529 | V6: =IF(M6>0,M6+S6,S6) -> 22 | W6: =IF(O6>0,O6+T6,T6) -> 0 | X6: 2.3 | AA6: 20 | AB6: 0.003564 | AC6: 46313 | AD6: 92 | AE6: =(IF(K6>0,K6+R6,R6)-(AD6*Ventas!AE3*1.0489)) -> 0.021504154 | AF6: =(AE6/(Ventas!AE3*1.0489)/80) -> 0.0004156473 | AG6: =(IF(M6>0,M6+S6,S6)-(AD6*Ventas!AE496*1.0489)) -> 22 | AH6: =(AG6/(Ventas!AE496*1.0489)/85) -> #DIV/0! | AI6: =(H6+0) -> 0 | AK6: =(AE6+AG6+AI6) -> 22.021504 | AL6: =(((AF6*7)+(AH6*1)+(AJ6*0))/8) -> #DIV/0! | AM6: =(180*(Ventas!AE3*0.9644) - IF(AE6>0,AE6,0)) -> 107.00788 | AN6: =IF(AM6>3,CEILING(AM6+AO6,5),0) -> 90 | AO6: =(180*(Ventas!AE496*0.9644) - IF(AG6>0,AG6,0)) -> -22 | AP6: =IF(AO6>3,CEILING(AO6,5),0) -> 0 | AQ6: =(AN6+AP6)*AB6 -> 0.32076 | AR6: =_xlfn.XLOOKUP(C6,[1]Hoja2!$C$6:$C$24,[1]Hoja2!$D$6:$D$24,0,2,1) -> 0 | AS6: =IF(AE6>0,AE6+IF(AN6>0,AN6,0),AN6) -> 90.021504 | AT6: =IF(AG6>0,AG6+IF(AP6>0,AP6,0),AP6) -> 22 | AU6: =_xlfn.XLOOKUP(D6,[1]Hoja2!$E$6:$E$24,[1]Hoja2!$F$6:$F$24,0,2,1) -> 0 | AV6: 2.3 | AW6: 3016 | AX6: 0 | AZ6: =_xlfn.XLOOKUP(C6,[2]PI!$B$15:$B$99,[2]PI!$L$15:$L$99,0,2,1) -> 2.3 | BA6: =_xlfn.XLOOKUP(D6,[2]PI!$B$15:$B$99,[2]PI!$L$15:$L$99,0,2,1) -> 0 | BB6: =(AS6-(90*Ventas!AE3*0.9644)) -> 36.50681 | BC6: =(BB6/(Ventas!AE3*0.9644)/80) -> 0.76745579 | BD6: =(AT6-(90*Ventas!AE496*0.9644)) -> 22 | BE6: =(BD6/(Ventas!AE496*0.9644)/85) -> #DIV/0! | BH6: =(IF(BB6>0,BB6,0)+IF(BD6>0,BD6,0)+IF(BF6>0,BF6,0)) -> 58.50681 | BI6: =(((BC6*7)+(BE6*1)+(BG6*1))/8) -> #DIV/0! | BJ6: A | BK6: =AV6*AN6+AP6*AX6 -> 207 | BL6: =(AN6)*AZ6+AP6*BA6 -> 207
A7: 5357125120133 | B7: TONER LEXMARK E120 - 12018SL CPT 2K | C7: C00163 | D7: E00163 | F7: 9 | I7: 46221 | J7: 17 | K7: =(F7-(0)+0-(J7*Ventas!AE4*1)) -> 9 | M7: =(G7-(0)+0-(J7*Ventas!AE497*1)) -> 0 | O7: =(H7+0) -> 0 | Q7: =(K7+M7+O7) -> 9 | R7: 0 | S7: 0 | T7: 0 | U7: =IF(K7>0,K7+R7,R7) -> 9 | V7: =IF(M7>0,M7+S7,S7) -> 0 | W7: =IF(O7>0,O7+T7,T7) -> 0 | AA7: 18 | AB7: 0.005566 | AC7: 46313 | AD7: 92 | AE7: =(IF(K7>0,K7+R7,R7)-(AD7*Ventas!AE4*1.0489)) -> 9 | AG7: =(IF(M7>0,M7+S7,S7)-(AD7*Ventas!AE497*1.0489)) -> 0 | AI7: =(H7+0) -> 0 | AK7: =(AE7+AG7+AI7) -> 9 | AL7: =(((AF7*7)+(AH7*1)+(AJ7*0))/8) -> 0 | AM7: =(180*(Ventas!AE4*0.9644) - IF(AE7>0,AE7,0)) -> -9 | AN7: =IF(AM7>3,CEILING(AM7,5),0) -> 0 | AO7: =(180*(Ventas!AE497*0.9644) - IF(AG7>0,AG7,0)) -> 0 | AP7: =IF(AO7>3,CEILING(AO7,5),0) -> 0 | AQ7: =(AN7+AP7)*AB7 -> 0 | AR7: =_xlfn.XLOOKUP(C7,[1]Hoja2!$C$6:$C$24,[1]Hoja2!$D$6:$D$24,0,2,1) -> 0 | AS7: =IF(AE7>0,AE7+IF(AN7>0,AN7,0),AN7) -> 9 | AT7: =IF(AG7>0,AG7+IF(AP7>0,AP7,0),AP7) -> 0 | AU7: =_xlfn.XLOOKUP(D7,[1]Hoja2!$E$6:$E$24,[1]Hoja2!$F$6:$F$24,0,2,1) -> 0 | AV7: 0 | AW7: 3016 | AX7: 0 | AZ7: =_xlfn.XLOOKUP(C7,[2]PI!$B$15:$B$99,[2]PI!$L$15:$L$99,0,2,1) -> 0 | BA7: =_xlfn.XLOOKUP(D7,[2]PI!$B$15:$B$99,[2]PI!$L$15:$L$99,0,2,1) -> 0 | BH7: =(IF(BB7>0,BB7,0)+IF(BD7>0,BD7,0)+IF(BF7>0,BF7,0)) -> 0 | BI7: =(((BC7*7)+(BE7*1)+(BG7*1))/8) -> 0 | BJ7: A | BK7: =AV7*AN7+AP7*AX7 -> 0 | BL7: =(AN7)*AZ7+AP7*BA7 -> 0
A8: 5350125120127 | B8: TONER HP Q5949A / Q7553A 3K CPT | C8: C00164 | F8: 9 | I8: 46221 | J8: 17 | K8: =(F8-(0)+0-(J8*Ventas!AE5*1)) -> 8.3498714 | L8: =(K8/(Ventas!AE5*1)/80) -> 2.7292258 | M8: =(G8+0) -> 0 | O8: =(H8+0) -> 0 | Q8: =(K8+M8+O8) -> 8.3498714 | R8: 0 | S8: 0 | T8: 0 | U8: =IF(K8>0,K8+R8,R8) -> 8.3498714 | V8: =IF(M8>0,M8+S8,S8) -> 0 | W8: =IF(O8>0,O8+T8,T8) -> 0 | AA8: 18 | AB8: 0.005566 | AC8: 46313 | AD8: 92 | AE8: =(IF(K8>0,K8+R8,R8)-(AD8*Ventas!AE5*1.0489)) -> 4.6594816 | AF8: =(AE8/(Ventas!AE5*1.0489)/80) -> 1.4519886 | AG8: =(G8+0) -> 0 | AI8: =(H8+0) -> 0 | AK8: =(AE8+AG8+AI8) -> 4.6594816 | AL8: =(((AF8*7)+(AH8*1)+(AJ8*0))/8) -> 1.27049 | AM8: =(180*(Ventas!AE5*0.9644) - IF(AE8>0,AE8,0)) -> 1.9791725 | AN8: =IF(AM8>3,CEILING(AM8,5),0) -> 0 | AP8: =IF(AO8>3,CEILING(AO8,5),0) -> 0 | AQ8: =(AN8+AP8)*AB8 -> 0 | AR8: =_xlfn.XLOOKUP(C8,[1]Hoja2!$C$6:$C$24,[1]Hoja2!$D$6:$D$24,0,2,1) -> 0 | AS8: =IF(AE8>0,AE8+IF(AN8>0,AN8,0),AN8) -> 4.6594816 | AU8: =_xlfn.XLOOKUP(D8,[1]Hoja2!$E$6:$E$24,[1]Hoja2!$F$6:$F$24,0,2,1) -> 0 | AV8: 0 | AW8: 3016 | AX8: 0 | AZ8: =_xlfn.XLOOKUP(C8,[2]PI!$B$15:$B$99,[2]PI!$L$15:$L$99,0,2,1) -> 0 | BA8: =_xlfn.XLOOKUP(D8,[2]PI!$B$15:$B$99,[2]PI!$L$15:$L$99,0,2,1) -> 0 | BB8: =(AS8-(90*Ventas!AE5*0.9644)) -> 1.3401546 | BC8: =(BB8/(Ventas!AE5*0.9644)/80) -> 0.45421071 | BH8: =(IF(BB8>0,BB8,0)+IF(BD8>0,BD8,0)+IF(BF8>0,BF8,0)) -> 1.3401546 | BI8: =(((BC8*7)+(BE8*1)+(BG8*1))/8) -> 0.39743437 | BJ8: A | BK8: =AV8*AN8+AP8*AX8 -> 0 | BL8: =(AN8)*AZ8+AP8*BA8 -> 0
A9: 5350125120059 | B9: TONER HP C4092A/CANON EP-22 CPT 2.5K | C9: C00165 | D9: E00165 | F9: 1 | I9: 46221 | J9: 17 | K9: =(F9-(0)+0-(J9*Ventas!AE6*1)) -> 1 | M9: =(G9-(0)+0-(J9*Ventas!AE498*1)) -> 0 | O9: =(H9+0) -> 0 | Q9: =(K9+M9+O9) -> 1 | R9: 0 | S9: 0 | T9: 0 | U9: =IF(K9>0,K9+R9,R9) -> 1 | V9: =IF(M9>0,M9+S9,S9) -> 0 | W9: =IF(O9>0,O9+T9,T9) -> 0 | AA9: 18 | AB9: 0.004333 | AC9: 46313 | AD9: 92 | AE9: =(IF(K9>0,K9+R9,R9)-(AD9*Ventas!AE6*1.0489)) -> 1 | AG9: =(IF(M9>0,M9+S9,S9)-(AD9*Ventas!AE498*1.0489)) -> 0 | AI9: =(H9+0) -> 0 | AK9: =(AE9+AG9+AI9) -> 1 | AL9: =(((AF9*7)+(AH9*1)+(AJ9*0))/8) -> 0 | AM9: =(180*(Ventas!AE6*0.9644) - IF(AE9>0,AE9,0)) -> -1 | AN9: =IF(AM9>3,CEILING(AM9,5),0) -> 0 | AO9: =(180*(Ventas!AE498*0.9644) - IF(AG9>0,AG9,0)) -> 0 | AP9: =IF(AO9>3,CEILING(AO9,5),0) -> 0 | AQ9: =(AN9+AP9)*AB9 -> 0 | AR9: =_xlfn.XLOOKUP(C9,[1]Hoja2!$C$6:$C$24,[1]Hoja2!$D$6:$D$24,0,2,1) -> 0 | AS9: =IF(AE9>0,AE9+IF(AN9>0,AN9,0),AN9) -> 1 | AT9: =IF(AG9>0,AG9+IF(AP9>0,AP9,0),AP9) -> 0 | AU9: =_xlfn.XLOOKUP(D9,[1]Hoja2!$E$6:$E$24,[1]Hoja2!$F$6:$F$24,0,2,1) -> 0 | AV9: 0 | AW9: 3022 | AX9: 0 | AZ9: =_xlfn.XLOOKUP(C9,[2]PI!$B$15:$B$99,[2]PI!$L$15:$L$99,0,2,1) -> 0 | BA9: =_xlfn.XLOOKUP(D9,[2]PI!$B$15:$B$99,[2]PI!$L$15:$L$99,0,2,1) -> 0 | BH9: =(IF(BB9>0,BB9,0)+IF(BD9>0,BD9,0)+IF(BF9>0,BF9,0)) -> 0 | BI9: =(((BC9*7)+(BE9*1)+(BG9*1))/8) -> 0 | BJ9: A | BK9: =AV9*AN9+AP9*AX9 -> 0 | BL9: =(AN9)*AZ9+AP9*BA9 -> 0
A10: 5350125120400 | B10: TONER HP Q7553A 3K CPT | C10: C00166 | I10: 46221 | J10: 17 | K10: =(F10-(0)+0-(J10*Ventas!AE7*1)) -> 0 | M10: =(G10+0) -> 0 | O10: =(H10+0) -> 0 | Q10: =(K10+M10+O10) -> 0 | R10: 0 | S10: 0 | T10: 0 | U10: =IF(K10>0,K10+R10,R10) -> 0 | V10: =IF(M10>0,M10+S10,S10) -> 0 | W10: =IF(O10>0,O10+T10,T10) -> 0 | AC10: 46313 | AD10: 92 | AE10: =(IF(K10>0,K10+R10,R10)-(AD10*Ventas!AE7*1.0489)) -> 0 | AG10: =(G10+0) -> 0 | AI10: =(H10+0) -> 0 | AK10: =(AE10+AG10+AI10) -> 0 | AL10: =(((AF10*7)+(AH10*1)+(AJ10*0))/8) -> 0 | AM10: =(180*(Ventas!AE7*0.9644) - IF(AE10>0,AE10,0)) -> 0 | AN10: =IF(AM10>3,CEILING(AM10,5),0) -> 0 | AP10: =IF(AO10>3,CEILING(AO10,5),0) -> 0 | AQ10: =(AN10+AP10)*AB10 -> 0 | AR10: =_xlfn.XLOOKUP(C10,[1]Hoja2!$C$6:$C$24,[1]Hoja2!$D$6:$D$24,0,2,1) -> 0 | AS10: =IF(AE10>0,AE10+IF(AN10>0,AN10,0),AN10) -> 0 | AU10: =_xlfn.XLOOKUP(D10,[1]Hoja2!$E$6:$E$24,[1]Hoja2!$F$6:$F$24,0,2,1) -> 0 | AV10: 0 | AW10: 3002 | AX10: 0 | AZ10: =_xlfn.XLOOKUP(C10,[2]PI!$B$15:$B$99,[2]PI!$L$15:$L$99,0,2,1) -> 0 | BA10: =_xlfn.XLOOKUP(D10,[2]PI!$B$15:$B$99,[2]PI!$L$15:$L$99,0,2,1) -> 0 | BH10: =(IF(BB10>0,BB10,0)+IF(BD10>0,BD10,0)+IF(BF10>0,BF10,0)) -> 0 | BI10: =(((BC10*7)+(BE10*1)+(BG10*1))/8) -> 0 | BJ10: D | BK10: =AV10*AN10+AP10*AX10 -> 0 | BL10: =(AN10)*AZ10+AP10*BA10 -> 0
A11: 5352125120022 | B11: TONER XEROX 106R01271 BK 6110 CPT 2.0k | C11: C00174 | I11: 46221 | J11: 17 | K11: =(F11-(0)+0-(J11*Ventas!AE8*1)) -> 0 | M11: =(G11+0) -> 0 | O11: =(H11+0) -> 0 | Q11: =(K11+M11+O11) -> 0 | R11: 0 | S11: 0 | T11: 0 | U11: =IF(K11>0,K11+R11,R11) -> 0 | V11: =IF(M11>0,M11+S11,S11) -> 0 | W11: =IF(O11>0,O11+T11,T11) -> 0 | AA11: 48 | AB11: 0.057236 | AC11: 46313 | AD11: 92 | AE11: =(IF(K11>0,K11+R11,R11)-(AD11*Ventas!AE8*1.0489)) -> 0 | AG11: =(G11+0) -> 0 | AI11: =(H11+0) -> 0 | AK11: =(AE11+AG11+AI11) -> 0 | AL11: =(((AF11*7)+(AH11*1)+(AJ11*0))/8) -> 0 | AM11: =(180*(Ventas!AE8*0.9644) - IF(AE11>0,AE11,0)) -> 0 | AN11: =IF(AM11>3,CEILING(AM11,5),0) -> 0 | AP11: =IF(AO11>3,CEILING(AO11,5),0) -> 0 | AQ11: =(AN11+AP11)*AB11 -> 0 | AR11: =_xlfn.XLOOKUP(C11,[1]Hoja2!$C$6:$C$24,[1]Hoja2!$D$6:$D$24,0,2,1) -> 0 | AS11: =IF(AE11>0,AE11+IF(AN11>0,AN11,0),AN11) -> 0 | AU11: =_xlfn.XLOOKUP(D11,[1]Hoja2!$E$6:$E$24,[1]Hoja2!$F$6:$F$24,0,2,1) -> 0 | AV11: 0 | AW11: 2998 | AX11: 0 | AZ11: =_xlfn.XLOOKUP(C11,[2]PI!$B$15:$B$99,[2]PI!$L$15:$L$99,0,2,1) -> 0 | BA11: =_xlfn.XLOOKUP(D11,[2]PI!$B$15:$B$99,[2]PI!$L$15:$L$99,0,2,1) -> 0 | BH11: =(IF(BB11>0,BB11,0)+IF(BD11>0,BD11,0)+IF(BF11>0,BF11,0)) -> 0 | BI11: =(((BC11*7)+(BE11*1)+(BG11*1))/8) -> 0 | BJ11: A | BK11: =AV11*AN11+AP11*AX11 -> 0 | BL11: =(AN11)*AZ11+AP11*BA11 -> 0
A12: 5352125120039 | B12: TONER XEROX 106R01272 CY 6110 CPT 1.0k | C12: C00175 | F12: 3 | I12: 46221 | J12: 17 | K12: =(F12-(0)+0-(J12*Ventas!AE9*1)) -> 3 | M12: =(G12+0) -> 0 | O12: =(H12+0) -> 0 | Q12: =(K12+M12+O12) -> 3 | R12: 0 | S12: 0 | T12: 0 | U12: =IF(K12>0,K12+R12,R12) -> 3 | V12: =IF(M12>0,M12+S12,S12) -> 0 | W12: =IF(O12>0,O12+T12,T12) -> 0 | AC12: 46313 | AD12: 92 | AE12: =(IF(K12>0,K12+R12,R12)-(AD12*Ventas!AE9*1.0489)) -> 3 | AG12: =(G12+0) -> 0 | AI12: =(H12+0) -> 0 | AK12: =(AE12+AG12+AI12) -> 3 | AL12: =(((AF12*7)+(AH12*1)+(AJ12*0))/8) -> 0 | AM12: =(180*(Ventas!AE9*0.9644) - IF(AE12>0,AE12,0)) -> -3 | AN12: =IF(AM12>3,CEILING(AM12,5),0) -> 0 | AP12: =IF(AO12>3,CEILING(AO12,5),0) -> 0 | AQ12: =(AN12+AP12)*AB12 -> 0 | AR12: =_xlfn.XLOOKUP(C12,[1]Hoja2!$C$6:$C$24,[1]Hoja2!$D$6:$D$24,0,2,1) -> 0 | AS12: =IF(AE12>0,AE12+IF(AN12>0,AN12,0),AN12) -> 3 | AU12: =_xlfn.XLOOKUP(D12,[1]Hoja2!$E$6:$E$24,[1]Hoja2!$F$6:$F$24,0,2,1) -> 0 | AV12: 0 | AW12: 2998 | AX12: 0 | AZ12: =_xlfn.XLOOKUP(C12,[2]PI!$B$15:$B$99,[2]PI!$L$15:$L$99,0,2,1) -> 0 | BA12: =_xlfn.XLOOKUP(D12,[2]PI!$B$15:$B$99,[2]PI!$L$15:$L$99,0,2,1) -> 0 | BH12: =(IF(BB12>0,BB12,0)+IF(BD12>0,BD12,0)+IF(BF12>0,BF12,0)) -> 0 | BI12: =(((BC12*7)+(BE12*1)+(BG12*1))/8) -> 0 | BJ12: A | BK12: =AV12*AN12+AP12*AX12 -> 0 | BL12: =(AN12)*AZ12+AP12*BA12 -> 0
A13: 5352125120046 | B13: TONER XEROX 106R01273 MG 6110 CPT 1.0K | C13: C00176 | F13: 3 | I13: 46221 | J13: 17 | K13: =(F13-(0)+0-(J13*Ventas!AE10*1)) -> 3 | M13: =(G13+0) -> 0 | O13: =(H13+0) -> 0 | Q13: =(K13+M13+O13) -> 3 | R13: 0 | S13: 0 | T13: 0 | U13: =IF(K13>0,K13+R13,R13) -> 3 | V13: =IF(M13>0,M13+S13,S13) -> 0 | W13: =IF(O13>0,O13+T13,T13) -> 0 | AC13: 46313 | AD13: 92 | AE13: =(IF(K13>0,K13+R13,R13)-(AD13*Ventas!AE10*1.0489)) -> 3 | AG13: =(G13+0) -> 0 | AI13: =(H13+0) -> 0 | AK13: =(AE13+AG13+AI13) -> 3 | AL13: =(((AF13*7)+(AH13*1)+(AJ13*0))/8) -> 0 | AM13: =(180*(Ventas!AE10*0.9644) - IF(AE13>0,AE13,0)) -> -3 | AN13: =IF(AM13>3,CEILING(AM13,5),0) -> 0 | AP13: =IF(AO13>3,CEILING(AO13,5),0) -> 0 | AQ13: =(AN13+AP13)*AB13 -> 0 | AR13: =_xlfn.XLOOKUP(C13,[1]Hoja2!$C$6:$C$24,[1]Hoja2!$D$6:$D$24,0,2,1) -> 0 | AS13: =IF(AE13>0,AE13+IF(AN13>0,AN13,0),AN13) -> 3 | AU13: =_xlfn.XLOOKUP(D13,[1]Hoja2!$E$6:$E$24,[1]Hoja2!$F$6:$F$24,0,2,1) -> 0 | AV13: 0 | AW13: 2998 | AX13: 0 | AZ13: =_xlfn.XLOOKUP(C13,[2]PI!$B$15:$B$99,[2]PI!$L$15:$L$99,0,2,1) -> 0 | BA13: =_xlfn.XLOOKUP(D13,[2]PI!$B$15:$B$99,[2]PI!$L$15:$L$99,0,2,1) -> 0 | BH13: =(IF(BB13>0,BB13,0)+IF(BD13>0,BD13,0)+IF(BF13>0,BF13,0)) -> 0 | BI13: =(((BC13*7)+(BE13*1)+(BG13*1))/8) -> 0 | BJ13: A | BK13: =AV13*AN13+AP13*AX13 -> 0 | BL13: =(AN13)*AZ13+AP13*BA13 -> 0
A14: 5352125120053 | B14: TONER XEROX 106R01274 YE 6110 CPT 1.0K | C14: C00177 | F14: 1 | I14: 46221 | J14: 17 | K14: =(F14-(0)+0-(J14*Ventas!AE11*1)) -> 1 | M14: =(G14+0) -> 0 | O14: =(H14+0) -> 0 | Q14: =(K14+M14+O14) -> 1 | R14: 0 | S14: 0 | T14: 0 | U14: =IF(K14>0,K14+R14,R14) -> 1 | V14: =IF(M14>0,M14+S14,S14) -> 0 | W14: =IF(O14>0,O14+T14,T14) -> 0 | AC14: 46313 | AD14: 92 | AE14: =(IF(K14>0,K14+R14,R14)-(AD14*Ventas!AE11*1.0489)) -> 1 | AG14: =(G14+0) -> 0 | AI14: =(H14+0) -> 0 | AK14: =(AE14+AG14+AI14) -> 1 | AL14: =(((AF14*7)+(AH14*1)+(AJ14*0))/8) -> 0 | AM14: =(180*(Ventas!AE11*0.9644) - IF(AE14>0,AE14,0)) -> -1 | AN14: =IF(AM14>3,CEILING(AM14,5),0) -> 0 | AP14: =IF(AO14>3,CEILING(AO14,5),0) -> 0 | AQ14: =(AN14+AP14)*AB14 -> 0 | AR14: =_xlfn.XLOOKUP(C14,[1]Hoja2!$C$6:$C$24,[1]Hoja2!$D$6:$D$24,0,2,1) -> 0 | AS14: =IF(AE14>0,AE14+IF(AN14>0,AN14,0),AN14) -> 1 | AU14: =_xlfn.XLOOKUP(D14,[1]Hoja2!$E$6:$E$24,[1]Hoja2!$F$6:$F$24,0,2,1) -> 0 | AV14: 0 | AW14: 2998 | AX14: 0 | AZ14: =_xlfn.XLOOKUP(C14,[2]PI!$B$15:$B$99,[2]PI!$L$15:$L$99,0,2,1) -> 0 | BA14: =_xlfn.XLOOKUP(D14,[2]PI!$B$15:$B$99,[2]PI!$L$15:$L$99,0,2,1) -> 0 | BH14: =(IF(BB14>0,BB14,0)+IF(BD14>0,BD14,0)+IF(BF14>0,BF14,0)) -> 0 | BI14: =(((BC14*7)+(BE14*1)+(BG14*1))/8) -> 0 | BJ14: A | BK14: =AV14*AN14+AP14*AX14 -> 0 | BL14: =(AN14)*AZ14+AP14*BA14 -> 0
A15: 5353137120017 | B15: TONER BROTHER TN-360/TN-2115/2125 CPT 2.6K | C15: C00178 | D15: E00178 | F15: 65 | I15: 46221 | J15: 17 | K15: =(F15-(0)+0-(J15*Ventas!AE12*1)) -> 60.885757 | L15: =(K15/(Ventas!AE12*1)/80) -> 3.1447398 | M15: =(G15-(0)+0-(J15*Ventas!AE499*1)) -> 0 | O15: =(H15+0) -> 0 | Q15: =(K15+M15+O15) -> 60.885757 | R15: 10 | S15: 0 | T15: 0 | U15: =IF(K15>0,K15+R15,R15) -> 70.885757 | V15: =IF(M15>0,M15+S15,S15) -> 0 | W15: =IF(O15>0,O15+T15,T15) -> 0 | X15: 2.75 | AC15: 46313 | AD15: 92 | AE15: =(IF(K15>0,K15+R15,R15)-(AD15*Ventas!AE12*1.0489)) -> 47.531669 | AF15: =(AE15/(Ventas!AE12*1.0489)/80) -> 2.3405504 | AG15: =(IF(M15>0,M15+S15,S15)-(AD15*Ventas!AE499*1.0489)) -> 0 | AI15: =(H15+0) -> 0 | AK15: =(AE15+AG15+AI15) -> 47.531669 | AL15: =(((AF15*7)+(AH15*1)+(AJ15*0))/8) -> 2.0479816 | AM15: =(180*(Ventas!AE12*0.9644) - IF(AE15>0,AE15,0)) -> -5.5199251 | AN15: =IF(AM15>3,CEILING(AM15,5),0) -> 0 | AO15: =(180*(Ventas!AE499*0.9644) - IF(AG15>0,AG15,0)) -> 0 | AP15: =IF(AO15>3,CEILING(AO15,5),0) -> 0 | AQ15: =(AN15+AP15)*AB15 -> 0 | AR15: =_xlfn.XLOOKUP(C15,[1]Hoja2!$C$6:$C$24,[1]Hoja2!$D$6:$D$24,0,2,1) -> 0 | AS15: =IF(AE15>0,AE15+IF(AN15>0,AN15,0),AN15) -> 47.531669 | AT15: =IF(AG15>0,AG15+IF(AP15>0,AP15,0),AP15) -> 0 | AU15: =_xlfn.XLOOKUP(D15,[1]Hoja2!$E$6:$E$24,[1]Hoja2!$F$6:$F$24,0,2,1) -> 0 | AV15: 0 | AW15: 3016 | AX15: 0 | AZ15: =_xlfn.XLOOKUP(C15,[2]PI!$B$15:$B$99,[2]PI!$L$15:$L$99,0,2,1) -> 0 | BA15: =_xlfn.XLOOKUP(D15,[2]PI!$B$15:$B$99,[2]PI!$L$15:$L$99,0,2,1) -> 0 | BB15: =(AS15-(90*Ventas!AE12*0.9644)) -> 26.525797 | BC15: =(BB15/(Ventas!AE12*0.9644)/80) -> 1.4206276 | BH15: =(IF(BB15>0,BB15,0)+IF(BD15>0,BD15,0)+IF(BF15>0,BF15,0)) -> 26.525797 | BI15: =(((BC15*7)+(BE15*1)+(BG15*1))/8) -> 1.2430492 | BJ15: A | BK15: =AV15*AN15+AP15*AX15 -> 0 | BL15: =(AN15)*AZ15+AP15*BA15 -> 0
A16: 5353125120029 | B16: TONER BROTHER TN-580/TN-650 CPT 8K | C16: C00179 | F16: 58 | I16: 46221 | J16: 17 | K16: =(F16-(0)+0-(J16*Ventas!AE13*1)) -> 54.092186 | L16: =(K16/(Ventas!AE13*1)/80) -> 2.941437 | M16: =(G16+0) -> 0 | O16: =(H16+0) -> 0 | Q16: =(K16+M16+O16) -> 54.092186 | R16: 0 | S16: 0 | T16: 0 | U16: =IF(K16>0,K16+R16,R16) -> 54.092186 | V16: =IF(M16>0,M16+S16,S16) -> 0 | W16: =IF(O16>0,O16+T16,T16) -> 0 | AA16: 18 | AB16: 0.005566 | AC16: 46313 | AD16: 92 | AE16: =(IF(K16>0,K16+R16,R16)-(AD16*Ventas!AE13*1.0489)) -> 31.909869 | AF16: =(AE16/(Ventas!AE13*1.0489)/80) -> 1.6543064 | AG16: =(G16+0) -> 0 | AI16: =(H16+0) -> 0 | AK16: =(AE16+AG16+AI16) -> 31.909869 | AL16: =(((AF16*7)+(AH16*1)+(AJ16*0))/8) -> 1.4475181 | AM16: =(180*(Ventas!AE13*0.9644) - IF(AE16>0,AE16,0)) -> 7.9939723 | AN16: =IF(AM16>3,CEILING(AM16,5),0) -> 10 | AP16: =IF(AO16>3,CEILING(AO16,5),0) -> 0 | AQ16: =(AN16+AP16)*AB16 -> 0.05566 | AR16: =_xlfn.XLOOKUP(C16,[1]Hoja2!$C$6:$C$24,[1]Hoja2!$D$6:$D$24,0,2,1) -> 0 | AS16: =IF(AE16>0,AE16+IF(AN16>0,AN16,0),AN16) -> 41.909869 | AU16: =_xlfn.XLOOKUP(D16,[1]Hoja2!$E$6:$E$24,[1]Hoja2!$F$6:$F$24,0,2,1) -> 0 | AV16: 3.3 | AW16: 3016 | AX16: 0 | AZ16: =_xlfn.XLOOKUP(C16,[2]PI!$B$15:$B$99,[2]PI!$L$15:$L$99,0,2,1) -> 3.3 | BA16: =_xlfn.XLOOKUP(D16,[2]PI!$B$15:$B$99,[2]PI!$L$15:$L$99,0,2,1) -> 0 | BB16: =(AS16-(90*Ventas!AE13*0.9644)) -> 21.957948 | BC16: =(BB16/(Ventas!AE13*0.9644)/80) -> 1.238111 | BH16: =(IF(BB16>0,BB16,0)+IF(BD16>0,BD16,0)+IF(BF16>0,BF16,0)) -> 21.957948 | BI16: =(((BC16*7)+(BE16*1)+(BG16*1))/8) -> 1.0833471 | BJ16: A | BK16: =AV16*AN16+AP16*AX16 -> 33 | BL16: =(AN16)*AZ16+AP16*BA16 -> 33
B17: TONER OKIDATA 2500/ 2520 - CPT 2.2K | C17: C00181 | I17: 46221 | J17: 17 | K17: =(F17-(0)+0-(J17*Ventas!AE14*1)) -> 0 | M17: =(G17+0) -> 0 | O17: =(H17+0) -> 0 | Q17: =(K17+M17+O17) -> 0 | R17: 0 | S17: 0 | T17: 0 | U17: =IF(K17>0,K17+R17,R17) -> 0 | V17: =IF(M17>0,M17+S17,S17) -> 0 | W17: =IF(O17>0,O17+T17,T17) -> 0 | AC17: 46313 | AD17: 92 | AE17: =(IF(K17>0,K17+R17,R17)-(AD17*Ventas!AE14*1.0489)) -> 0 | AG17: =(G17+0) -> 0 | AI17: =(H17+0) -> 0 | AK17: =(AE17+AG17+AI17) -> 0 | AL17: =(((AF17*7)+(AH17*1)+(AJ17*0))/8) -> 0 | AM17: =(180*(Ventas!AE14*0.9644) - IF(AE17>0,AE17,0)) -> 0 | AN17: =IF(AM17>3,CEILING(AM17,5),0) -> 0 | AP17: =IF(AO17>3,CEILING(AO17,5),0) -> 0 | AQ17: =(AN17+AP17)*AB17 -> 0 | AR17: =_xlfn.XLOOKUP(C17,[1]Hoja2!$C$6:$C$24,[1]Hoja2!$D$6:$D$24,0,2,1) -> 0 | AS17: =IF(AE17>0,AE17+IF(AN17>0,AN17,0),AN17) -> 0 | AU17: =_xlfn.XLOOKUP(D17,[1]Hoja2!$E$6:$E$24,[1]Hoja2!$F$6:$F$24,0,2,1) -> 0 | AV17: 0 | AX17: 0 | AZ17: =_xlfn.XLOOKUP(C17,[2]PI!$B$15:$B$99,[2]PI!$L$15:$L$99,0,2,1) -> 0 | BA17: =_xlfn.XLOOKUP(D17,[2]PI!$B$15:$B$99,[2]PI!$L$15:$L$99,0,2,1) -> 0 | BH17: =(IF(BB17>0,BB17,0)+IF(BD17>0,BD17,0)+IF(BF17>0,BF17,0)) -> 0 | BI17: =(((BC17*7)+(BE17*1)+(BG17*1))/8) -> 0 | BJ17: D | BK17: =AV17*AN17+AP17*AX17 -> 0 | BL17: =(AN17)*AZ17+AP17*BA17 -> 0
A18: 5352125120060 | B18: TONER OKIDATA 6300 - CPT 10K | C18: C00182 | I18: 46221 | J18: 17 | K18: =(F18-(0)+0-(J18*Ventas!AE15*1)) -> 0 | M18: =(G18+0) -> 0 | O18: =(H18+0) -> 0 | Q18: =(K18+M18+O18) -> 0 | R18: 0 | S18: 0 | T18: 0 | U18: =IF(K18>0,K18+R18,R18) -> 0 | V18: =IF(M18>0,M18+S18,S18) -> 0 | W18: =IF(O18>0,O18+T18,T18) -> 0 | AA18: 6 | AB18: 0.015717 | AC18: 46313 | AD18: 92 | AE18: =(IF(K18>0,K18+R18,R18)-(AD18*Ventas!AE15*1.0489)) -> 0 | AG18: =(G18+0) -> 0 | AI18: =(H18+0) -> 0 | AK18: =(AE18+AG18+AI18) -> 0 | AL18: =(((AF18*7)+(AH18*1)+(AJ18*0))/8) -> 0 | AM18: =(180*(Ventas!AE15*0.9644) - IF(AE18>0,AE18,0)) -> 0 | AN18: =IF(AM18>3,CEILING(AM18,5),0) -> 0 | AP18: =IF(AO18>3,CEILING(AO18,5),0) -> 0 | AQ18: =(AN18+AP18)*AB18 -> 0 | AR18: =_xlfn.XLOOKUP(C18,[1]Hoja2!$C$6:$C$24,[1]Hoja2!$D$6:$D$24,0,2,1) -> 0 | AS18: =IF(AE18>0,AE18+IF(AN18>0,AN18,0),AN18) -> 0 | AU18: =_xlfn.XLOOKUP(D18,[1]Hoja2!$E$6:$E$24,[1]Hoja2!$F$6:$F$24,0,2,1) -> 0 | AV18: 0 | AX18: 0 | AZ18: =_xlfn.XLOOKUP(C18,[2]PI!$B$15:$B$99,[2]PI!$L$15:$L$99,0,2,1) -> 0 | BA18: =_xlfn.XLOOKUP(D18,[2]PI!$B$15:$B$99,[2]PI!$L$15:$L$99,0,2,1) -> 0 | BH18: =(IF(BB18>0,BB18,0)+IF(BD18>0,BD18,0)+IF(BF18>0,BF18,0)) -> 0 | BI18: =(((BC18*7)+(BE18*1)+(BG18*1))/8) -> 0 | BJ18: A | BK18: =AV18*AN18+AP18*AX18 -> 0 | BL18: =(AN18)*AZ18+AP18*BA18 -> 0
A19: 5352137120065 | B19: TONER XEROX 3140 / 3160 108R00909 2.5k CPT | C19: C00183 | D19: E00183 | F19: 43 | I19: 46221 | J19: 17 | K19: =(F19-(0)+0-(J19*Ventas!AE16*1)) -> 41.585357 | L19: =(K19/(Ventas!AE16*1)/80) -> 6.2467275 | M19: =(G19-(0)+0-(J19*Ventas!AE500*1)) -> 0 | O19: =(H19+0) -> 0 | Q19: =(K19+M19+O19) -> 41.585357 | R19: 0 | S19: 0 | T19: 0 | U19: =IF(K19>0,K19+R19,R19) -> 41.585357 | V19: =IF(M19>0,M19+S19,S19) -> 0 | W19: =IF(O19>0,O19+T19,T19) -> 0 | AA19: 12 | AB19: 0.079889 | AC19: 46313 | AD19: 92 | AE19: =(IF(K19>0,K19+R19,R19)-(AD19*Ventas!AE16*1.0489)) -> 33.555278 | AF19: =(AE19/(Ventas!AE16*1.0489)/80) -> 4.8055034 | AG19: =(IF(M19>0,M19+S19,S19)-(AD19*Ventas!AE500*1.0489)) -> 0 | AI19: =(H19+0) -> 0 | AK19: =(AE19+AG19+AI19) -> 33.555278 | AL19: =(((AF19*7)+(AH19*1)+(AJ19*0))/8) -> 4.2048154 | AM19: =(180*(Ventas!AE16*0.9644) - IF(AE19>0,AE19,0)) -> -19.109944 | AN19: =IF(AM19>3,CEILING(AM19,5),0) -> 0 | AO19: =(180*(Ventas!AE500*0.9644) - IF(AG19>0,AG19,0)) -> 0 | AP19: =IF(AO19>3,CEILING(AO19,5),0) -> 0 | AQ19: =(AN19+AP19)*AB19 -> 0 | AR19: =_xlfn.XLOOKUP(C19,[1]Hoja2!$C$6:$C$24,[1]Hoja2!$D$6:$D$24,0,2,1) -> 0 | AS19: =IF(AE19>0,AE19+IF(AN19>0,AN19,0),AN19) -> 33.555278 | AT19: =IF(AG19>0,AG19+IF(AP19>0,AP19,0),AP19) -> 0 | AU19: =_xlfn.XLOOKUP(D19,[1]Hoja2!$E$6:$E$24,[1]Hoja2!$F$6:$F$24,0,2,1) -> 0 | AV19: 0 | AW19: 3016 | AX19: 0 | AZ19: =_xlfn.XLOOKUP(C19,[2]PI!$B$15:$B$99,[2]PI!$L$15:$L$99,0,2,1) -> 0 | BA19: =_xlfn.XLOOKUP(D19,[2]PI!$B$15:$B$99,[2]PI!$L$15:$L$99,0,2,1) -> 0 | BB19: =(AS19-(90*Ventas!AE16*0.9644)) -> 26.332611 | BC19: =(BB19/(Ventas!AE16*0.9644)/80) -> 4.1015579 | BH19: =(IF(BB19>0,BB19,0)+IF(BD19>0,BD19,0)+IF(BF19>0,BF19,0)) -> 26.332611 | BI19: =(((BC19*7)+(BE19*1)+(BG19*1))/8) -> 3.5888632 | BJ19: A | BK19: =AV19*AN19+AP19*AX19 -> 0 | BL19: =(AN19)*AZ19+AP19*BA19 -> 0
A20: 5358125120055 | B20: TONER SAMSUNG MLT-104S - CPT 1665/3200/3205 1.5K | C20: C00184 | D20: E00184 | F20: 376 | G20: 50 | I20: 46221 | J20: 17 | K20: =(F20-(0)+0-(J20*Ventas!AE17*1)) -> 347.62287 | L20: =(K20/(Ventas!AE17*1)/80) -> 2.6031478 | M20: =(G20-(0)+0-(J20*Ventas!AE501*1)) -> 42.507371 | N20: =(M20/(Ventas!AE501*1)/80) -> 1.2055604 | O20: =(H20+0) -> 0 | Q20: =(K20+M20+O20) -> 390.13024 | R20: 0 | S20: 15 | T20: 0 | U20: =IF(K20>0,K20+R20,R20) -> 347.62287 | V20: =IF(M20>0,M20+S20,S20) -> 57.507371 | W20: =IF(O20>0,O20+T20,T20) -> 0 | Y20: 3.3 | AA20: 20 | AB20: 0.003886 | AC20: 46313 | AD20: 92 | AE20: =(IF(K20>0,K20+R20,R20)-(AD20*Ventas!AE17*1.0489)) -> 186.54294 | AF20: =(AE20/(Ventas!AE17*1.0489)/80) -> 1.3317884 | AG20: =(IF(M20>0,M20+S20,S20)-(AD20*Ventas!AE501*1.0489)) -> 14.976215 | AH20: =(AG20/(Ventas!AE501*1.0489)/80) -> 0.40494188 | AI20: =(H20+0) -> 0 | AK20: =(AE20+AG20+AI20) -> 201.51915 | AL20: =(((AF20*7)+(AH20*1)+(AJ20*0))/8) -> 1.2159326 | AM20: =(180*(Ventas!AE17*0.9644) - IF(AE20>0,AE20,0)) -> 103.22427 | AN20: 105 | AO20: =(180*(Ventas!AE501*0.9644) - IF(AG20>0,AG20,0)) -> 61.533219 | AP20: 75 | AQ20: =(AN20+AP20)*AB20 -> 0.69948 | AR20: =_xlfn.XLOOKUP(C20,[1]Hoja2!$C$6:$C$24,[1]Hoja2!$D$6:$D$24,0,2,1) -> 145 | AS20: =IF(AE20>0,AE20+IF(AN20>0,AN20,0),AN20) -> 291.54294 | AT20: =IF(AG20>0,AG20+IF(AP20>0,AP20,0),AP20) -> 89.976215 | AU20: =_xlfn.XLOOKUP(D20,[1]Hoja2!$E$6:$E$24,[1]Hoja2!$F$6:$F$24,0,2,1) -> 75 | AV20: 3.3 | AW20: 3016 | AX20: 3.3 | AZ20: =_xlfn.XLOOKUP(C20,[2]PI!$B$15:$B$99,[2]PI!$L$15:$L$99,0,2,1) -> 3.3 | BA20: =_xlfn.XLOOKUP(D20,[2]PI!$B$15:$B$99,[2]PI!$L$15:$L$99,0,2,1) -> 3.3 | BB20: =(AS20-(90*Ventas!AE17*0.9644)) -> 146.65934 | BC20: =(BB20/(Ventas!AE17*0.9644)/80) -> 1.1387883 | BD20: =(AT20-(90*Ventas!AE501*0.9644)) -> 51.721498 | BE20: =(BD20/(Ventas!AE501*0.9644)/80) -> 1.5210329 | BH20: =(IF(BB20>0,BB20,0)+IF(BD20>0,BD20,0)+IF(BF20>0,BF20,0)) -> 198.38083 | BI20: =(((BC20*7)+(BE20*1)+(BG20*1))/8) -> 1.1865689 | BJ20: A | BK20: =AV20*AN20+AP20*AX20 -> 594 | BL20: =(AN20)*AZ20+AP20*BA20 -> 594
A21: 5361125120017 | B21: TONER KYOCERA TK-112/TK-110 CPT 6K | C21: C00185 | I21: 46221 | J21: 17 | K21: =(F21-(0)+0-(J21*Ventas!AE18*1)) -> 0 | M21: =(G21+0) -> 0 | O21: =(H21+0) -> 0 | Q21: =(K21+M21+O21) -> 0 | R21: 0 | S21: 0 | T21: 0 | U21: =IF(K21>0,K21+R21,R21) -> 0 | V21: =IF(M21>0,M21+S21,S21) -> 0 | W21: =IF(O21>0,O21+T21,T21) -> 0 | AA21: 30 | AB21: 0.002729 | AC21: 46313 | AD21: 92 | AE21: =(IF(K21>0,K21+R21,R21)-(AD21*Ventas!AE18*1.0489)) -> 0 | AG21: =(G21+0) -> 0 | AI21: =(H21+0) -> 0 | AK21: =(AE21+AG21+AI21) -> 0 | AL21: =(((AF21*7)+(AH21*1)+(AJ21*0))/8) -> 0 | AM21: =(180*(Ventas!AE18*0.9644) - IF(AE21>0,AE21,0)) -> 0 | AN21: =IF(AM21>3,CEILING(AM21,5),0) -> 0 | AP21: =IF(AO21>3,CEILING(AO21,5),0) -> 0 | AQ21: =(AN21+AP21)*AB21 -> 0 | AR21: =_xlfn.XLOOKUP(C21,[1]Hoja2!$C$6:$C$24,[1]Hoja2!$D$6:$D$24,0,2,1) -> 0 | AS21: =IF(AE21>0,AE21+IF(AN21>0,AN21,0),AN21) -> 0 | AU21: =_xlfn.XLOOKUP(D21,[1]Hoja2!$E$6:$E$24,[1]Hoja2!$F$6:$F$24,0,2,1) -> 0 | AV21: 0 | AW21: 3022 | AX21: 0 | AZ21: =_xlfn.XLOOKUP(C21,[2]PI!$B$15:$B$99,[2]PI!$L$15:$L$99,0,2,1) -> 0 | BA21: =_xlfn.XLOOKUP(D21,[2]PI!$B$15:$B$99,[2]PI!$L$15:$L$99,0,2,1) -> 0 | BH21: =(IF(BB21>0,BB21,0)+IF(BD21>0,BD21,0)+IF(BF21>0,BF21,0)) -> 0 | BI21: =(((BC21*7)+(BE21*1)+(BG21*1))/8) -> 0 | BJ21: A | BK21: =AV21*AN21+AP21*AX21 -> 0 | BL21: =(AN21)*AZ21+AP21*BA21 -> 0
A22: 5358125120062 | B22: TONER CANON FX9 CPT 2K | C22: C00186 | I22: 46221 | J22: 17 | K22: =(F22-(0)+0-(J22*Ventas!AE19*1)) -> 0 | M22: =(G22+0) -> 0 | O22: =(H22+0) -> 0 | Q22: =(K22+M22+O22) -> 0 | R22: 0 | S22: 0 | T22: 0 | U22: =IF(K22>0,K22+R22,R22) -> 0 | V22: =IF(M22>0,M22+S22,S22) -> 0 | W22: =IF(O22>0,O22+T22,T22) -> 0 | AC22: 46313 | AD22: 92 | AE22: =(IF(K22>0,K22+R22,R22)-(AD22*Ventas!AE19*1.0489)) -> 0 | AG22: =(G22+0) -> 0 | AI22: =(H22+0) -> 0 | AK22: =(AE22+AG22+AI22) -> 0 | AL22: =(((AF22*7)+(AH22*1)+(AJ22*0))/8) -> 0 | AM22: =(180*(Ventas!AE19*0.9644) - IF(AE22>0,AE22,0)) -> 0 | AN22: =IF(AM22>3,CEILING(AM22,5),0) -> 0 | AP22: =IF(AO22>3,CEILING(AO22,5),0) -> 0 | AQ22: =(AN22+AP22)*AB22 -> 0 | AR22: =_xlfn.XLOOKUP(C22,[1]Hoja2!$C$6:$C$24,[1]Hoja2!$D$6:$D$24,0,2,1) -> 0 | AS22: =IF(AE22>0,AE22+IF(AN22>0,AN22,0),AN22) -> 0 | AU22: =_xlfn.XLOOKUP(D22,[1]Hoja2!$E$6:$E$24,[1]Hoja2!$F$6:$F$24,0,2,1) -> 0 | AV22: 0 | AW22: 3011 | AX22: 0 | AZ22: =_xlfn.XLOOKUP(C22,[2]PI!$B$15:$B$99,[2]PI!$L$15:$L$99,0,2,1) -> 0 | BA22: =_xlfn.XLOOKUP(D22,[2]PI!$B$15:$B$99,[2]PI!$L$15:$L$99,0,2,1) -> 0 | BH22: =(IF(BB22>0,BB22,0)+IF(BD22>0,BD22,0)+IF(BF22>0,BF22,0)) -> 0 | BI22: =(((BC22*7)+(BE22*1)+(BG22*1))/8) -> 0 | BJ22: D | BK22: =AV22*AN22+AP22*AX22 -> 0 | BL22: =(AN22)*AZ22+AP22*BA22 -> 0
A23: 5359137120019 | B23: TONER SAMSUNG 105L 2,5K CPT | C23: C00187 | D23: E00187 | F23: 15 | G23: 2 | I23: 46221 | J23: 17 | K23: =(F23-(0)+0-(J23*Ventas!AE20*1)) -> 9.3552714 | L23: =(K23/(Ventas!AE20*1)/80) -> 0.35218614 | M23: =(G23-(0)+0-(J23*Ventas!AE502*1)) -> 1.15 | N23: =(M23/(Ventas!AE502*1)/85) -> 0.27058824 | O23: =(H23+0) -> 0 | Q23: =(K23+M23+O23) -> 10.505271 | R23: 10 | S23: 10 | T23: 0 | U23: =IF(K23>0,K23+R23,R23) -> 19.355271 | V23: =IF(M23>0,M23+S23,S23) -> 11.15 | W23: =IF(O23>0,O23+T23,T23) -> 0 | X23: 4.3 | Y23: 4.3 | AA23: 12 | AB23: 0.006657 | AC23: 46313 | AD23: 92 | AE23: =(IF(K23>0,K23+R23,R23)-(AD23*Ventas!AE20*1.0489)) -> -12.686466 | AF23: =(AE23/(Ventas!AE20*1.0489)/80) -> -0.45532599 | AG23: =(IF(M23>0,M23+S23,S23)-(AD23*Ventas!AE502*1.0489)) -> 6.32506 | AH23: =(AG23/(Ventas!AE502*1.0489)/85) -> 1.4188668 | AI23: =(H23+0) -> 0 | AK23: =(AE23+AG23+AI23) -> -6.3614058 | AL23: =(((AF23*7)+(AH23*1)+(AJ23*0))/8) -> -0.22105189 | AM23: =(180*(Ventas!AE20*0.9644) - IF(AE23>0,AE23,0)) -> 57.639984 | AN23: 60 | AO23: =(180*(Ventas!AE502*0.9644) - IF(AG23>0,AG23,0)) -> 2.35454 | AP23: =IF(AO23>3,CEILING(AO23,5),0) -> 0 | AQ23: =(AN23+AP23)*AB23 -> 0.39942 | AR23: =_xlfn.XLOOKUP(C23,[1]Hoja2!$C$6:$C$24,[1]Hoja2!$D$6:$D$24,0,2,1) -> 0 | AS23: =IF(AE23>0,AE23+IF(AN23>0,AN23,0),AN23) -> 60 | AT23: =IF(AG23>0,AG23+IF(AP23>0,AP23,0),AP23) -> 6.32506 | AU23: =_xlfn.XLOOKUP(D23,[1]Hoja2!$E$6:$E$24,[1]Hoja2!$F$6:$F$24,0,2,1) -> 0 | AV23: 4.3 | AW23: 3016 | AX23: 0 | AZ23: =_xlfn.XLOOKUP(C23,[2]PI!$B$15:$B$99,[2]PI!$L$15:$L$99,0,2,1) -> 4.3 | BA23: =_xlfn.XLOOKUP(D23,[2]PI!$B$15:$B$99,[2]PI!$L$15:$L$99,0,2,1) -> 0 | BB23: =(AS23-(90*Ventas!AE20*0.9644)) -> 31.180008 | BC23: =(BB23/(Ventas!AE20*0.9644)/80) -> 1.2171242 | BD23: =(AT23-(90*Ventas!AE502*0.9644)) -> 1.98526 | BE23: =(BD23/(Ventas!AE502*0.9644)/85) -> 0.48436333 | BH23: =(IF(BB23>0,BB23,0)+IF(BD23>0,BD23,0)+IF(BF23>0,BF23,0)) -> 33.165268 | BI23: =(((BC23*7)+(BE23*1)+(BG23*1))/8) -> 1.1255291 | BJ23: A | BK23: =AV23*AN23+AP23*AX23 -> 258 | BL23: =(AN23)*AZ23+AP23*BA23 -> 258
A24: 5350137120535 | B24: TONER HP CE278A 2.1K CPT | C24: C00188 | I24: 46221 | J24: 17 | K24: =(F24-(0)+0-(J24*Ventas!AE21*1)) -> 0 | M24: =(G24+0) -> 0 | O24: =(H24+0) -> 0 | Q24: =(K24+M24+O24) -> 0 | R24: 0 | S24: 0 | T24: 0 | U24: =IF(K24>0,K24+R24,R24) -> 0 | V24: =IF(M24>0,M24+S24,S24) -> 0 | W24: =IF(O24>0,O24+T24,T24) -> 0 | AC24: 46313 | AD24: 92 | AE24: =(IF(K24>0,K24+R24,R24)-(AD24*Ventas!AE21*1.0489)) -> 0 | AG24: =(G24+0) -> 0 | AI24: =(H24+0) -> 0 | AK24: =(AE24+AG24+AI24) -> 0 | AL24: =(((AF24*7)+(AH24*1)+(AJ24*0))/8) -> 0 | AM24: =(180*(Ventas!AE21*0.9644) - IF(AE24>0,AE24,0)) -> 0 | AN24: =IF(AM24>3,CEILING(AM24,5),0) -> 0 | AP24: =IF(AO24>3,CEILING(AO24,5),0) -> 0 | AQ24: =(AN24+AP24)*AB24 -> 0 | AR24: =_xlfn.XLOOKUP(C24,[1]Hoja2!$C$6:$C$24,[1]Hoja2!$D$6:$D$24,0,2,1) -> 0 | AS24: =IF(AE24>0,AE24+IF(AN24>0,AN24,0),AN24) -> 0 | AU24: =_xlfn.XLOOKUP(D24,[1]Hoja2!$E$6:$E$24,[1]Hoja2!$F$6:$F$24,0,2,1) -> 0 | AV24: 0 | AW24: 3013 | AX24: 0 | AZ24: =_xlfn.XLOOKUP(C24,[2]PI!$B$15:$B$99,[2]PI!$L$15:$L$99,0,2,1) -> 0 | BA24: =_xlfn.XLOOKUP(D24,[2]PI!$B$15:$B$99,[2]PI!$L$15:$L$99,0,2,1) -> 0 | BH24: =(IF(BB24>0,BB24,0)+IF(BD24>0,BD24,0)+IF(BF24>0,BF24,0)) -> 0 | BI24: =(((BC24*7)+(BE24*1)+(BG24*1))/8) -> 0 | BJ24: A | BK24: =AV24*AN24+AP24*AX24 -> 0 | BL24: =(AN24)*AZ24+AP24*BA24 -> 0
A25: 5350137120528 | B25: TONER HP CE255X CPT 12.5K | C25: C00189 | F25: 2 | I25: 46221 | J25: 17 | K25: =(F25-(0)+0-(J25*Ventas!AE22*1)) -> 0.84221905 | L25: =(K25/(Ventas!AE22*1)/80) -> 0.15458153 | M25: =(G25+0) -> 0 | O25: =(H25+0) -> 0 | Q25: =(K25+M25+O25) -> 0.84221905 | R25: 0 | S25: 0 | T25: 0 | U25: =IF(K25>0,K25+R25,R25) -> 0.84221905 | V25: =IF(M25>0,M25+S25,S25) -> 0 | W25: =IF(O25>0,O25+T25,T25) -> 0 | AA25: 10 | AB25: 0.013318 | AC25: 46313 | AD25: 92 | AE25: =(IF(K25>0,K25+R25,R25)-(AD25*Ventas!AE22*1.0489)) -> -5.7298088 | AF25: =(AE25/(Ventas!AE22*1.0489)/80) -> -1.0026251 | AG25: =(G25+0) -> 0 | AI25: =(H25+0) -> 0 | AK25: =(AE25+AG25+AI25) -> -5.7298088 | AL25: =(((AF25*7)+(AH25*1)+(AJ25*0))/8) -> -0.87729697 | AM25: =(180*(Ventas!AE22*0.9644) - IF(AE25>0,AE25,0)) -> 11.822442 | AN25: 12 | AQ25: =(AN25+AP25)*AB25 -> 0.159816 | AR25: =_xlfn.XLOOKUP(C25,[1]Hoja2!$C$6:$C$24,[1]Hoja2!$D$6:$D$24,0,2,1) -> 0 | AS25: =IF(AE25>0,AE25+IF(AN25>0,AN25,0),AN25) -> 12 | AU25: =_xlfn.XLOOKUP(D25,[1]Hoja2!$E$6:$E$24,[1]Hoja2!$F$6:$F$24,0,2,1) -> 0 | AV25: 7.1 | AW25: 3016 | AX25: 0 | AZ25: =_xlfn.XLOOKUP(C25,[2]PI!$B$15:$B$99,[2]PI!$L$15:$L$99,0,2,1) -> 7.1 | BA25: =_xlfn.XLOOKUP(D25,[2]PI!$B$15:$B$99,[2]PI!$L$15:$L$99,0,2,1) -> 0 | BB25: =(AS25-(90*Ventas!AE22*0.9644)) -> 6.0887791 | BC25: =(BB25/(Ventas!AE22*0.9644)/80) -> 1.1587922 | BH25: =(IF(BB25>0,BB25,0)+IF(BD25>0,BD25,0)+IF(BF25>0,BF25,0)) -> 6.0887791 | BI25: =(((BC25*7)+(BE25*1)+(BG25*1))/8) -> 1.0139431 | BJ25: A | BK25: =AV25*AN25+AP25*AX25 -> 85.2 | BL25: =(AN25)*AZ25+AP25*BA25 -> 85.2
A26: 5353125120036 | B26: TONER BROTHER TN-450/2250 CPT 2.5K | C26: C00190 | D26: E00190 | F26: 321 | G26: 20 | I26: 46221 | J26: 17 | K26: =(F26-(0)+0-(J26*Ventas!AE23*1)) -> 282.26356 | L26: =(K26/(Ventas!AE23*1)/80) -> 1.5484387 | M26: =(G26-(0)+0-(J26*Ventas!AE503*1)) -> 14.085943 | N26: =(M26/(Ventas!AE503*1)/80) -> 0.50612681 | O26: =(H26+0) -> 0 | Q26: =(K26+M26+O26) -> 296.3495 | R26: 96 | S26: 50 | T26: 0 | U26: =IF(K26>0,K26+R26,R26) -> 378.26356 | V26: =IF(M26>0,M26+S26,S26) -> 64.085943 | W26: =IF(O26>0,O26+T26,T26) -> 0 | X26: 2.1 | Y26: 2.1 | AA26: 18 | AB26: 0.005566 | AC26: 46313 | AD26: 92 | AE26: =(IF(K26>0,K26+R26,R26)-(AD26*Ventas!AE23*1.0489)) -> 158.38001 | AF26: =(AE26/(Ventas!AE23*1.0489)/80) -> 0.828334 | AG26: =(IF(M26>0,M26+S26,S26)-(AD26*Ventas!AE503*1.0489)) -> 30.515389 | AH26: =(AG26/(Ventas!AE503*1.0489)/80) -> 1.0453416 | AI26: =(H26+0) -> 0 | AK26: =(AE26+AG26+AI26) -> 188.8954 | AL26: =(((AF26*7)+(AH26*1)+(AJ26*0))/8) -> 0.85545995 | AM26: =(180*(Ventas!AE23*0.9644) - IF(AE26>0,AE26,0)) -> 237.1692 | AN26: 216 | AO26: =(180*(Ventas!AE503*0.9644) - IF(AG26>0,AG26,0)) -> 29.874788 | AP26: =IF(AO26>3,CEILING(AO26,5),0) -> 30 | AQ26: =(AN26+AP26)*AB26 -> 1.369236 | AR26: =_xlfn.XLOOKUP(C26,[1]Hoja2!$C$6:$C$24,[1]Hoja2!$D$6:$D$24,0,2,1) -> 0 | AS26: =IF(AE26>0,AE26+IF(AN26>0,AN26,0),AN26) -> 374.38001 | AT26: =IF(AG26>0,AG26+IF(AP26>0,AP26,0),AP26) -> 60.515389 | AU26: =_xlfn.XLOOKUP(D26,[1]Hoja2!$E$6:$E$24,[1]Hoja2!$F$6:$F$24,0,2,1) -> 0 | AV26: 2.2 | AW26: 3016 | AX26: 2.2 | AZ26: =_xlfn.XLOOKUP(C26,[2]PI!$B$15:$B$99,[2]PI!$L$15:$L$99,0,2,1) -> 2.2 | BA26: =_xlfn.XLOOKUP(D26,[2]PI!$B$15:$B$99,[2]PI!$L$15:$L$99,0,2,1) -> 2.2 | BB26: =(AS26-(90*Ventas!AE23*0.9644)) -> 176.60541 | BC26: =(BB26/(Ventas!AE23*0.9644)/80) -> 1.0045834 | BD26: =(AT26-(90*Ventas!AE503*0.9644)) -> 30.3203 | BE26: =(BD26/(Ventas!AE503*0.9644)/80) -> 1.1296651 | BH26: =(IF(BB26>0,BB26,0)+IF(BD26>0,BD26,0)+IF(BF26>0,BF26,0)) -> 206.92571 | BI26: =(((BC26*7)+(BE26*1)+(BG26*1))/8) -> 1.0202186 | BJ26: A | BK26: =AV26*AN26+AP26*AX26 -> 541.2 | BL26: =(AN26)*AZ26+AP26*BA26 -> 541.2
B27: TONER BROTHER TN-650 CPT 8K | C27: C00191 | I27: 46221 | J27: 17 | K27: =(F27-(0)+0-(J27*Ventas!AE24*1)) -> 0 | M27: =(G27+0) -> 0 | O27: =(H27+0) -> 0 | Q27: =(K27+M27+O27) -> 0 | R27: 0 | S27: 0 | T27: 0 | U27: =IF(K27>0,K27+R27,R27) -> 0 | V27: =IF(M27>0,M27+S27,S27) -> 0 | W27: =IF(O27>0,O27+T27,T27) -> 0 | AC27: 46313 | AD27: 92 | AE27: =(IF(K27>0,K27+R27,R27)-(AD27*Ventas!AE24*1.0489)) -> 0 | AG27: =(G27+0) -> 0 | AI27: =(H27+0) -> 0 | AK27: =(AE27+AG27+AI27) -> 0 | AL27: =(((AF27*7)+(AH27*1)+(AJ27*0))/8) -> 0 | AM27: =(180*(Ventas!AE24*0.9644) - IF(AE27>0,AE27,0)) -> 0 | AN27: =IF(AM27>3,CEILING(AM27,5),0) -> 0 | AP27: =IF(AO27>3,CEILING(AO27,5),0) -> 0 | AQ27: =(AN27+AP27)*AB27 -> 0 | AR27: =_xlfn.XLOOKUP(C27,[1]Hoja2!$C$6:$C$24,[1]Hoja2!$D$6:$D$24,0,2,1) -> 0 | AS27: =IF(AE27>0,AE27+IF(AN27>0,AN27,0),AN27) -> 0 | AU27: =_xlfn.XLOOKUP(D27,[1]Hoja2!$E$6:$E$24,[1]Hoja2!$F$6:$F$24,0,2,1) -> 0 | AV27: 0 | AW27: 2998 | AX27: 0 | AZ27: =_xlfn.XLOOKUP(C27,[2]PI!$B$15:$B$99,[2]PI!$L$15:$L$99,0,2,1) -> 0 | BA27: =_xlfn.XLOOKUP(D27,[2]PI!$B$15:$B$99,[2]PI!$L$15:$L$99,0,2,1) -> 0 | BH27: =(IF(BB27>0,BB27,0)+IF(BD27>0,BD27,0)+IF(BF27>0,BF27,0)) -> 0 | BI27: =(((BC27*7)+(BE27*1)+(BG27*1))/8) -> 0 | BJ27: D | BK27: =AV27*AN27+AP27*AX27 -> 0 | BL27: =(AN27)*AZ27+AP27*BA27 -> 0
A28: 5358137120104 | B28: TONER SAMSUNG CLP-409 BK CPT 1.5K | C28: C00192 | F28: 1 | I28: 46221 | J28: 17 | K28: =(F28-(0)+0-(J28*Ventas!AE25*1)) -> 1 | M28: =(G28+0) -> 0 | O28: =(H28+0) -> 0 | Q28: =(K28+M28+O28) -> 1 | R28: 0 | S28: 0 | T28: 0 | U28: =IF(K28>0,K28+R28,R28) -> 1 | V28: =IF(M28>0,M28+S28,S28) -> 0 | W28: =IF(O28>0,O28+T28,T28) -> 0 | AA28: 10 | AB28: 0.006349 | AC28: 46313 | AD28: 92 | AE28: =(IF(K28>0,K28+R28,R28)-(AD28*Ventas!AE25*1.0489)) -> 1 | AG28: =(G28+0) -> 0 | AI28: =(H28+0) -> 0 | AK28: =(AE28+AG28+AI28) -> 1 | AL28: =(((AF28*7)+(AH28*1)+(AJ28*0))/8) -> 0 | AM28: =(180*(Ventas!AE25*0.9644) - IF(AE28>0,AE28,0)) -> -1 | AN28: =IF(AM28>3,CEILING(AM28,5),0) -> 0 | AP28: =IF(AO28>3,CEILING(AO28,5),0) -> 0 | AQ28: =(AN28+AP28)*AB28 -> 0 | AR28: =_xlfn.XLOOKUP(C28,[1]Hoja2!$C$6:$C$24,[1]Hoja2!$D$6:$D$24,0,2,1) -> 0 | AS28: =IF(AE28>0,AE28+IF(AN28>0,AN28,0),AN28) -> 1 | AU28: =_xlfn.XLOOKUP(D28,[1]Hoja2!$E$6:$E$24,[1]Hoja2!$F$6:$F$24,0,2,1) -> 0 | AV28: 0 | AW28: 3011 | AX28: 0 | AZ28: =_xlfn.XLOOKUP(C28,[2]PI!$B$15:$B$99,[2]PI!$L$15:$L$99,0,2,1) -> 0 | BA28: =_xlfn.XLOOKUP(D28,[2]PI!$B$15:$B$99,[2]PI!$L$15:$L$99,0,2,1) -> 0 | BH28: =(IF(BB28>0,BB28,0)+IF(BD28>0,BD28,0)+IF(BF28>0,BF28,0)) -> 0 | BI28: =(((BC28*7)+(BE28*1)+(BG28*1))/8) -> 0 | BJ28: D | BK28: =AV28*AN28+AP28*AX28 -> 0 | BL28: =(AN28)*AZ28+AP28*BA28 -> 0
A29: 5358137120111 | B29: TONER SAMSUNG CLP-409 CY CPT 1.0K | C29: C00193 | I29: 46221 | J29: 17 | K29: =(F29-(0)+0-(J29*Ventas!AE26*1)) -> 0 | M29: =(G29+0) -> 0 | O29: =(H29+0) -> 0 | Q29: =(K29+M29+O29) -> 0 | R29: 0 | S29: 0 | T29: 0 | U29: =IF(K29>0,K29+R29,R29) -> 0 | V29: =IF(M29>0,M29+S29,S29) -> 0 | W29: =IF(O29>0,O29+T29,T29) -> 0 | AA29: 10 | AB29: 0.006349 | AC29: 46313 | AD29: 92 | AE29: =(IF(K29>0,K29+R29,R29)-(AD29*Ventas!AE26*1.0489)) -> 0 | AG29: =(G29+0) -> 0 | AI29: =(H29+0) -> 0 | AK29: =(AE29+AG29+AI29) -> 0 | AL29: =(((AF29*7)+(AH29*1)+(AJ29*0))/8) -> 0 | AM29: =(180*(Ventas!AE26*0.9644) - IF(AE29>0,AE29,0)) -> 0 | AN29: =IF(AM29>3,CEILING(AM29,5),0) -> 0 | AP29: =IF(AO29>3,CEILING(AO29,5),0) -> 0 | AQ29: =(AN29+AP29)*AB29 -> 0 | AR29: =_xlfn.XLOOKUP(C29,[1]Hoja2!$C$6:$C$24,[1]Hoja2!$D$6:$D$24,0,2,1) -> 0 | AS29: =IF(AE29>0,AE29+IF(AN29>0,AN29,0),AN29) -> 0 | AU29: =_xlfn.XLOOKUP(D29,[1]Hoja2!$E$6:$E$24,[1]Hoja2!$F$6:$F$24,0,2,1) -> 0 | AV29: 0 | AW29: 3002 | AX29: 0 | AZ29: =_xlfn.XLOOKUP(C29,[2]PI!$B$15:$B$99,[2]PI!$L$15:$L$99,0,2,1) -> 0 | BA29: =_xlfn.XLOOKUP(D29,[2]PI!$B$15:$B$99,[2]PI!$L$15:$L$99,0,2,1) -> 0 | BH29: =(IF(BB29>0,BB29,0)+IF(BD29>0,BD29,0)+IF(BF29>0,BF29,0)) -> 0 | BI29: =(((BC29*7)+(BE29*1)+(BG29*1))/8) -> 0 | BJ29: D | BK29: =AV29*AN29+AP29*AX29 -> 0 | BL29: =(AN29)*AZ29+AP29*BA29 -> 0
A30: 5358137120128 | B30: TONER SAMSUNG CLP-409 MG CPT 1.0K | C30: C00194 | I30: 46221 | J30: 17 | K30: =(F30-(0)+0-(J30*Ventas!AE27*1)) -> 0 | M30: =(G30+0) -> 0 | O30: =(H30+0) -> 0 | Q30: =(K30+M30+O30) -> 0 | R30: 0 | S30: 0 | T30: 0 | U30: =IF(K30>0,K30+R30,R30) -> 0 | V30: =IF(M30>0,M30+S30,S30) -> 0 | W30: =IF(O30>0,O30+T30,T30) -> 0 | AA30: 10 | AB30: 0.006349 | AC30: 46313 | AD30: 92 | AE30: =(IF(K30>0,K30+R30,R30)-(AD30*Ventas!AE27*1.0489)) -> 0 | AG30: =(G30+0) -> 0 | AI30: =(H30+0) -> 0 | AK30: =(AE30+AG30+AI30) -> 0 | AL30: =(((AF30*7)+(AH30*1)+(AJ30*0))/8) -> 0 | AM30: =(180*(Ventas!AE27*0.9644) - IF(AE30>0,AE30,0)) -> 0 | AN30: =IF(AM30>3,CEILING(AM30,5),0) -> 0 | AP30: =IF(AO30>3,CEILING(AO30,5),0) -> 0 | AQ30: =(AN30+AP30)*AB30 -> 0 | AR30: =_xlfn.XLOOKUP(C30,[1]Hoja2!$C$6:$C$24,[1]Hoja2!$D$6:$D$24,0,2,1) -> 0 | AS30: =IF(AE30>0,AE30+IF(AN30>0,AN30,0),AN30) -> 0 | AU30: =_xlfn.XLOOKUP(D30,[1]Hoja2!$E$6:$E$24,[1]Hoja2!$F$6:$F$24,0,2,1) -> 0 | AV30: 0 | AW30: 3002 | AX30: 0 | AZ30: =_xlfn.XLOOKUP(C30,[2]PI!$B$15:$B$99,[2]PI!$L$15:$L$99,0,2,1) -> 0 | BA30: =_xlfn.XLOOKUP(D30,[2]PI!$B$15:$B$99,[2]PI!$L$15:$L$99,0,2,1) -> 0 | BH30: =(IF(BB30>0,BB30,0)+IF(BD30>0,BD30,0)+IF(BF30>0,BF30,0)) -> 0 | BI30: =(((BC30*7)+(BE30*1)+(BG30*1))/8) -> 0 | BJ30: D | BK30: =AV30*AN30+AP30*AX30 -> 0 | BL30: =(AN30)*AZ30+AP30*BA30 -> 0
A31: 5358137120135 | B31: TONER SAMSUNG CLP-409 YE CPT 1.0K | C31: C00195 | I31: 46221 | J31: 17 | K31: =(F31-(0)+0-(J31*Ventas!AE28*1)) -> 0 | M31: =(G31+0) -> 0 | O31: =(H31+0) -> 0 | Q31: =(K31+M31+O31) -> 0 | R31: 0 | S31: 0 | T31: 0 | U31: =IF(K31>0,K31+R31,R31) -> 0 | V31: =IF(M31>0,M31+S31,S31) -> 0 | W31: =IF(O31>0,O31+T31,T31) -> 0 | AA31: 10 | AB31: 0.006349 | AC31: 46313 | AD31: 92 | AE31: =(IF(K31>0,K31+R31,R31)-(AD31*Ventas!AE28*1.0489)) -> 0 | AG31: =(G31+0) -> 0 | AI31: =(H31+0) -> 0 | AK31: =(AE31+AG31+AI31) -> 0 | AL31: =(((AF31*7)+(AH31*1)+(AJ31*0))/8) -> 0 | AM31: =(180*(Ventas!AE28*0.9644) - IF(AE31>0,AE31,0)) -> 0 | AN31: =IF(AM31>3,CEILING(AM31,5),0) -> 0 | AP31: =IF(AO31>3,CEILING(AO31,5),0) -> 0 | AQ31: =(AN31+AP31)*AB31 -> 0 | AR31: =_xlfn.XLOOKUP(C31,[1]Hoja2!$C$6:$C$24,[1]Hoja2!$D$6:$D$24,0,2,1) -> 0 | AS31: =IF(AE31>0,AE31+IF(AN31>0,AN31,0),AN31) -> 0 | AU31: =_xlfn.XLOOKUP(D31,[1]Hoja2!$E$6:$E$24,[1]Hoja2!$F$6:$F$24,0,2,1) -> 0 | AV31: 0 | AW31: 3011 | AX31: 0 | AZ31: =_xlfn.XLOOKUP(C31,[2]PI!$B$15:$B$99,[2]PI!$L$15:$L$99,0,2,1) -> 0 | BA31: =_xlfn.XLOOKUP(D31,[2]PI!$B$15:$B$99,[2]PI!$L$15:$L$99,0,2,1) -> 0 | BH31: =(IF(BB31>0,BB31,0)+IF(BD31>0,BD31,0)+IF(BF31>0,BF31,0)) -> 0 | BI31: =(((BC31*7)+(BE31*1)+(BG31*1))/8) -> 0 | BJ31: D | BK31: =AV31*AN31+AP31*AX31 -> 0 | BL31: =(AN31)*AZ31+AP31*BA31 -> 0
A32: 5358137120142 | B32: TONER SAMSUNG CLT-407/409S BK CPT 1.5K | C32: C00196 | I32: 46221 | J32: 17 | K32: =(F32-(0)+0-(J32*Ventas!AE29*1)) -> 0 | M32: =(G32+0) -> 0 | O32: =(H32+0) -> 0 | Q32: =(K32+M32+O32) -> 0 | R32: 0 | S32: 0 | T32: 0 | U32: =IF(K32>0,K32+R32,R32) -> 0 | V32: =IF(M32>0,M32+S32,S32) -> 0 | W32: =IF(O32>0,O32+T32,T32) -> 0 | AA32: 10 | AB32: 0.006349 | AC32: 46313 | AD32: 92 | AE32: =(IF(K32>0,K32+R32,R32)-(AD32*Ventas!AE29*1.0489)) -> 0 | AG32: =(G32+0) -> 0 | AI32: =(H32+0) -> 0 | AK32: =(AE32+AG32+AI32) -> 0 | AL32: =(((AF32*7)+(AH32*1)+(AJ32*0))/8) -> 0 | AM32: =(180*(Ventas!AE29*0.9644) - IF(AE32>0,AE32,0)) -> 0 | AN32: =IF(AM32>3,CEILING(AM32,5),0) -> 0 | AP32: =IF(AO32>3,CEILING(AO32,5),0) -> 0 | AQ32: =(AN32+AP32)*AB32 -> 0 | AR32: =_xlfn.XLOOKUP(C32,[1]Hoja2!$C$6:$C$24,[1]Hoja2!$D$6:$D$24,0,2,1) -> 0 | AS32: =IF(AE32>0,AE32+IF(AN32>0,AN32,0),AN32) -> 0 | AU32: =_xlfn.XLOOKUP(D32,[1]Hoja2!$E$6:$E$24,[1]Hoja2!$F$6:$F$24,0,2,1) -> 0 | AV32: 0 | AW32: 2998 | AX32: 0 | AZ32: =_xlfn.XLOOKUP(C32,[2]PI!$B$15:$B$99,[2]PI!$L$15:$L$99,0,2,1) -> 0 | BA32: =_xlfn.XLOOKUP(D32,[2]PI!$B$15:$B$99,[2]PI!$L$15:$L$99,0,2,1) -> 0 | BH32: =(IF(BB32>0,BB32,0)+IF(BD32>0,BD32,0)+IF(BF32>0,BF32,0)) -> 0 | BI32: =(((BC32*7)+(BE32*1)+(BG32*1))/8) -> 0 | BJ32: A | BK32: =AV32*AN32+AP32*AX32 -> 0 | BL32: =(AN32)*AZ32+AP32*BA32 -> 0
A33: 5358137120159 | B33: TONER SAMSUNG CLT-407/409S CY CPT 1.0K | C33: C00197 | I33: 46221 | J33: 17 | K33: =(F33-(0)+0-(J33*Ventas!AE30*1)) -> 0 | M33: =(G33+0) -> 0 | O33: =(H33+0) -> 0 | Q33: =(K33+M33+O33) -> 0 | R33: 0 | S33: 0 | T33: 0 | U33: =IF(K33>0,K33+R33,R33) -> 0 | V33: =IF(M33>0,M33+S33,S33) -> 0 | W33: =IF(O33>0,O33+T33,T33) -> 0 | AA33: 10 | AB33: 0.006349 | AC33: 46313 | AD33: 92 | AE33: =(IF(K33>0,K33+R33,R33)-(AD33*Ventas!AE30*1.0489)) -> 0 | AG33: =(G33+0) -> 0 | AI33: =(H33+0) -> 0 | AK33: =(AE33+AG33+AI33) -> 0 | AL33: =(((AF33*7)+(AH33*1)+(AJ33*0))/8) -> 0 | AM33: =(180*(Ventas!AE30*0.9644) - IF(AE33>0,AE33,0)) -> 0 | AN33: =IF(AM33>3,CEILING(AM33,5),0) -> 0 | AP33: =IF(AO33>3,CEILING(AO33,5),0) -> 0 | AQ33: =(AN33+AP33)*AB33 -> 0 | AR33: =_xlfn.XLOOKUP(C33,[1]Hoja2!$C$6:$C$24,[1]Hoja2!$D$6:$D$24,0,2,1) -> 0 | AS33: =IF(AE33>0,AE33+IF(AN33>0,AN33,0),AN33) -> 0 | AU33: =_xlfn.XLOOKUP(D33,[1]Hoja2!$E$6:$E$24,[1]Hoja2!$F$6:$F$24,0,2,1) -> 0 | AV33: 0 | AW33: 2998 | AX33: 0 | AZ33: =_xlfn.XLOOKUP(C33,[2]PI!$B$15:$B$99,[2]PI!$L$15:$L$99,0,2,1) -> 0 | BA33: =_xlfn.XLOOKUP(D33,[2]PI!$B$15:$B$99,[2]PI!$L$15:$L$99,0,2,1) -> 0 | BH33: =(IF(BB33>0,BB33,0)+IF(BD33>0,BD33,0)+IF(BF33>0,BF33,0)) -> 0 | BI33: =(((BC33*7)+(BE33*1)+(BG33*1))/8) -> 0 | BJ33: A | BK33: =AV33*AN33+AP33*AX33 -> 0 | BL33: =(AN33)*AZ33+AP33*BA33 -> 0
A34: 5358137120166 | B34: TONER SAMSUNG CLT-407/409S MG CPT 1.0K | C34: C00198 | I34: 46221 | J34: 17 | K34: =(F34-(0)+0-(J34*Ventas!AE31*1)) -> 0 | M34: =(G34+0) -> 0 | O34: =(H34+0) -> 0 | Q34: =(K34+M34+O34) -> 0 | R34: 0 | S34: 0 | T34: 0 | U34: =IF(K34>0,K34+R34,R34) -> 0 | V34: =IF(M34>0,M34+S34,S34) -> 0 | W34: =IF(O34>0,O34+T34,T34) -> 0 | AA34: 10 | AB34: 0.006349 | AC34: 46313 | AD34: 92 | AE34: =(IF(K34>0,K34+R34,R34)-(AD34*Ventas!AE31*1.0489)) -> 0 | AG34: =(G34+0) -> 0 | AI34: =(H34+0) -> 0 | AK34: =(AE34+AG34+AI34) -> 0 | AL34: =(((AF34*7)+(AH34*1)+(AJ34*0))/8) -> 0 | AM34: =(180*(Ventas!AE31*0.9644) - IF(AE34>0,AE34,0)) -> 0 | AN34: =IF(AM34>3,CEILING(AM34,5),0) -> 0 | AP34: =IF(AO34>3,CEILING(AO34,5),0) -> 0 | AQ34: =(AN34+AP34)*AB34 -> 0 | AR34: =_xlfn.XLOOKUP(C34,[1]Hoja2!$C$6:$C$24,[1]Hoja2!$D$6:$D$24,0,2,1) -> 0 | AS34: =IF(AE34>0,AE34+IF(AN34>0,AN34,0),AN34) -> 0 | AU34: =_xlfn.XLOOKUP(D34,[1]Hoja2!$E$6:$E$24,[1]Hoja2!$F$6:$F$24,0,2,1) -> 0 | AV34: 0 | AW34: 2998 | AX34: 0 | AZ34: =_xlfn.XLOOKUP(C34,[2]PI!$B$15:$B$99,[2]PI!$L$15:$L$99,0,2,1) -> 0 | BA34: =_xlfn.XLOOKUP(D34,[2]PI!$B$15:$B$99,[2]PI!$L$15:$L$99,0,2,1) -> 0 | BH34: =(IF(BB34>0,BB34,0)+IF(BD34>0,BD34,0)+IF(BF34>0,BF34,0)) -> 0 | BI34: =(((BC34*7)+(BE34*1)+(BG34*1))/8) -> 0 | BJ34: A | BK34: =AV34*AN34+AP34*AX34 -> 0 | BL34: =(AN34)*AZ34+AP34*BA34 -> 0
A35: 5358137120173 | B35: TONER SAMSUNG CLT-407/409S YE CPT 1.0K | C35: C00199 | I35: 46221 | J35: 17 | K35: =(F35-(0)+0-(J35*Ventas!AE32*1)) -> 0 | M35: =(G35+0) -> 0 | O35: =(H35+0) -> 0 | Q35: =(K35+M35+O35) -> 0 | R35: 0 | S35: 0 | T35: 0 | U35: =IF(K35>0,K35+R35,R35) -> 0 | V35: =IF(M35>0,M35+S35,S35) -> 0 | W35: =IF(O35>0,O35+T35,T35) -> 0 | AA35: 10 | AB35: 0.006349 | AC35: 46313 | AD35: 92 | AE35: =(IF(K35>0,K35+R35,R35)-(AD35*Ventas!AE32*1.0489)) -> 0 | AG35: =(G35+0) -> 0 | AI35: =(H35+0) -> 0 | AK35: =(AE35+AG35+AI35) -> 0 | AL35: =(((AF35*7)+(AH35*1)+(AJ35*0))/8) -> 0 | AM35: =(180*(Ventas!AE32*0.9644) - IF(AE35>0,AE35,0)) -> 0 | AN35: =IF(AM35>3,CEILING(AM35,5),0) -> 0 | AP35: =IF(AO35>3,CEILING(AO35,5),0) -> 0 | AQ35: =(AN35+AP35)*AB35 -> 0 | AR35: =_xlfn.XLOOKUP(C35,[1]Hoja2!$C$6:$C$24,[1]Hoja2!$D$6:$D$24,0,2,1) -> 0 | AS35: =IF(AE35>0,AE35+IF(AN35>0,AN35,0),AN35) -> 0 | AU35: =_xlfn.XLOOKUP(D35,[1]Hoja2!$E$6:$E$24,[1]Hoja2!$F$6:$F$24,0,2,1) -> 0 | AV35: 0 | AW35: 3013 | AX35: 0 | AZ35: =_xlfn.XLOOKUP(C35,[2]PI!$B$15:$B$99,[2]PI!$L$15:$L$99,0,2,1) -> 0 | BA35: =_xlfn.XLOOKUP(D35,[2]PI!$B$15:$B$99,[2]PI!$L$15:$L$99,0,2,1) -> 0 | BH35: =(IF(BB35>0,BB35,0)+IF(BD35>0,BD35,0)+IF(BF35>0,BF35,0)) -> 0 | BI35: =(((BC35*7)+(BE35*1)+(BG35*1))/8) -> 0 | BJ35: A | BK35: =AV35*AN35+AP35*AX35 -> 0 | BL35: =(AN35)*AZ35+AP35*BA35 -> 0
A36: 5350137120566 | B36: TONER HP CB540A (128A) /CE320A/CF210X BK 2.2K CPT | C36: C00200 | F36: 24 | I36: 46221 | J36: 17 | K36: =(F36-(0)+0-(J36*Ventas!AE33*1)) -> 23.5682 | L36: =(K36/(Ventas!AE33*1)/80) -> 11.598524 | M36: =(G36+0) -> 0 | O36: =(H36+0) -> 0 | Q36: =(K36+M36+O36) -> 23.5682 | R36: 0 | S36: 0 | T36: 0 | U36: =IF(K36>0,K36+R36,R36) -> 23.5682 | V36: =IF(M36>0,M36+S36,S36) -> 0 | W36: =IF(O36>0,O36+T36,T36) -> 0 | AA36: 20 | AB36: 0.003564 | AC36: 46313 | AD36: 92 | AE36: =(IF(K36>0,K36+R36,R36)-(AD36*Ventas!AE33*1.0489)) -> 21.11713 | AF36: =(AE36/(Ventas!AE33*1.0489)/80) -> 9.9077973 | AG36: =(G36+0) -> 0 | AI36: =(H36+0) -> 0 | AK36: =(AE36+AG36+AI36) -> 21.11713 | AL36: =(((AF36*7)+(AH36*1)+(AJ36*0))/8) -> 8.6693227 | AM36: =(180*(Ventas!AE33*0.9644) - IF(AE36>0,AE36,0)) -> -16.707894 | AN36: =IF(AM36>3,CEILING(AM36,5),0) -> 0 | AP36: =IF(AO36>3,CEILING(AO36,5),0) -> 0 | AQ36: =(AN36+AP36)*AB36 -> 0 | AR36: =_xlfn.XLOOKUP(C36,[1]Hoja2!$C$6:$C$24,[1]Hoja2!$D$6:$D$24,0,2,1) -> 0 | AS36: =IF(AE36>0,AE36+IF(AN36>0,AN36,0),AN36) -> 21.11713 | AU36: =_xlfn.XLOOKUP(D36,[1]Hoja2!$E$6:$E$24,[1]Hoja2!$F$6:$F$24,0,2,1) -> 0 | AV36: 0 | AW36: 3016 | AX36: 0 | AZ36: =_xlfn.XLOOKUP(C36,[2]PI!$B$15:$B$99,[2]PI!$L$15:$L$99,0,2,1) -> 0 | BA36: =_xlfn.XLOOKUP(D36,[2]PI!$B$15:$B$99,[2]PI!$L$15:$L$99,0,2,1) -> 0 | BB36: =(AS36-(90*Ventas!AE33*0.9644)) -> 18.912512 | BC36: =(BB36/(Ventas!AE33*0.9644)/80) -> 9.6509111 | BH36: =(IF(BB36>0,BB36,0)+IF(BD36>0,BD36,0)+IF(BF36>0,BF36,0)) -> 18.912512 | BI36: =(((BC36*7)+(BE36*1)+(BG36*1))/8) -> 8.4445472 | BJ36: A | BK36: =AV36*AN36+AP36*AX36 -> 0 | BL36: =(AN36)*AZ36+AP36*BA36 -> 0
A37: 5350137120573 | B37: TONER HP CB541A (128A) /CE321A/CF211A CY 1.4K CPT | C37: C00201 | F37: 30 | I37: 46221 | J37: 17 | K37: =(F37-(0)+0-(J37*Ventas!AE34*1)) -> 29.725571 | L37: =(K37/(Ventas!AE34*1)/80) -> 23.017588 | M37: =(G37+0) -> 0 | O37: =(H37+0) -> 0 | Q37: =(K37+M37+O37) -> 29.725571 | R37: 0 | S37: 0 | T37: 0 | U37: =IF(K37>0,K37+R37,R37) -> 29.725571 | V37: =IF(M37>0,M37+S37,S37) -> 0 | W37: =IF(O37>0,O37+T37,T37) -> 0 | AA37: 15 | AB37: 0.006783 | AC37: 46313 | AD37: 92 | AE37: =(IF(K37>0,K37+R37,R37)-(AD37*Ventas!AE34*1.0489)) -> 28.167805 | AF37: =(AE37/(Ventas!AE34*1.0489)/80) -> 20.794502 | AG37: =(G37+0) -> 0 | AI37: =(H37+0) -> 0 | AK37: =(AE37+AG37+AI37) -> 28.167805 | AL37: =(((AF37*7)+(AH37*1)+(AJ37*0))/8) -> 18.19519 | AM37: =(180*(Ventas!AE34*0.9644) - IF(AE37>0,AE37,0)) -> -25.365534 | AN37: =IF(AM37>3,CEILING(AM37,5),0) -> 0 | AP37: =IF(AO37>3,CEILING(AO37,5),0) -> 0 | AQ37: =(AN37+AP37)*AB37 -> 0 | AR37: =_xlfn.XLOOKUP(C37,[1]Hoja2!$C$6:$C$24,[1]Hoja2!$D$6:$D$24,0,2,1) -> 0 | AS37: =IF(AE37>0,AE37+IF(AN37>0,AN37,0),AN37) -> 28.167805 | AU37: =_xlfn.XLOOKUP(D37,[1]Hoja2!$E$6:$E$24,[1]Hoja2!$F$6:$F$24,0,2,1) -> 0 | AV37: 0 | AW37: 3016 | AX37: 0 | AZ37: =_xlfn.XLOOKUP(C37,[2]PI!$B$15:$B$99,[2]PI!$L$15:$L$99,0,2,1) -> 0 | BA37: =_xlfn.XLOOKUP(D37,[2]PI!$B$15:$B$99,[2]PI!$L$15:$L$99,0,2,1) -> 0 | BB37: =(AS37-(90*Ventas!AE34*0.9644)) -> 26.76667 | BC37: =(BB37/(Ventas!AE34*0.9644)/80) -> 21.491501 | BH37: =(IF(BB37>0,BB37,0)+IF(BD37>0,BD37,0)+IF(BF37>0,BF37,0)) -> 26.76667 | BI37: =(((BC37*7)+(BE37*1)+(BG37*1))/8) -> 18.805063 | BJ37: A | BK37: =AV37*AN37+AP37*AX37 -> 0 | BL37: =(AN37)*AZ37+AP37*BA37 -> 0
A38: 5350137120580 | B38: TONER HP CB542A (128A) /CE322A/CF212A YE 1.4K CPT | C38: C00202 | F38: 26 | I38: 46221 | J38: 17 | K38: =(F38-(0)+0-(J38*Ventas!AE35*1)) -> 25.756414 | L38: =(K38/(Ventas!AE35*1)/80) -> 22.469454 | M38: =(G38+0) -> 0 | O38: =(H38+0) -> 0 | Q38: =(K38+M38+O38) -> 25.756414 | R38: 0 | S38: 0 | T38: 0 | U38: =IF(K38>0,K38+R38,R38) -> 25.756414 | V38: =IF(M38>0,M38+S38,S38) -> 0 | W38: =IF(O38>0,O38+T38,T38) -> 0 | AA38: 20 | AB38: 0.00407 | AC38: 46313 | AD38: 92 | AE38: =(IF(K38>0,K38+R38,R38)-(AD38*Ventas!AE35*1.0489)) -> 24.373724 | AF38: =(AE38/(Ventas!AE35*1.0489)/80) -> 20.271922 | AG38: =(G38+0) -> 0 | AI38: =(H38+0) -> 0 | AK38: =(AE38+AG38+AI38) -> 24.373724 | AL38: =(((AF38*7)+(AH38*1)+(AJ38*0))/8) -> 17.737932 | AM38: =(180*(Ventas!AE35*0.9644) - IF(AE38>0,AE38,0)) -> -21.886399 | AN38: =IF(AM38>3,CEILING(AM38,5),0) -> 0 | AP38: =IF(AO38>3,CEILING(AO38,5),0) -> 0 | AQ38: =(AN38+AP38)*AB38 -> 0 | AR38: =_xlfn.XLOOKUP(C38,[1]Hoja2!$C$6:$C$24,[1]Hoja2!$D$6:$D$24,0,2,1) -> 0 | AS38: =IF(AE38>0,AE38+IF(AN38>0,AN38,0),AN38) -> 24.373724 | AU38: =_xlfn.XLOOKUP(D38,[1]Hoja2!$E$6:$E$24,[1]Hoja2!$F$6:$F$24,0,2,1) -> 0 | AV38: 0 | AW38: 3016 | AX38: 0 | AZ38: =_xlfn.XLOOKUP(C38,[2]PI!$B$15:$B$99,[2]PI!$L$15:$L$99,0,2,1) -> 0 | BA38: =_xlfn.XLOOKUP(D38,[2]PI!$B$15:$B$99,[2]PI!$L$15:$L$99,0,2,1) -> 0 | BB38: =(AS38-(90*Ventas!AE35*0.9644)) -> 23.130062 | BC38: =(BB38/(Ventas!AE35*0.9644)/80) -> 20.923133 | BH38: =(IF(BB38>0,BB38,0)+IF(BD38>0,BD38,0)+IF(BF38>0,BF38,0)) -> 23.130062 | BI38: =(((BC38*7)+(BE38*1)+(BG38*1))/8) -> 18.307741 | BJ38: A | BK38: =AV38*AN38+AP38*AX38 -> 0 | BL38: =(AN38)*AZ38+AP38*BA38 -> 0
A39: 5350137120597 | B39: TONER HP CB543A (128A) /CE323A/CF213A MG 1.4K CPT | C39: C00203 | F39: 19 | I39: 46221 | J39: 17 | K39: =(F39-(0)+0-(J39*Ventas!AE36*1)) -> 18.724843 | L39: =(K39/(Ventas!AE36*1)/80) -> 14.460933 | M39: =(G39+0) -> 0 | O39: =(H39+0) -> 0 | Q39: =(K39+M39+O39) -> 18.724843 | R39: 0 | S39: 0 | T39: 0 | U39: =IF(K39>0,K39+R39,R39) -> 18.724843 | V39: =IF(M39>0,M39+S39,S39) -> 0 | W39: =IF(O39>0,O39+T39,T39) -> 0 | AA39: 20 | AB39: 0.00407 | AC39: 46313 | AD39: 92 | AE39: =(IF(K39>0,K39+R39,R39)-(AD39*Ventas!AE36*1.0489)) -> 17.162941 | AF39: =(AE39/(Ventas!AE36*1.0489)/80) -> 12.636761 | AG39: =(G39+0) -> 0 | AI39: =(H39+0) -> 0 | AK39: =(AE39+AG39+AI39) -> 17.162941 | AL39: =(((AF39*7)+(AH39*1)+(AJ39*0))/8) -> 11.057166 | AM39: =(180*(Ventas!AE36*0.9644) - IF(AE39>0,AE39,0)) -> -14.35323 | AN39: =IF(AM39>3,CEILING(AM39,5),0) -> 0 | AP39: =IF(AO39>3,CEILING(AO39,5),0) -> 0 | AQ39: =(AN39+AP39)*AB39 -> 0 | AR39: =_xlfn.XLOOKUP(C39,[1]Hoja2!$C$6:$C$24,[1]Hoja2!$D$6:$D$24,0,2,1) -> 0 | AS39: =IF(AE39>0,AE39+IF(AN39>0,AN39,0),AN39) -> 17.162941 | AU39: =_xlfn.XLOOKUP(D39,[1]Hoja2!$E$6:$E$24,[1]Hoja2!$F$6:$F$24,0,2,1) -> 0 | AV39: 0 | AW39: 3016 | AX39: 0 | AZ39: =_xlfn.XLOOKUP(C39,[2]PI!$B$15:$B$99,[2]PI!$L$15:$L$99,0,2,1) -> 0 | BA39: =_xlfn.XLOOKUP(D39,[2]PI!$B$15:$B$99,[2]PI!$L$15:$L$99,0,2,1) -> 0 | BB39: =(AS39-(90*Ventas!AE36*0.9644)) -> 15.758086 | BC39: =(BB39/(Ventas!AE36*0.9644)/80) -> 12.618984 | BH39: =(IF(BB39>0,BB39,0)+IF(BD39>0,BD39,0)+IF(BF39>0,BF39,0)) -> 15.758086 | BI39: =(((BC39*7)+(BE39*1)+(BG39*1))/8) -> 11.041611 | BJ39: A | BK39: =AV39*AN39+AP39*AX39 -> 0 | BL39: =(AN39)*AZ39+AP39*BA39 -> 0
A40: 5358137120180 | B40: TONER SAMSUNG D101/ML-2165 1.5K | C40: C00204 | D40: E00204 | F40: 462 | G40: 314 | I40: 46221 | J40: 17 | K40: =(F40-(0)+0-(J40*Ventas!AE37*1)) -> 370.29714 | L40: =(K40/(Ventas!AE37*1)/80) -> 0.85807733 | M40: =(G40-(0)+0-(J40*Ventas!AE504*1)) -> 289.95277 | N40: =(M40/(Ventas!AE504*1)/80) -> 2.562248 | O40: =(H40+0) -> 0 | Q40: =(K40+M40+O40) -> 660.24991 | R40: 420 | S40: 0 | T40: 0 | U40: =IF(K40>0,K40+R40,R40) -> 790.29714 | V40: =IF(M40>0,M40+S40,S40) -> 289.95277 | W40: =IF(O40>0,O40+T40,T40) -> 0 | X40: 3 | AA40: 20 | AB40: 0.003886 | AC40: 46313 | AD40: 92 | AE40: =(IF(K40>0,K40+R40,R40)-(AD40*Ventas!AE37*1.0489)) -> 269.75504 | AF40: =(AE40/(Ventas!AE37*1.0489)/80) -> 0.59595238 | AG40: =(IF(M40>0,M40+S40,S40)-(AD40*Ventas!AE504*1.0489)) -> 153.45108 | AH40: =(AG40/(Ventas!AE504*1.0489)/80) -> 1.2927953 | AI40: =(H40+0) -> 0 | AK40: =(AE40+AG40+AI40) -> 423.20613 | AL40: =(((AF40*7)+(AH40*1)+(AJ40*0))/8) -> 0.68305775 | AM40: =(180*(Ventas!AE37*0.9644) - IF(AE40>0,AE40,0)) -> 666.6498 | AN40: 615 | AO40: =(180*(Ventas!AE504*0.9644) - IF(AG40>0,AG40,0)) -> 92.10224 | AP40: 165 | AQ40: =(AN40+AP40)*AB40 -> 3.03108 | AR40: =_xlfn.XLOOKUP(C40,[1]Hoja2!$C$6:$C$24,[1]Hoja2!$D$6:$D$24,0,2,1) -> 460 | AS40: =IF(AE40>0,AE40+IF(AN40>0,AN40,0),AN40) -> 884.75504 | AT40: =IF(AG40>0,AG40+IF(AP40>0,AP40,0),AP40) -> 318.45108 | AU40: =_xlfn.XLOOKUP(D40,[1]Hoja2!$E$6:$E$24,[1]Hoja2!$F$6:$F$24,0,2,1) -> 165 | AV40: 3 | AW40: 3016 | AX40: 3 | AZ40: =_xlfn.XLOOKUP(C40,[2]PI!$B$15:$B$99,[2]PI!$L$15:$L$99,0,2,1) -> 3 | BA40: =_xlfn.XLOOKUP(D40,[2]PI!$B$15:$B$99,[2]PI!$L$15:$L$99,0,2,1) -> 3 | BB40: =(AS40-(90*Ventas!AE37*0.9644)) -> 416.55262 | BC40: =(BB40/(Ventas!AE37*0.9644)/80) -> 1.0008955 | BD40: =(AT40-(90*Ventas!AE504*0.9644)) -> 195.67442 | BE40: =(BD40/(Ventas!AE504*0.9644)/80) -> 1.7929607 | BH40: =(IF(BB40>0,BB40,0)+IF(BD40>0,BD40,0)+IF(BF40>0,BF40,0)) -> 612.22704 | BI40: =(((BC40*7)+(BE40*1)+(BG40*1))/8) -> 1.0999036 | BJ40: A | BK40: =AV40*AN40+AP40*AX40 -> 2340 | BL40: =(AN40)*AZ40+AP40*BA40 -> 2340
A41: 5352137120089 | B41: TONER XEROX 3010/3040 CPT 2.2K 106R02182 | C41: C00205 | F41: 43 | I41: 46221 | J41: 17 | K41: =(F41-(0)+0-(J41*Ventas!AE38*1)) -> 42.458914 | L41: =(K41/(Ventas!AE38*1)/80) -> 16.674843 | M41: =(G41+0) -> 0 | O41: =(H41+0) -> 0 | Q41: =(K41+M41+O41) -> 42.458914 | R41: 0 | S41: 0 | T41: 0 | U41: =IF(K41>0,K41+R41,R41) -> 42.458914 | V41: =IF(M41>0,M41+S41,S41) -> 0 | W41: =IF(O41>0,O41+T41,T41) -> 0 | AA41: 100 | AB41: 0.000536 | AC41: 46313 | AD41: 92 | AE41: =(IF(K41>0,K41+R41,R41)-(AD41*Ventas!AE38*1.0489)) -> 39.387495 | AF41: =(AE41/(Ventas!AE38*1.0489)/80) -> 14.747457 | AG41: =(G41+0) -> 0 | AI41: =(H41+0) -> 0 | AK41: =(AE41+AG41+AI41) -> 39.387495 | AL41: =(((AF41*7)+(AH41*1)+(AJ41*0))/8) -> 12.904025 | AM41: =(180*(Ventas!AE38*0.9644) - IF(AE41>0,AE41,0)) -> -33.86231 | AN41: =IF(AM41>3,CEILING(AM41,5),0) -> 0 | AP41: =IF(AO41>3,CEILING(AO41,5),0) -> 0 | AQ41: =(AN41+AP41)*AB41 -> 0 | AR41: =_xlfn.XLOOKUP(C41,[1]Hoja2!$C$6:$C$24,[1]Hoja2!$D$6:$D$24,0,2,1) -> 0 | AS41: =IF(AE41>0,AE41+IF(AN41>0,AN41,0),AN41) -> 39.387495 | AU41: =_xlfn.XLOOKUP(D41,[1]Hoja2!$E$6:$E$24,[1]Hoja2!$F$6:$F$24,0,2,1) -> 0 | AV41: 0 | AW41: 3016 | AX41: 0 | AZ41: =_xlfn.XLOOKUP(C41,[2]PI!$B$15:$B$99,[2]PI!$L$15:$L$99,0,2,1) -> 0 | BA41: =_xlfn.XLOOKUP(D41,[2]PI!$B$15:$B$99,[2]PI!$L$15:$L$99,0,2,1) -> 0 | BB41: =(AS41-(90*Ventas!AE38*0.9644)) -> 36.624903 | BC41: =(BB41/(Ventas!AE38*0.9644)/80) -> 14.914618 | BH41: =(IF(BB41>0,BB41,0)+IF(BD41>0,BD41,0)+IF(BF41>0,BF41,0)) -> 36.624903 | BI41: =(((BC41*7)+(BE41*1)+(BG41*1))/8) -> 13.050291 | BJ41: A | BK41: =AV41*AN41+AP41*AX41 -> 0 | BL41: =(AN41)*AZ41+AP41*BA41 -> 0
A42: 5353137120055 | B42: TONER BROTHER TN-750/3385/3380/3340 CPT 8K | C42: C00206 | D42: E00206 | F42: 63 | I42: 46221 | J42: 17 | K42: =(F42-(0)+0-(J42*Ventas!AE39*1)) -> 56.301514 | L42: =(K42/(Ventas!AE39*1)/80) -> 1.786086 | M42: =(G42-(0)+0-(J42*Ventas!AE505*1)) -> 0 | O42: =(H42+0) -> 0 | Q42: =(K42+M42+O42) -> 56.301514 | R42: 80 | S42: 0 | T42: 0 | U42: =IF(K42>0,K42+R42,R42) -> 136.30151 | V42: =IF(M42>0,M42+S42,S42) -> 0 | W42: =IF(O42>0,O42+T42,T42) -> 0 | X42: 3.55 | AA42: 12 | AB42: 0.007136 | AC42: 46313 | AD42: 92 | AE42: =(IF(K42>0,K42+R42,R42)-(AD42*Ventas!AE39*1.0489)) -> 98.27823 | AF42: =(AE42/(Ventas!AE39*1.0489)/80) -> 2.9723883 | AG42: =(IF(M42>0,M42+S42,S42)-(AD42*Ventas!AE505*1.0489)) -> 0 | AI42: =(H42+0) -> 0 | AK42: =(AE42+AG42+AI42) -> 98.27823 | AL42: =(((AF42*7)+(AH42*1)+(AJ42*0))/8) -> 2.6008397 | AM42: =(180*(Ventas!AE39*0.9644) - IF(AE42>0,AE42,0)) -> -29.878022 | AN42: =IF(AM42>3,CEILING(AM42,5),0) -> 0 | AO42: =(180*(Ventas!AE505*0.9644) - IF(AG42>0,AG42,0)) -> 0 | AP42: =IF(AO42>3,CEILING(AO42,5),0) -> 0 | AQ42: =(AN42+AP42)*AB42 -> 0 | AR42: =_xlfn.XLOOKUP(C42,[1]Hoja2!$C$6:$C$24,[1]Hoja2!$D$6:$D$24,0,2,1) -> 0 | AS42: =IF(AE42>0,AE42+IF(AN42>0,AN42,0),AN42) -> 98.27823 | AT42: =IF(AG42>0,AG42+IF(AP42>0,AP42,0),AP42) -> 0 | AU42: =_xlfn.XLOOKUP(D42,[1]Hoja2!$E$6:$E$24,[1]Hoja2!$F$6:$F$24,0,2,1) -> 0 | AV42: 0 | AW42: 3016 | AX42: 0 | AZ42: =_xlfn.XLOOKUP(C42,[2]PI!$B$15:$B$99,[2]PI!$L$15:$L$99,0,2,1) -> 0 | BA42: =_xlfn.XLOOKUP(D42,[2]PI!$B$15:$B$99,[2]PI!$L$15:$L$99,0,2,1) -> 0 | BB42: =(AS42-(90*Ventas!AE39*0.9644)) -> 64.078126 | BC42: =(BB42/(Ventas!AE39*0.9644)/80) -> 2.1078267 | BH42: =(IF(BB42>0,BB42,0)+IF(BD42>0,BD42,0)+IF(BF42>0,BF42,0)) -> 64.078126 | BI42: =(((BC42*7)+(BE42*1)+(BG42*1))/8) -> 1.8443484 | BJ42: A | BK42: =AV42*AN42+AP42*AX42 -> 0 | BL42: =(AN42)*AZ42+AP42*BA42 -> 0
A43: 5358137120197 | B43: TONER SAMSUNG ML2850 5.0K | C43: C00207 | D43: E00207 | F43: 26 | I43: 46221 | J43: 17 | K43: =(F43-(0)+0-(J43*Ventas!AE40*1)) -> 24.265271 | L43: =(K43/(Ventas!AE40*1)/80) -> 2.9724363 | M43: =(G43-(0)+0-(J43*Ventas!AE506*1)) -> 0 | O43: =(H43+0) -> 0 | Q43: =(K43+M43+O43) -> 24.265271 | R43: 0 | S43: 0 | T43: 0 | U43: =IF(K43>0,K43+R43,R43) -> 24.265271 | V43: =IF(M43>0,M43+S43,S43) -> 0 | W43: =IF(O43>0,O43+T43,T43) -> 0 | AA43: 10 | AB43: 0.013318 | AC43: 46313 | AD43: 92 | AE43: =(IF(K43>0,K43+R43,R43)-(AD43*Ventas!AE40*1.0489)) -> 14.418258 | AF43: =(AE43/(Ventas!AE40*1.0489)/80) -> 1.6838605 | AG43: =(IF(M43>0,M43+S43,S43)-(AD43*Ventas!AE506*1.0489)) -> 0 | AI43: =(H43+0) -> 0 | AK43: =(AE43+AG43+AI43) -> 14.418258 | AL43: =(((AF43*7)+(AH43*1)+(AJ43*0))/8) -> 1.473378 | AM43: =(180*(Ventas!AE40*0.9644) - IF(AE43>0,AE43,0)) -> 3.2955655 | AN43: 0 | AO43: =(180*(Ventas!AE506*0.9644) - IF(AG43>0,AG43,0)) -> 0 | AP43: =IF(AO43>3,CEILING(AO43,5),0) -> 0 | AQ43: =(AN43+AP43)*AB43 -> 0 | AR43: =_xlfn.XLOOKUP(C43,[1]Hoja2!$C$6:$C$24,[1]Hoja2!$D$6:$D$24,0,2,1) -> 0 | AS43: =IF(AE43>0,AE43+IF(AN43>0,AN43,0),AN43) -> 14.418258 | AT43: =IF(AG43>0,AG43+IF(AP43>0,AP43,0),AP43) -> 0 | AU43: =_xlfn.XLOOKUP(D43,[1]Hoja2!$E$6:$E$24,[1]Hoja2!$F$6:$F$24,0,2,1) -> 0 | AV43: 0 | AW43: 3016 | AX43: 0 | AZ43: =_xlfn.XLOOKUP(C43,[2]PI!$B$15:$B$99,[2]PI!$L$15:$L$99,0,2,1) -> 0 | BA43: =_xlfn.XLOOKUP(D43,[2]PI!$B$15:$B$99,[2]PI!$L$15:$L$99,0,2,1) -> 0 | BB43: =(AS43-(90*Ventas!AE40*0.9644)) -> 5.5613463 | BC43: =(BB43/(Ventas!AE40*0.9644)/80) -> 0.70639911 | BH43: =(IF(BB43>0,BB43,0)+IF(BD43>0,BD43,0)+IF(BF43>0,BF43,0)) -> 5.5613463 | BI43: =(((BC43*7)+(BE43*1)+(BG43*1))/8) -> 0.61809922 | BJ43: A | BK43: =AV43*AN43+AP43*AX43 -> 0 | BL43: =(AN43)*AZ43+AP43*BA43 -> 0
A44: 5350137120610 | B44: TAMBOR BROTHER DR-360 CPT 12K | C44: C00263 | F44: 26 | I44: 46221 | J44: 17 | K44: =(F44-(0)+0-(J44*Ventas!AE41*1)) -> 24.721114 | L44: =(K44/(Ventas!AE41*1)/80) -> 4.1076671 | M44: =(G44+0) -> 0 | O44: =(H44+0) -> 0 | Q44: =(K44+M44+O44) -> 24.721114 | R44: 0 | S44: 0 | T44: 0 | U44: =IF(K44>0,K44+R44,R44) -> 24.721114 | V44: =IF(M44>0,M44+S44,S44) -> 0 | W44: =IF(O44>0,O44+T44,T44) -> 0 | AA44: 12 | AB44: 0.007136 | AC44: 46313 | AD44: 92 | AE44: =(IF(K44>0,K44+R44,R44)-(AD44*Ventas!AE41*1.0489)) -> 17.461647 | AF44: =(AE44/(Ventas!AE41*1.0489)/80) -> 2.7661666 | AG44: =(G44+0) -> 0 | AI44: =(H44+0) -> 0 | AK44: =(AE44+AG44+AI44) -> 17.461647 | AL44: =(((AF44*7)+(AH44*1)+(AJ44*0))/8) -> 2.4203957 | AM44: =(180*(Ventas!AE41*0.9644) - IF(AE44>0,AE44,0)) -> -4.4025692 | AN44: =IF(AM44>3,CEILING(AM44,5),0) -> 0 | AP44: =IF(AO44>3,CEILING(AO44,5),0) -> 0 | AQ44: =(AN44+AP44)*AB44 -> 0 | AR44: =_xlfn.XLOOKUP(C44,[1]Hoja2!$C$6:$C$24,[1]Hoja2!$D$6:$D$24,0,2,1) -> 0 | AS44: =IF(AE44>0,AE44+IF(AN44>0,AN44,0),AN44) -> 17.461647 | AU44: =_xlfn.XLOOKUP(D44,[1]Hoja2!$E$6:$E$24,[1]Hoja2!$F$6:$F$24,0,2,1) -> 0 | AV44: 0 | AW44: 3016 | AX44: 0 | AZ44: =_xlfn.XLOOKUP(C44,[2]PI!$B$15:$B$99,[2]PI!$L$15:$L$99,0,2,1) -> 0 | BA44: =_xlfn.XLOOKUP(D44,[2]PI!$B$15:$B$99,[2]PI!$L$15:$L$99,0,2,1) -> 0 | BB44: =(AS44-(90*Ventas!AE41*0.9644)) -> 10.932108 | BC44: =(BB44/(Ventas!AE41*0.9644)/80) -> 1.883536 | BH44: =(IF(BB44>0,BB44,0)+IF(BD44>0,BD44,0)+IF(BF44>0,BF44,0)) -> 10.932108 | BI44: =(((BC44*7)+(BE44*1)+(BG44*1))/8) -> 1.648094 | BJ44: A | BK44: =AV44*AN44+AP44*AX44 -> 0 | BL44: =(AN44)*AZ44+AP44*BA44 -> 0
A45: 5350137120627 | B45: TAMBOR BROTHER DR-450/420 CPT 12K | C45: C00264 | F45: 66 | I45: 46221 | J45: 17 | K45: =(F45-(0)+0-(J45*Ventas!AE42*1)) -> 57.490286 | L45: =(K45/(Ventas!AE42*1)/80) -> 1.4356164 | M45: =(G45+0) -> 0 | O45: =(H45+0) -> 0 | Q45: =(K45+M45+O45) -> 57.490286 | R45: 36 | S45: 0 | T45: 0 | U45: =IF(K45>0,K45+R45,R45) -> 93.490286 | V45: =IF(M45>0,M45+S45,S45) -> 0 | W45: =IF(O45>0,O45+T45,T45) -> 0 | X45: 2.75 | AA45: 12 | AB45: 0.007136 | AC45: 46313 | AD45: 92 | AE45: =(IF(K45>0,K45+R45,R45)-(AD45*Ventas!AE42*1.0489)) -> 45.185744 | AF45: =(AE45/(Ventas!AE42*1.0489)/80) -> 1.0757499 | AG45: =(G45+0) -> 0 | AI45: =(H45+0) -> 0 | AK45: =(AE45+AG45+AI45) -> 45.185744 | AL45: =(((AF45*7)+(AH45*1)+(AJ45*0))/8) -> 0.94128114 | AM45: =(180*(Ventas!AE42*0.9644) - IF(AE45>0,AE45,0)) -> 41.709452 | AN45: 36 | AP45: =IF(AO45>3,CEILING(AO45,5),0) -> 0 | AQ45: =(AN45+AP45)*AB45 -> 0.256896 | AR45: =_xlfn.XLOOKUP(C45,[1]Hoja2!$C$6:$C$24,[1]Hoja2!$D$6:$D$24,0,2,1) -> 0 | AS45: =IF(AE45>0,AE45+IF(AN45>0,AN45,0),AN45) -> 81.185744 | AU45: =_xlfn.XLOOKUP(D45,[1]Hoja2!$E$6:$E$24,[1]Hoja2!$F$6:$F$24,0,2,1) -> 0 | AV45: 2.75 | AW45: 3016 | AX45: 0 | AZ45: =_xlfn.XLOOKUP(C45,[2]PI!$B$15:$B$99,[2]PI!$L$15:$L$99,0,2,1) -> 2.75 | BA45: =_xlfn.XLOOKUP(D45,[2]PI!$B$15:$B$99,[2]PI!$L$15:$L$99,0,2,1) -> 0 | BB45: =(AS45-(90*Ventas!AE42*0.9644)) -> 37.738146 | BC45: =(BB45/(Ventas!AE42*0.9644)/80) -> 0.97716367 | BH45: =(IF(BB45>0,BB45,0)+IF(BD45>0,BD45,0)+IF(BF45>0,BF45,0)) -> 37.738146 | BI45: =(((BC45*7)+(BE45*1)+(BG45*1))/8) -> 0.85501821 | BJ45: A | BK45: =AV45*AN45+AP45*AX45 -> 99 | BL45: =(AN45)*AZ45+AP45*BA45 -> 99
A46: 5350137120634 | B46: TAMBOR BROTHER DR-620/520 CPT 25K | C46: C00265 | F46: 34 | I46: 46221 | J46: 17 | K46: =(F46-(0)+0-(J46*Ventas!AE43*1)) -> 31.479892 | L46: =(K46/(Ventas!AE43*1)/80) -> 2.6544402 | M46: =(G46+0) -> 0 | O46: =(H46+0) -> 0 | Q46: =(K46+M46+O46) -> 31.479892 | R46: 40 | S46: 0 | T46: 0 | U46: =IF(K46>0,K46+R46,R46) -> 71.479892 | V46: =IF(M46>0,M46+S46,S46) -> 0 | W46: =IF(O46>0,O46+T46,T46) -> 0 | X46: 3.3 | AA46: 12 | AB46: 0.007136 | AC46: 46313 | AD46: 92 | AE46: =(IF(K46>0,K46+R46,R46)-(AD46*Ventas!AE43*1.0489)) -> 57.174749 | AF46: =(AE46/(Ventas!AE43*1.0489)/80) -> 4.5963163 | AG46: =(G46+0) -> 0 | AI46: =(H46+0) -> 0 | AK46: =(AE46+AG46+AI46) -> 57.174749 | AL46: =(((AF46*7)+(AH46*1)+(AJ46*0))/8) -> 4.0217767 | AM46: =(180*(Ventas!AE43*0.9644) - IF(AE46>0,AE46,0)) -> -31.441181 | AN46: =IF(AM46>3,CEILING(AM46,5),0) -> 0 | AP46: =IF(AO46>3,CEILING(AO46,5),0) -> 0 | AQ46: =(AN46+AP46)*AB46 -> 0 | AR46: =_xlfn.XLOOKUP(C46,[1]Hoja2!$C$6:$C$24,[1]Hoja2!$D$6:$D$24,0,2,1) -> 0 | AS46: =IF(AE46>0,AE46+IF(AN46>0,AN46,0),AN46) -> 57.174749 | AU46: =_xlfn.XLOOKUP(D46,[1]Hoja2!$E$6:$E$24,[1]Hoja2!$F$6:$F$24,0,2,1) -> 0 | AV46: 0 | AW46: 3016 | AX46: 0 | AZ46: =_xlfn.XLOOKUP(C46,[2]PI!$B$15:$B$99,[2]PI!$L$15:$L$99,0,2,1) -> 0 | BA46: =_xlfn.XLOOKUP(D46,[2]PI!$B$15:$B$99,[2]PI!$L$15:$L$99,0,2,1) -> 0 | BB46: =(AS46-(90*Ventas!AE43*0.9644)) -> 44.307965 | BC46: =(BB46/(Ventas!AE43*0.9644)/80) -> 3.874042 | BH46: =(IF(BB46>0,BB46,0)+IF(BD46>0,BD46,0)+IF(BF46>0,BF46,0)) -> 44.307965 | BI46: =(((BC46*7)+(BE46*1)+(BG46*1))/8) -> 3.3897868 | BJ46: A | BK46: =AV46*AN46+AP46*AX46 -> 0 | BL46: =(AN46)*AZ46+AP46*BA46 -> 0
A47: 5350137120603 | B47: TONER BROTHER TN-350 CPT 2.5K | C47: C00266 | F47: 15 | I47: 46221 | J47: 17 | K47: =(F47-(0)+0-(J47*Ventas!AE44*1)) -> 14.5104 | L47: =(K47/(Ventas!AE44*1)/80) -> 6.2979167 | M47: =(G47+0) -> 0 | O47: =(H47+0) -> 0 | Q47: =(K47+M47+O47) -> 14.5104 | R47: 0 | S47: 0 | T47: 0 | U47: =IF(K47>0,K47+R47,R47) -> 14.5104 | V47: =IF(M47>0,M47+S47,S47) -> 0 | W47: =IF(O47>0,O47+T47,T47) -> 0 | AA47: 18 | AB47: 0.005566 | AC47: 46313 | AD47: 92 | AE47: =(IF(K47>0,K47+R47,R47)-(AD47*Ventas!AE44*1.0489)) -> 11.731235 | AF47: =(AE47/(Ventas!AE44*1.0489)/80) -> 4.8543061 | AG47: =(G47+0) -> 0 | AI47: =(H47+0) -> 0 | AK47: =(AE47+AG47+AI47) -> 11.731235 | AL47: =(((AF47*7)+(AH47*1)+(AJ47*0))/8) -> 4.2475178 | AM47: =(180*(Ventas!AE44*0.9644) - IF(AE47>0,AE47,0)) -> -6.731785 | AN47: =IF(AM47>3,CEILING(AM47,5),0) -> 0 | AP47: =IF(AO47>3,CEILING(AO47,5),0) -> 0 | AQ47: =(AN47+AP47)*AB47 -> 0 | AR47: =_xlfn.XLOOKUP(C47,[1]Hoja2!$C$6:$C$24,[1]Hoja2!$D$6:$D$24,0,2,1) -> 0 | AS47: =IF(AE47>0,AE47+IF(AN47>0,AN47,0),AN47) -> 11.731235 | AU47: =_xlfn.XLOOKUP(D47,[1]Hoja2!$E$6:$E$24,[1]Hoja2!$F$6:$F$24,0,2,1) -> 0 | AV47: 0 | AW47: 3016 | AX47: 0 | AZ47: =_xlfn.XLOOKUP(C47,[2]PI!$B$15:$B$99,[2]PI!$L$15:$L$99,0,2,1) -> 0 | BA47: =_xlfn.XLOOKUP(D47,[2]PI!$B$15:$B$99,[2]PI!$L$15:$L$99,0,2,1) -> 0 | BB47: =(AS47-(90*Ventas!AE44*0.9644)) -> 9.2315098 | BC47: =(BB47/(Ventas!AE44*0.9644)/80) -> 4.1546367 | BH47: =(IF(BB47>0,BB47,0)+IF(BD47>0,BD47,0)+IF(BF47>0,BF47,0)) -> 9.2315098 | BI47: =(((BC47*7)+(BE47*1)+(BG47*1))/8) -> 3.6353071 | BJ47: A | BK47: =AV47*AN47+AP47*AX47 -> 0 | BL47: =(AN47)*AZ47+AP47*BA47 -> 0
A48: 5350137120641 | B48: TONER HP C3906A CPT 2.5K | C48: C00267 | I48: 46221 | J48: 17 | K48: =(F48-(0)+0-(J48*Ventas!AE45*1)) -> 0 | M48: =(G48+0) -> 0 | O48: =(H48+0) -> 0 | Q48: =(K48+M48+O48) -> 0 | R48: 0 | S48: 0 | T48: 0 | U48: =IF(K48>0,K48+R48,R48) -> 0 | V48: =IF(M48>0,M48+S48,S48) -> 0 | W48: =IF(O48>0,O48+T48,T48) -> 0 | AC48: 46313 | AD48: 92 | AE48: =(IF(K48>0,K48+R48,R48)-(AD48*Ventas!AE45*1.0489)) -> 0 | AG48: =(G48+0) -> 0 | AI48: =(H48+0) -> 0 | AK48: =(AE48+AG48+AI48) -> 0 | AL48: =(((AF48*7)+(AH48*1)+(AJ48*0))/8) -> 0 | AM48: =(180*(Ventas!AE45*0.9644) - IF(AE48>0,AE48,0)) -> 0 | AN48: =IF(AM48>3,CEILING(AM48,5),0) -> 0 | AP48: =IF(AO48>3,CEILING(AO48,5),0) -> 0 | AQ48: =(AN48+AP48)*AB48 -> 0 | AR48: =_xlfn.XLOOKUP(C48,[1]Hoja2!$C$6:$C$24,[1]Hoja2!$D$6:$D$24,0,2,1) -> 0 | AS48: =IF(AE48>0,AE48+IF(AN48>0,AN48,0),AN48) -> 0 | AU48: =_xlfn.XLOOKUP(D48,[1]Hoja2!$E$6:$E$24,[1]Hoja2!$F$6:$F$24,0,2,1) -> 0 | AV48: 0 | AW48: 3002 | AX48: 0 | AZ48: =_xlfn.XLOOKUP(C48,[2]PI!$B$15:$B$99,[2]PI!$L$15:$L$99,0,2,1) -> 0 | BA48: =_xlfn.XLOOKUP(D48,[2]PI!$B$15:$B$99,[2]PI!$L$15:$L$99,0,2,1) -> 0 | BH48: =(IF(BB48>0,BB48,0)+IF(BD48>0,BD48,0)+IF(BF48>0,BF48,0)) -> 0 | BI48: =(((BC48*7)+(BE48*1)+(BG48*1))/8) -> 0 | BJ48: A | BK48: =AV48*AN48+AP48*AX48 -> 0 | BL48: =(AN48)*AZ48+AP48*BA48 -> 0
A49: 5350137120658 | B49: TONER HP C7115A / Q2613A / Q2624A Univ CPT 2.5K | C49: C00268 | I49: 46221 | J49: 17 | K49: =(F49-(0)+0-(J49*Ventas!AE46*1)) -> -5.61 | L49: =(K49/(Ventas!AE46*1)/80) -> -0.2125 | M49: =(G49+0) -> 0 | O49: =(H49+0) -> 0 | Q49: =(K49+M49+O49) -> -5.61 | R49: 10 | S49: 0 | T49: 0 | U49: =IF(K49>0,K49+R49,R49) -> 10 | V49: =IF(M49>0,M49+S49,S49) -> 0 | W49: =IF(O49>0,O49+T49,T49) -> 0 | X49: 4 | AA49: 10 | AB49: 0.006481 | AC49: 46313 | AD49: 92 | AE49: =(IF(K49>0,K49+R49,R49)-(AD49*Ventas!AE46*1.0489)) -> -21.844604 | AF49: =(AE49/(Ventas!AE46*1.0489)/80) -> -0.78887131 | AG49: =(G49+0) -> 0 | AI49: =(H49+0) -> 0 | AK49: =(AE49+AG49+AI49) -> -21.844604 | AL49: =(((AF49*7)+(AH49*1)+(AJ49*0))/8) -> -0.6902624 | AM49: =(180*(Ventas!AE46*0.9644) - IF(AE49>0,AE49,0)) -> 57.28536 | AN49: 50 | AP49: =IF(AO49>3,CEILING(AO49,5),0) -> 0 | AQ49: =(AN49+AP49)*AB49 -> 0.32405 | AR49: =_xlfn.XLOOKUP(C49,[1]Hoja2!$C$6:$C$24,[1]Hoja2!$D$6:$D$24,0,2,1) -> 0 | AS49: =IF(AE49>0,AE49+IF(AN49>0,AN49,0),AN49) -> 50 | AU49: =_xlfn.XLOOKUP(D49,[1]Hoja2!$E$6:$E$24,[1]Hoja2!$F$6:$F$24,0,2,1) -> 0 | AV49: 4 | AW49: 3016 | AX49: 0 | AZ49: =_xlfn.XLOOKUP(C49,[2]PI!$B$15:$B$99,[2]PI!$L$15:$L$99,0,2,1) -> 4 | BA49: =_xlfn.XLOOKUP(D49,[2]PI!$B$15:$B$99,[2]PI!$L$15:$L$99,0,2,1) -> 0 | BB49: =(AS49-(90*Ventas!AE46*0.9644)) -> 21.35732 | BC49: =(BB49/(Ventas!AE46*0.9644)/80) -> 0.83885254 | BH49: =(IF(BB49>0,BB49,0)+IF(BD49>0,BD49,0)+IF(BF49>0,BF49,0)) -> 21.35732 | BI49: =(((BC49*7)+(BE49*1)+(BG49*1))/8) -> 0.73399598 | BJ49: A | BK49: =AV49*AN49+AP49*AX49 -> 200 | BL49: =(AN49)*AZ49+AP49*BA49 -> 200
A50: 5350137120665 | B50: TONER HP C7115X / Q2613X CPT 3.5K | C50: C00269 | F50: 3 | I50: 46221 | J50: 17 | K50: =(F50-(0)+0-(J50*Ventas!AE47*1)) -> 2.9101429 | L50: =(K50/(Ventas!AE47*1)/80) -> 6.8820946 | M50: =(G50+0) -> 0 | O50: =(H50+0) -> 0 | Q50: =(K50+M50+O50) -> 2.9101429 | R50: 0 | S50: 0 | T50: 0 | U50: =IF(K50>0,K50+R50,R50) -> 2.9101429 | V50: =IF(M50>0,M50+S50,S50) -> 0 | W50: =IF(O50>0,O50+T50,T50) -> 0 | AC50: 46313 | AD50: 92 | AE50: =(IF(K50>0,K50+R50,R50)-(AD50*Ventas!AE47*1.0489)) -> 2.4000778 | AF50: =(AE50/(Ventas!AE47*1.0489)/80) -> 5.4112495 | AG50: =(G50+0) -> 0 | AI50: =(H50+0) -> 0 | AK50: =(AE50+AG50+AI50) -> 2.4000778 | AL50: =(((AF50*7)+(AH50*1)+(AJ50*0))/8) -> 4.7348433 | AM50: =(180*(Ventas!AE47*0.9644) - IF(AE50>0,AE50,0)) -> -1.4825201 | AN50: =IF(AM50>3,CEILING(AM50,5),0) -> 0 | AP50: =IF(AO50>3,CEILING(AO50,5),0) -> 0 | AQ50: =(AN50+AP50)*AB50 -> 0 | AR50: =_xlfn.XLOOKUP(C50,[1]Hoja2!$C$6:$C$24,[1]Hoja2!$D$6:$D$24,0,2,1) -> 0 | AS50: =IF(AE50>0,AE50+IF(AN50>0,AN50,0),AN50) -> 2.4000778 | AU50: =_xlfn.XLOOKUP(D50,[1]Hoja2!$E$6:$E$24,[1]Hoja2!$F$6:$F$24,0,2,1) -> 0 | AV50: 0 | AW50: 3016 | AX50: 0 | AZ50: =_xlfn.XLOOKUP(C50,[2]PI!$B$15:$B$99,[2]PI!$L$15:$L$99,0,2,1) -> 0 | BA50: =_xlfn.XLOOKUP(D50,[2]PI!$B$15:$B$99,[2]PI!$L$15:$L$99,0,2,1) -> 0 | BB50: =(AS50-(90*Ventas!AE47*0.9644)) -> 1.9412989 | BC50: =(BB50/(Ventas!AE47*0.9644)/80) -> 4.7603791 | BH50: =(IF(BB50>0,BB50,0)+IF(BD50>0,BD50,0)+IF(BF50>0,BF50,0)) -> 1.9412989 | BI50: =(((BC50*7)+(BE50*1)+(BG50*1))/8) -> 4.1653317 | BJ50: A | BK50: =AV50*AN50+AP50*AX50 -> 0 | BL50: =(AN50)*AZ50+AP50*BA50 -> 0
A51: 5350137120672 | B51: TONER HP CC364A / 390A CPT 10K | C51: C00270 | F51: 13 | I51: 46221 | J51: 17 | K51: =(F51-(0)+0-(J51*Ventas!AE48*1)) -> 12.928843 | L51: =(K51/(Ventas!AE48*1)/80) -> 38.610026 | M51: =(G51+0) -> 0 | O51: =(H51+0) -> 0 | Q51: =(K51+M51+O51) -> 12.928843 | R51: 0 | S51: 0 | T51: 0 | U51: =IF(K51>0,K51+R51,R51) -> 12.928843 | V51: =IF(M51>0,M51+S51,S51) -> 0 | W51: =IF(O51>0,O51+T51,T51) -> 0 | AA51: 10 | AB51: 0.013318 | AC51: 46313 | AD51: 92 | AE51: =(IF(K51>0,K51+R51,R51)-(AD51*Ventas!AE48*1.0489)) -> 12.524926 | AF51: =(AE51/(Ventas!AE48*1.0489)/80) -> 35.660016 | AG51: =(G51+0) -> 0 | AI51: =(H51+0) -> 0 | AK51: =(AE51+AG51+AI51) -> 12.524926 | AL51: =(((AF51*7)+(AH51*1)+(AJ51*0))/8) -> 31.202514 | AM51: =(180*(Ventas!AE48*0.9644) - IF(AE51>0,AE51,0)) -> -11.79832 | AN51: =IF(AM51>3,CEILING(AM51,5),0) -> 0 | AP51: =IF(AO51>3,CEILING(AO51,5),0) -> 0 | AQ51: =(AN51+AP51)*AB51 -> 0 | AR51: =_xlfn.XLOOKUP(C51,[1]Hoja2!$C$6:$C$24,[1]Hoja2!$D$6:$D$24,0,2,1) -> 0 | AS51: =IF(AE51>0,AE51+IF(AN51>0,AN51,0),AN51) -> 12.524926 | AU51: =_xlfn.XLOOKUP(D51,[1]Hoja2!$E$6:$E$24,[1]Hoja2!$F$6:$F$24,0,2,1) -> 0 | AV51: 0 | AW51: 3016 | AX51: 0 | AZ51: =_xlfn.XLOOKUP(C51,[2]PI!$B$15:$B$99,[2]PI!$L$15:$L$99,0,2,1) -> 0 | BA51: =_xlfn.XLOOKUP(D51,[2]PI!$B$15:$B$99,[2]PI!$L$15:$L$99,0,2,1) -> 0 | BB51: =(AS51-(90*Ventas!AE48*0.9644)) -> 12.161623 | BC51: =(BB51/(Ventas!AE48*0.9644)/80) -> 37.659519 | BH51: =(IF(BB51>0,BB51,0)+IF(BD51>0,BD51,0)+IF(BF51>0,BF51,0)) -> 12.161623 | BI51: =(((BC51*7)+(BE51*1)+(BG51*1))/8) -> 32.95208 | BJ51: A | BK51: =AV51*AN51+AP51*AX51 -> 0 | BL51: =(AN51)*AZ51+AP51*BA51 -> 0
A52: 5350137120689 | B52: TONER HP CC364X / 390X CPT 24K | C52: C00271 | F52: 12 | I52: 46221 | J52: 17 | K52: =(F52-(0)+0-(J52*Ventas!AE49*1)) -> 10.374314 | L52: =(K52/(Ventas!AE49*1)/80) -> 1.3560689 | M52: =(G52+0) -> 0 | O52: =(H52+0) -> 0 | Q52: =(K52+M52+O52) -> 10.374314 | R52: 24 | S52: 0 | T52: 0 | U52: =IF(K52>0,K52+R52,R52) -> 34.374314 | V52: =IF(M52>0,M52+S52,S52) -> 0 | W52: =IF(O52>0,O52+T52,T52) -> 0 | X52: 10.8 | AA52: 8 | AB52: 0.016275 | AC52: 46313 | AD52: 92 | AE52: =(IF(K52>0,K52+R52,R52)-(AD52*Ventas!AE49*1.0489)) -> 25.146272 | AF52: =(AE52/(Ventas!AE49*1.0489)/80) -> 3.1337321 | AG52: =(G52+0) -> 0 | AI52: =(H52+0) -> 0 | AK52: =(AE52+AG52+AI52) -> 25.146272 | AL52: =(((AF52*7)+(AH52*1)+(AJ52*0))/8) -> 2.7420156 | AM52: =(180*(Ventas!AE49*0.9644) - IF(AE52>0,AE52,0)) -> -8.5459169 | AN52: =IF(AM52>3,CEILING(AM52,5),0) -> 0 | AP52: =IF(AO52>3,CEILING(AO52,5),0) -> 0 | AQ52: =(AN52+AP52)*AB52 -> 0 | AR52: =_xlfn.XLOOKUP(C52,[1]Hoja2!$C$6:$C$24,[1]Hoja2!$D$6:$D$24,0,2,1) -> 0 | AS52: =IF(AE52>0,AE52+IF(AN52>0,AN52,0),AN52) -> 25.146272 | AU52: =_xlfn.XLOOKUP(D52,[1]Hoja2!$E$6:$E$24,[1]Hoja2!$F$6:$F$24,0,2,1) -> 0 | AV52: 0 | AW52: 3016 | AX52: 0 | AZ52: =_xlfn.XLOOKUP(C52,[2]PI!$B$15:$B$99,[2]PI!$L$15:$L$99,0,2,1) -> 0 | BA52: =_xlfn.XLOOKUP(D52,[2]PI!$B$15:$B$99,[2]PI!$L$15:$L$99,0,2,1) -> 0 | BB52: =(AS52-(90*Ventas!AE49*0.9644)) -> 16.846094 | BC52: =(BB52/(Ventas!AE49*0.9644)/80) -> 2.2833073 | BH52: =(IF(BB52>0,BB52,0)+IF(BD52>0,BD52,0)+IF(BF52>0,BF52,0)) -> 16.846094 | BI52: =(((BC52*7)+(BE52*1)+(BG52*1))/8) -> 1.9978939 | BJ52: A | BK52: =AV52*AN52+AP52*AX52 -> 0 | BL52: =(AN52)*AZ52+AP52*BA52 -> 0
A53: 5350137120788 | B53: TONER HP Q2612X 3K CPT | C53: C00272 | F53: 21 | I53: 46221 | J53: 17 | K53: =(F53-(0)+0-(J53*Ventas!AE50*1)) -> 20.7807 | L53: =(K53/(Ventas!AE50*1)/80) -> 20.136337 | M53: =(G53+0) -> 0 | O53: =(H53+0) -> 0 | Q53: =(K53+M53+O53) -> 20.7807 | R53: 0 | S53: 0 | T53: 0 | U53: =IF(K53>0,K53+R53,R53) -> 20.7807 | V53: =IF(M53>0,M53+S53,S53) -> 0 | W53: =IF(O53>0,O53+T53,T53) -> 0 | AA53: 18 | AB53: 0.004333 | AC53: 46313 | AD53: 92 | AE53: =(IF(K53>0,K53+R53,R53)-(AD53*Ventas!AE50*1.0489)) -> 19.535865 | AF53: =(AE53/(Ventas!AE50*1.0489)/80) -> 18.047576 | AG53: =(G53+0) -> 0 | AI53: =(H53+0) -> 0 | AK53: =(AE53+AG53+AI53) -> 19.535865 | AL53: =(((AF53*7)+(AH53*1)+(AJ53*0))/8) -> 15.791629 | AM53: =(180*(Ventas!AE50*0.9644) - IF(AE53>0,AE53,0)) -> -17.296529 | AN53: =IF(AM53>3,CEILING(AM53,5),0) -> 0 | AP53: =IF(AO53>3,CEILING(AO53,5),0) -> 0 | AQ53: =(AN53+AP53)*AB53 -> 0 | AR53: =_xlfn.XLOOKUP(C53,[1]Hoja2!$C$6:$C$24,[1]Hoja2!$D$6:$D$24,0,2,1) -> 0 | AS53: =IF(AE53>0,AE53+IF(AN53>0,AN53,0),AN53) -> 19.535865 | AU53: =_xlfn.XLOOKUP(D53,[1]Hoja2!$E$6:$E$24,[1]Hoja2!$F$6:$F$24,0,2,1) -> 0 | AV53: 0 | AW53: 3016 | AX53: 0 | AZ53: =_xlfn.XLOOKUP(C53,[2]PI!$B$15:$B$99,[2]PI!$L$15:$L$99,0,2,1) -> 0 | BA53: =_xlfn.XLOOKUP(D53,[2]PI!$B$15:$B$99,[2]PI!$L$15:$L$99,0,2,1) -> 0 | BB53: =(AS53-(90*Ventas!AE50*0.9644)) -> 18.416197 | BC53: =(BB53/(Ventas!AE50*0.9644)/80) -> 18.503891 | BH53: =(IF(BB53>0,BB53,0)+IF(BD53>0,BD53,0)+IF(BF53>0,BF53,0)) -> 18.416197 | BI53: =(((BC53*7)+(BE53*1)+(BG53*1))/8) -> 16.190904 | BJ53: A | BK53: =AV53*AN53+AP53*AX53 -> 0 | BL53: =(AN53)*AZ53+AP53*BA53 -> 0
A54: 5350137120795 | B54: TONER HP Q5949X 6K CPT | C54: C00273 | I54: 46221 | J54: 17 | K54: =(F54-(0)+0-(J54*Ventas!AE51*1)) -> 0 | M54: =(G54+0) -> 0 | O54: =(H54+0) -> 0 | Q54: =(K54+M54+O54) -> 0 | R54: 0 | S54: 0 | T54: 0 | U54: =IF(K54>0,K54+R54,R54) -> 0 | V54: =IF(M54>0,M54+S54,S54) -> 0 | W54: =IF(O54>0,O54+T54,T54) -> 0 | AC54: 46313 | AD54: 92 | AE54: =(IF(K54>0,K54+R54,R54)-(AD54*Ventas!AE51*1.0489)) -> 0 | AG54: =(G54+0) -> 0 | AI54: =(H54+0) -> 0 | AK54: =(AE54+AG54+AI54) -> 0 | AL54: =(((AF54*7)+(AH54*1)+(AJ54*0))/8) -> 0 | AM54: =(180*(Ventas!AE51*0.9644) - IF(AE54>0,AE54,0)) -> 0 | AN54: =IF(AM54>3,CEILING(AM54,5),0) -> 0 | AP54: =IF(AO54>3,CEILING(AO54,5),0) -> 0 | AQ54: =(AN54+AP54)*AB54 -> 0 | AR54: =_xlfn.XLOOKUP(C54,[1]Hoja2!$C$6:$C$24,[1]Hoja2!$D$6:$D$24,0,2,1) -> 0 | AS54: =IF(AE54>0,AE54+IF(AN54>0,AN54,0),AN54) -> 0 | AU54: =_xlfn.XLOOKUP(D54,[1]Hoja2!$E$6:$E$24,[1]Hoja2!$F$6:$F$24,0,2,1) -> 0 | AV54: 0 | AW54: 3013 | AX54: 0 | AZ54: =_xlfn.XLOOKUP(C54,[2]PI!$B$15:$B$99,[2]PI!$L$15:$L$99,0,2,1) -> 0 | BA54: =_xlfn.XLOOKUP(D54,[2]PI!$B$15:$B$99,[2]PI!$L$15:$L$99,0,2,1) -> 0 | BH54: =(IF(BB54>0,BB54,0)+IF(BD54>0,BD54,0)+IF(BF54>0,BF54,0)) -> 0 | BI54: =(((BC54*7)+(BE54*1)+(BG54*1))/8) -> 0 | BJ54: A | BK54: =AV54*AN54+AP54*AX54 -> 0 | BL54: =(AN54)*AZ54+AP54*BA54 -> 0
B55: TONER HP C530 BK CPT 3.5K | C55: C00274 | I55: 46221 | J55: 17 | K55: =(F55-(0)+0-(J55*Ventas!AE52*1)) -> 0 | M55: =(G55+0) -> 0 | O55: =(H55+0) -> 0 | Q55: =(K55+M55+O55) -> 0 | R55: 0 | S55: 0 | T55: 0 | U55: =IF(K55>0,K55+R55,R55) -> 0 | V55: =IF(M55>0,M55+S55,S55) -> 0 | W55: =IF(O55>0,O55+T55,T55) -> 0 | AC55: 46313 | AD55: 92 | AE55: =(IF(K55>0,K55+R55,R55)-(AD55*Ventas!AE52*1.0489)) -> 0 | AG55: =(G55+0) -> 0 | AI55: =(H55+0) -> 0 | AK55: =(AE55+AG55+AI55) -> 0 | AL55: =(((AF55*7)+(AH55*1)+(AJ55*0))/8) -> 0 | AM55: =(180*(Ventas!AE52*0.9644) - IF(AE55>0,AE55,0)) -> 0 | AN55: =IF(AM55>3,CEILING(AM55,5),0) -> 0 | AP55: =IF(AO55>3,CEILING(AO55,5),0) -> 0 | AQ55: =(AN55+AP55)*AB55 -> 0 | AR55: =_xlfn.XLOOKUP(C55,[1]Hoja2!$C$6:$C$24,[1]Hoja2!$D$6:$D$24,0,2,1) -> 0 | AS55: =IF(AE55>0,AE55+IF(AN55>0,AN55,0),AN55) -> 0 | AU55: =_xlfn.XLOOKUP(D55,[1]Hoja2!$E$6:$E$24,[1]Hoja2!$F$6:$F$24,0,2,1) -> 0 | AV55: 0 | AW55: 3011 | AX55: 0 | AZ55: =_xlfn.XLOOKUP(C55,[2]PI!$B$15:$B$99,[2]PI!$L$15:$L$99,0,2,1) -> 0 | BA55: =_xlfn.XLOOKUP(D55,[2]PI!$B$15:$B$99,[2]PI!$L$15:$L$99,0,2,1) -> 0 | BH55: =(IF(BB55>0,BB55,0)+IF(BD55>0,BD55,0)+IF(BF55>0,BF55,0)) -> 0 | BI55: =(((BC55*7)+(BE55*1)+(BG55*1))/8) -> 0 | BJ55: D | BK55: =AV55*AN55+AP55*AX55 -> 0 | BL55: =(AN55)*AZ55+AP55*BA55 -> 0
B56: TONER HP C531 CY CPT 2.8K | C56: C00275 | I56: 46221 | J56: 17 | K56: =(F56-(0)+0-(J56*Ventas!AE53*1)) -> 0 | M56: =(G56+0) -> 0 | O56: =(H56+0) -> 0 | Q56: =(K56+M56+O56) -> 0 | R56: 0 | S56: 0 | T56: 0 | U56: =IF(K56>0,K56+R56,R56) -> 0 | V56: =IF(M56>0,M56+S56,S56) -> 0 | W56: =IF(O56>0,O56+T56,T56) -> 0 | AC56: 46313 | AD56: 92 | AE56: =(IF(K56>0,K56+R56,R56)-(AD56*Ventas!AE53*1.0489)) -> 0 | AG56: =(G56+0) -> 0 | AI56: =(H56+0) -> 0 | AK56: =(AE56+AG56+AI56) -> 0 | AL56: =(((AF56*7)+(AH56*1)+(AJ56*0))/8) -> 0 | AM56: =(180*(Ventas!AE53*0.9644) - IF(AE56>0,AE56,0)) -> 0 | AN56: =IF(AM56>3,CEILING(AM56,5),0) -> 0 | AP56: =IF(AO56>3,CEILING(AO56,5),0) -> 0 | AQ56: =(AN56+AP56)*AB56 -> 0 | AR56: =_xlfn.XLOOKUP(C56,[1]Hoja2!$C$6:$C$24,[1]Hoja2!$D$6:$D$24,0,2,1) -> 0 | AS56: =IF(AE56>0,AE56+IF(AN56>0,AN56,0),AN56) -> 0 | AU56: =_xlfn.XLOOKUP(D56,[1]Hoja2!$E$6:$E$24,[1]Hoja2!$F$6:$F$24,0,2,1) -> 0 | AV56: 0 | AW56: 3011 | AX56: 0 | AZ56: =_xlfn.XLOOKUP(C56,[2]PI!$B$15:$B$99,[2]PI!$L$15:$L$99,0,2,1) -> 0 | BA56: =_xlfn.XLOOKUP(D56,[2]PI!$B$15:$B$99,[2]PI!$L$15:$L$99,0,2,1) -> 0 | BH56: =(IF(BB56>0,BB56,0)+IF(BD56>0,BD56,0)+IF(BF56>0,BF56,0)) -> 0 | BI56: =(((BC56*7)+(BE56*1)+(BG56*1))/8) -> 0 | BJ56: D | BK56: =AV56*AN56+AP56*AX56 -> 0 | BL56: =(AN56)*AZ56+AP56*BA56 -> 0
B57: TONER HP C532 YE CPT 2.8K | C57: C00276 | I57: 46221 | J57: 17 | K57: =(F57-(0)+0-(J57*Ventas!AE54*1)) -> 0 | M57: =(G57+0) -> 0 | O57: =(H57+0) -> 0 | Q57: =(K57+M57+O57) -> 0 | R57: 0 | S57: 0 | T57: 0 | U57: =IF(K57>0,K57+R57,R57) -> 0 | V57: =IF(M57>0,M57+S57,S57) -> 0 | W57: =IF(O57>0,O57+T57,T57) -> 0 | AC57: 46313 | AD57: 92 | AE57: =(IF(K57>0,K57+R57,R57)-(AD57*Ventas!AE54*1.0489)) -> 0 | AG57: =(G57+0) -> 0 | AI57: =(H57+0) -> 0 | AK57: =(AE57+AG57+AI57) -> 0 | AL57: =(((AF57*7)+(AH57*1)+(AJ57*0))/8) -> 0 | AM57: =(180*(Ventas!AE54*0.9644) - IF(AE57>0,AE57,0)) -> 0 | AN57: =IF(AM57>3,CEILING(AM57,5),0) -> 0 | AP57: =IF(AO57>3,CEILING(AO57,5),0) -> 0 | AQ57: =(AN57+AP57)*AB57 -> 0 | AR57: =_xlfn.XLOOKUP(C57,[1]Hoja2!$C$6:$C$24,[1]Hoja2!$D$6:$D$24,0,2,1) -> 0 | AS57: =IF(AE57>0,AE57+IF(AN57>0,AN57,0),AN57) -> 0 | AU57: =_xlfn.XLOOKUP(D57,[1]Hoja2!$E$6:$E$24,[1]Hoja2!$F$6:$F$24,0,2,1) -> 0 | AV57: 0 | AW57: 3011 | AX57: 0 | AZ57: =_xlfn.XLOOKUP(C57,[2]PI!$B$15:$B$99,[2]PI!$L$15:$L$99,0,2,1) -> 0 | BA57: =_xlfn.XLOOKUP(D57,[2]PI!$B$15:$B$99,[2]PI!$L$15:$L$99,0,2,1) -> 0 | BH57: =(IF(BB57>0,BB57,0)+IF(BD57>0,BD57,0)+IF(BF57>0,BF57,0)) -> 0 | BI57: =(((BC57*7)+(BE57*1)+(BG57*1))/8) -> 0 | BJ57: D | BK57: =AV57*AN57+AP57*AX57 -> 0 | BL57: =(AN57)*AZ57+AP57*BA57 -> 0
B58: TONER HP C533 MG CPT 2.8K | C58: C00277 | I58: 46221 | J58: 17 | K58: =(F58-(0)+0-(J58*Ventas!AE55*1)) -> 0 | M58: =(G58+0) -> 0 | O58: =(H58+0) -> 0 | Q58: =(K58+M58+O58) -> 0 | R58: 0 | S58: 0 | T58: 0 | U58: =IF(K58>0,K58+R58,R58) -> 0 | V58: =IF(M58>0,M58+S58,S58) -> 0 | W58: =IF(O58>0,O58+T58,T58) -> 0 | AC58: 46313 | AD58: 92 | AE58: =(IF(K58>0,K58+R58,R58)-(AD58*Ventas!AE55*1.0489)) -> 0 | AG58: =(G58+0) -> 0 | AI58: =(H58+0) -> 0 | AK58: =(AE58+AG58+AI58) -> 0 | AL58: =(((AF58*7)+(AH58*1)+(AJ58*0))/8) -> 0 | AM58: =(180*(Ventas!AE55*0.9644) - IF(AE58>0,AE58,0)) -> 0 | AN58: =IF(AM58>3,CEILING(AM58,5),0) -> 0 | AP58: =IF(AO58>3,CEILING(AO58,5),0) -> 0 | AQ58: =(AN58+AP58)*AB58 -> 0 | AR58: =_xlfn.XLOOKUP(C58,[1]Hoja2!$C$6:$C$24,[1]Hoja2!$D$6:$D$24,0,2,1) -> 0 | AS58: =IF(AE58>0,AE58+IF(AN58>0,AN58,0),AN58) -> 0 | AU58: =_xlfn.XLOOKUP(D58,[1]Hoja2!$E$6:$E$24,[1]Hoja2!$F$6:$F$24,0,2,1) -> 0 | AV58: 0 | AW58: 3011 | AX58: 0 | AZ58: =_xlfn.XLOOKUP(C58,[2]PI!$B$15:$B$99,[2]PI!$L$15:$L$99,0,2,1) -> 0 | BA58: =_xlfn.XLOOKUP(D58,[2]PI!$B$15:$B$99,[2]PI!$L$15:$L$99,0,2,1) -> 0 | BH58: =(IF(BB58>0,BB58,0)+IF(BD58>0,BD58,0)+IF(BF58>0,BF58,0)) -> 0 | BI58: =(((BC58*7)+(BE58*1)+(BG58*1))/8) -> 0 | BJ58: D | BK58: =AV58*AN58+AP58*AX58 -> 0 | BL58: =(AN58)*AZ58+AP58*BA58 -> 0
A59: 5350137120740 | B59: TONER HP CE310/CF350A BK CPT 1.3K | C59: C00278 | F59: 19 | I59: 46221 | J59: 17 | K59: =(F59-(0)+0-(J59*Ventas!AE56*1)) -> 18.1908 | L59: =(K59/(Ventas!AE56*1)/80) -> 4.7769958 | M59: =(G59+0) -> 0 | O59: =(H59+0) -> 0 | Q59: =(K59+M59+O59) -> 18.1908 | R59: 0 | S59: 0 | T59: 0 | U59: =IF(K59>0,K59+R59,R59) -> 18.1908 | V59: =IF(M59>0,M59+S59,S59) -> 0 | W59: =IF(O59>0,O59+T59,T59) -> 0 | AA59: 18 | AB59: 0.004333 | AC59: 46313 | AD59: 92 | AE59: =(IF(K59>0,K59+R59,R59)-(AD59*Ventas!AE56*1.0489)) -> 13.597457 | AF59: =(AE59/(Ventas!AE56*1.0489)/80) -> 3.404291 | AG59: =(G59+0) -> 0 | AI59: =(H59+0) -> 0 | AK59: =(AE59+AG59+AI59) -> 13.597457 | AL59: =(((AF59*7)+(AH59*1)+(AJ59*0))/8) -> 2.9787546 | AM59: =(180*(Ventas!AE56*0.9644) - IF(AE59>0,AE59,0)) -> -5.3344779 | AN59: =IF(AM59>3,CEILING(AM59,5),0) -> 0 | AP59: =IF(AO59>3,CEILING(AO59,5),0) -> 0 | AQ59: =(AN59+AP59)*AB59 -> 0 | AR59: =_xlfn.XLOOKUP(C59,[1]Hoja2!$C$6:$C$24,[1]Hoja2!$D$6:$D$24,0,2,1) -> 0 | AS59: =IF(AE59>0,AE59+IF(AN59>0,AN59,0),AN59) -> 13.597457 | AU59: =_xlfn.XLOOKUP(D59,[1]Hoja2!$E$6:$E$24,[1]Hoja2!$F$6:$F$24,0,2,1) -> 0 | AV59: 0 | AW59: 3016 | AX59: 0 | AZ59: =_xlfn.XLOOKUP(C59,[2]PI!$B$15:$B$99,[2]PI!$L$15:$L$99,0,2,1) -> 0 | BA59: =_xlfn.XLOOKUP(D59,[2]PI!$B$15:$B$99,[2]PI!$L$15:$L$99,0,2,1) -> 0 | BB59: =(AS59-(90*Ventas!AE56*0.9644)) -> 9.4659675 | BC59: =(BB59/(Ventas!AE56*0.9644)/80) -> 2.5775724 | BH59: =(IF(BB59>0,BB59,0)+IF(BD59>0,BD59,0)+IF(BF59>0,BF59,0)) -> 9.4659675 | BI59: =(((BC59*7)+(BE59*1)+(BG59*1))/8) -> 2.2553758 | BJ59: A | BK59: =AV59*AN59+AP59*AX59 -> 0 | BL59: =(AN59)*AZ59+AP59*BA59 -> 0
A60: 5350137120757 | B60: TONER HP CE311/CF351 CY CPT 1.0K | C60: C00279 | F60: 2 | I60: 46221 | J60: 17 | K60: =(F60-(0)+0-(J60*Ventas!AE57*1)) -> 1.0732571 | L60: =(K60/(Ventas!AE57*1)/80) -> 0.24609539 | M60: =(G60+0) -> 0 | O60: =(H60+0) -> 0 | Q60: =(K60+M60+O60) -> 1.0732571 | R60: 10 | S60: 0 | T60: 0 | U60: =IF(K60>0,K60+R60,R60) -> 11.073257 | V60: =IF(M60>0,M60+S60,S60) -> 0 | W60: =IF(O60>0,O60+T60,T60) -> 0 | X60: 2.2 | AA60: 18 | AB60: 0.004333 | AC60: 46313 | AD60: 92 | AE60: =(IF(K60>0,K60+R60,R60)-(AD60*Ventas!AE57*1.0489)) -> 5.812694 | AF60: =(AE60/(Ventas!AE57*1.0489)/80) -> 1.2707001 | AG60: =(G60+0) -> 0 | AI60: =(H60+0) -> 0 | AK60: =(AE60+AG60+AI60) -> 5.812694 | AL60: =(((AF60*7)+(AH60*1)+(AJ60*0))/8) -> 1.1118626 | AM60: =(180*(Ventas!AE57*0.9644) - IF(AE60>0,AE60,0)) -> 3.6505499 | AN60: 10 | AP60: =IF(AO60>3,CEILING(AO60,5),0) -> 0 | AQ60: =(AN60+AP60)*AB60 -> 0.04333 | AR60: =_xlfn.XLOOKUP(C60,[1]Hoja2!$C$6:$C$24,[1]Hoja2!$D$6:$D$24,0,2,1) -> 10 | AS60: =IF(AE60>0,AE60+IF(AN60>0,AN60,0),AN60) -> 15.812694 | AU60: =_xlfn.XLOOKUP(D60,[1]Hoja2!$E$6:$E$24,[1]Hoja2!$F$6:$F$24,0,2,1) -> 0 | AV60: 2.3 | AW60: 3016 | AX60: 0 | AZ60: =_xlfn.XLOOKUP(C60,[2]PI!$B$15:$B$99,[2]PI!$L$15:$L$99,0,2,1) -> 2.3 | BA60: =_xlfn.XLOOKUP(D60,[2]PI!$B$15:$B$99,[2]PI!$L$15:$L$99,0,2,1) -> 0 | BB60: =(AS60-(90*Ventas!AE57*0.9644)) -> 11.081072 | BC60: =(BB60/(Ventas!AE57*0.9644)/80) -> 2.6346581 | BH60: =(IF(BB60>0,BB60,0)+IF(BD60>0,BD60,0)+IF(BF60>0,BF60,0)) -> 11.081072 | BI60: =(((BC60*7)+(BE60*1)+(BG60*1))/8) -> 2.3053258 | BJ60: A | BK60: =AV60*AN60+AP60*AX60 -> 23 | BL60: =(AN60)*AZ60+AP60*BA60 -> 23
A61: 5350137120764 | B61: TONER HP CE312/CF352 YE CPT 1.0K | C61: C00280 | F61: 5 | I61: 46221 | J61: 17 | K61: =(F61-(0)+0-(J61*Ventas!AE58*1)) -> 4.5716 | L61: =(K61/(Ventas!AE58*1)/80) -> 2.2676587 | M61: =(G61+0) -> 0 | O61: =(H61+0) -> 0 | Q61: =(K61+M61+O61) -> 4.5716 | R61: 0 | S61: 0 | T61: 0 | U61: =IF(K61>0,K61+R61,R61) -> 4.5716 | V61: =IF(M61>0,M61+S61,S61) -> 0 | W61: =IF(O61>0,O61+T61,T61) -> 0 | AA61: 18 | AB61: 0.004333 | AC61: 46313 | AD61: 92 | AE61: =(IF(K61>0,K61+R61,R61)-(AD61*Ventas!AE58*1.0489)) -> 2.1398302 | AF61: =(AE61/(Ventas!AE58*1.0489)/80) -> 1.0119399 | AG61: =(G61+0) -> 0 | AI61: =(H61+0) -> 0 | AK61: =(AE61+AG61+AI61) -> 2.1398302 | AL61: =(((AF61*7)+(AH61*1)+(AJ61*0))/8) -> 0.88544739 | AM61: =(180*(Ventas!AE58*0.9644) - IF(AE61>0,AE61,0)) -> 2.2346882 | AN61: 10 | AP61: =IF(AO61>3,CEILING(AO61,5),0) -> 0 | AQ61: =(AN61+AP61)*AB61 -> 0.04333 | AR61: =_xlfn.XLOOKUP(C61,[1]Hoja2!$C$6:$C$24,[1]Hoja2!$D$6:$D$24,0,2,1) -> 10 | AS61: =IF(AE61>0,AE61+IF(AN61>0,AN61,0),AN61) -> 12.13983 | AU61: =_xlfn.XLOOKUP(D61,[1]Hoja2!$E$6:$E$24,[1]Hoja2!$F$6:$F$24,0,2,1) -> 0 | AV61: 2.3 | AW61: 3016 | AX61: 0 | AZ61: =_xlfn.XLOOKUP(C61,[2]PI!$B$15:$B$99,[2]PI!$L$15:$L$99,0,2,1) -> 2.3 | BA61: =_xlfn.XLOOKUP(D61,[2]PI!$B$15:$B$99,[2]PI!$L$15:$L$99,0,2,1) -> 0 | BB61: =(AS61-(90*Ventas!AE58*0.9644)) -> 9.952571 | BC61: =(BB61/(Ventas!AE58*0.9644)/80) -> 5.1190286 | BH61: =(IF(BB61>0,BB61,0)+IF(BD61>0,BD61,0)+IF(BF61>0,BF61,0)) -> 9.952571 | BI61: =(((BC61*7)+(BE61*1)+(BG61*1))/8) -> 4.47915 | BJ61: A | BK61: =AV61*AN61+AP61*AX61 -> 23 | BL61: =(AN61)*AZ61+AP61*BA61 -> 23
A62: 5350137120771 | B62: TONER HP CE313/CF353 MG CPT 1.0K | C62: C00281 | F62: 18 | I62: 46221 | J62: 17 | K62: =(F62-(0)+0-(J62*Ventas!AE59*1)) -> 17.132757 | L62: =(K62/(Ventas!AE59*1)/80) -> 4.1980293 | M62: =(G62+0) -> 0 | O62: =(H62+0) -> 0 | Q62: =(K62+M62+O62) -> 17.132757 | R62: 0 | S62: 0 | T62: 0 | U62: =IF(K62>0,K62+R62,R62) -> 17.132757 | V62: =IF(M62>0,M62+S62,S62) -> 0 | W62: =IF(O62>0,O62+T62,T62) -> 0 | AA62: 18 | AB62: 0.004333 | AC62: 46313 | AD62: 92 | AE62: =(IF(K62>0,K62+R62,R62)-(AD62*Ventas!AE59*1.0489)) -> 12.20994 | AF62: =(AE62/(Ventas!AE59*1.0489)/80) -> 2.852316 | AG62: =(G62+0) -> 0 | AI62: =(H62+0) -> 0 | AK62: =(AE62+AG62+AI62) -> 12.20994 | AL62: =(((AF62*7)+(AH62*1)+(AJ62*0))/8) -> 2.4957765 | AM62: =(180*(Ventas!AE59*0.9644) - IF(AE62>0,AE62,0)) -> -3.3542679 | AN62: =IF(AM62>3,CEILING(AM62,5),0) -> 0 | AP62: =IF(AO62>3,CEILING(AO62,5),0) -> 0 | AQ62: =(AN62+AP62)*AB62 -> 0 | AR62: =_xlfn.XLOOKUP(C62,[1]Hoja2!$C$6:$C$24,[1]Hoja2!$D$6:$D$24,0,2,1) -> 0 | AS62: =IF(AE62>0,AE62+IF(AN62>0,AN62,0),AN62) -> 12.20994 | AU62: =_xlfn.XLOOKUP(D62,[1]Hoja2!$E$6:$E$24,[1]Hoja2!$F$6:$F$24,0,2,1) -> 0 | AV62: 0 | AW62: 3016 | AX62: 0 | AZ62: =_xlfn.XLOOKUP(C62,[2]PI!$B$15:$B$99,[2]PI!$L$15:$L$99,0,2,1) -> 0 | BA62: =_xlfn.XLOOKUP(D62,[2]PI!$B$15:$B$99,[2]PI!$L$15:$L$99,0,2,1) -> 0 | BB62: =(AS62-(90*Ventas!AE59*0.9644)) -> 7.7821038 | BC62: =(BB62/(Ventas!AE59*0.9644)/80) -> 1.9772338 | BH62: =(IF(BB62>0,BB62,0)+IF(BD62>0,BD62,0)+IF(BF62>0,BF62,0)) -> 7.7821038 | BI62: =(((BC62*7)+(BE62*1)+(BG62*1))/8) -> 1.7300796 | BJ62: A | BK62: =AV62*AN62+AP62*AX62 -> 0 | BL62: =(AN62)*AZ62+AP62*BA62 -> 0
A63: 5350137120818 | B63: TONER LEXMARK E210 CPT 2.5K | C63: C00283 | F63: 6 | I63: 46221 | J63: 17 | K63: =(F63-(0)+0-(J63*Ventas!AE60*1)) -> 6 | M63: =(G63+0) -> 0 | O63: =(H63+0) -> 0 | Q63: =(K63+M63+O63) -> 6 | R63: 0 | S63: 0 | T63: 0 | U63: =IF(K63>0,K63+R63,R63) -> 6 | V63: =IF(M63>0,M63+S63,S63) -> 0 | W63: =IF(O63>0,O63+T63,T63) -> 0 | AA63: 12 | AB63: 0.008181 | AC63: 46313 | AD63: 92 | AE63: =(IF(K63>0,K63+R63,R63)-(AD63*Ventas!AE60*1.0489)) -> 6 | AG63: =(G63+0) -> 0 | AI63: =(H63+0) -> 0 | AK63: =(AE63+AG63+AI63) -> 6 | AL63: =(((AF63*7)+(AH63*1)+(AJ63*0))/8) -> 0 | AM63: =(180*(Ventas!AE60*0.9644) - IF(AE63>0,AE63,0)) -> -6 | AN63: =IF(AM63>3,CEILING(AM63,5),0) -> 0 | AP63: =IF(AO63>3,CEILING(AO63,5),0) -> 0 | AQ63: =(AN63+AP63)*AB63 -> 0 | AR63: =_xlfn.XLOOKUP(C63,[1]Hoja2!$C$6:$C$24,[1]Hoja2!$D$6:$D$24,0,2,1) -> 0 | AS63: =IF(AE63>0,AE63+IF(AN63>0,AN63,0),AN63) -> 6 | AU63: =_xlfn.XLOOKUP(D63,[1]Hoja2!$E$6:$E$24,[1]Hoja2!$F$6:$F$24,0,2,1) -> 0 | AV63: 0 | AW63: 3002 | AX63: 0 | AZ63: =_xlfn.XLOOKUP(C63,[2]PI!$B$15:$B$99,[2]PI!$L$15:$L$99,0,2,1) -> 0 | BA63: =_xlfn.XLOOKUP(D63,[2]PI!$B$15:$B$99,[2]PI!$L$15:$L$99,0,2,1) -> 0 | BH63: =(IF(BB63>0,BB63,0)+IF(BD63>0,BD63,0)+IF(BF63>0,BF63,0)) -> 0 | BI63: =(((BC63*7)+(BE63*1)+(BG63*1))/8) -> 0 | BJ63: A | BK63: =AV63*AN63+AP63*AX63 -> 0 | BL63: =(AN63)*AZ63+AP63*BA63 -> 0
A64: 5350137120825 | B64: TONER LEXMARK 2.5K E230/E232/E234/240/E330/E33 CPT | C64: C00284 | I64: 46221 | J64: 17 | K64: =(F64-(0)+0-(J64*Ventas!AE61*1)) -> 0 | M64: =(G64+0) -> 0 | O64: =(H64+0) -> 0 | Q64: =(K64+M64+O64) -> 0 | R64: 0 | S64: 0 | T64: 0 | U64: =IF(K64>0,K64+R64,R64) -> 0 | V64: =IF(M64>0,M64+S64,S64) -> 0 | W64: =IF(O64>0,O64+T64,T64) -> 0 | AA64: 12 | AB64: 0.008181 | AC64: 46313 | AD64: 92 | AE64: =(IF(K64>0,K64+R64,R64)-(AD64*Ventas!AE61*1.0489)) -> 0 | AG64: =(G64+0) -> 0 | AI64: =(H64+0) -> 0 | AK64: =(AE64+AG64+AI64) -> 0 | AL64: =(((AF64*7)+(AH64*1)+(AJ64*0))/8) -> 0 | AM64: =(180*(Ventas!AE61*0.9644) - IF(AE64>0,AE64,0)) -> 0 | AN64: =IF(AM64>3,CEILING(AM64,5),0) -> 0 | AP64: =IF(AO64>3,CEILING(AO64,5),0) -> 0 | AQ64: =(AN64+AP64)*AB64 -> 0 | AR64: =_xlfn.XLOOKUP(C64,[1]Hoja2!$C$6:$C$24,[1]Hoja2!$D$6:$D$24,0,2,1) -> 0 | AS64: =IF(AE64>0,AE64+IF(AN64>0,AN64,0),AN64) -> 0 | AU64: =_xlfn.XLOOKUP(D64,[1]Hoja2!$E$6:$E$24,[1]Hoja2!$F$6:$F$24,0,2,1) -> 0 | AV64: 0 | AW64: 2998 | AX64: 0 | AZ64: =_xlfn.XLOOKUP(C64,[2]PI!$B$15:$B$99,[2]PI!$L$15:$L$99,0,2,1) -> 0 | BA64: =_xlfn.XLOOKUP(D64,[2]PI!$B$15:$B$99,[2]PI!$L$15:$L$99,0,2,1) -> 0 | BH64: =(IF(BB64>0,BB64,0)+IF(BD64>0,BD64,0)+IF(BF64>0,BF64,0)) -> 0 | BI64: =(((BC64*7)+(BE64*1)+(BG64*1))/8) -> 0 | BJ64: A | BK64: =AV64*AN64+AP64*AX64 -> 0 | BL64: =(AN64)*AZ64+AP64*BA64 -> 0
A65: 5350137120832 | B65: TONER LEXMARK E250 CPT 3.5K | C65: C00285 | F65: 8 | I65: 46221 | J65: 17 | K65: =(F65-(0)+0-(J65*Ventas!AE62*1)) -> 8 | M65: =(G65+0) -> 0 | O65: =(H65+0) -> 0 | Q65: =(K65+M65+O65) -> 8 | R65: 0 | S65: 0 | T65: 0 | U65: =IF(K65>0,K65+R65,R65) -> 8 | V65: =IF(M65>0,M65+S65,S65) -> 0 | W65: =IF(O65>0,O65+T65,T65) -> 0 | AA65: 12 | AB65: 0.008181 | AC65: 46313 | AD65: 92 | AE65: =(IF(K65>0,K65+R65,R65)-(AD65*Ventas!AE62*1.0489)) -> 8 | AG65: =(G65+0) -> 0 | AI65: =(H65+0) -> 0 | AK65: =(AE65+AG65+AI65) -> 8 | AL65: =(((AF65*7)+(AH65*1)+(AJ65*0))/8) -> 0 | AM65: =(180*(Ventas!AE62*0.9644) - IF(AE65>0,AE65,0)) -> -8 | AN65: =IF(AM65>3,CEILING(AM65,5),0) -> 0 | AP65: =IF(AO65>3,CEILING(AO65,5),0) -> 0 | AQ65: =(AN65+AP65)*AB65 -> 0 | AR65: =_xlfn.XLOOKUP(C65,[1]Hoja2!$C$6:$C$24,[1]Hoja2!$D$6:$D$24,0,2,1) -> 0 | AS65: =IF(AE65>0,AE65+IF(AN65>0,AN65,0),AN65) -> 8 | AU65: =_xlfn.XLOOKUP(D65,[1]Hoja2!$E$6:$E$24,[1]Hoja2!$F$6:$F$24,0,2,1) -> 0 | AV65: 0 | AW65: 3016 | AX65: 0 | AZ65: =_xlfn.XLOOKUP(C65,[2]PI!$B$15:$B$99,[2]PI!$L$15:$L$99,0,2,1) -> 0 | BA65: =_xlfn.XLOOKUP(D65,[2]PI!$B$15:$B$99,[2]PI!$L$15:$L$99,0,2,1) -> 0 | BH65: =(IF(BB65>0,BB65,0)+IF(BD65>0,BD65,0)+IF(BF65>0,BF65,0)) -> 0 | BI65: =(((BC65*7)+(BE65*1)+(BG65*1))/8) -> 0 | BJ65: A | BK65: =AV65*AN65+AP65*AX65 -> 0 | BL65: =(AN65)*AZ65+AP65*BA65 -> 0
A66: 5360125120027 | B66: TONER OKIDATA 2500X CPT 4K | C66: C00286 | I66: 46221 | J66: 17 | K66: =(F66-(0)+0-(J66*Ventas!AE63*1)) -> 0 | M66: =(G66+0) -> 0 | O66: =(H66+0) -> 0 | Q66: =(K66+M66+O66) -> 0 | R66: 0 | S66: 0 | T66: 0 | U66: =IF(K66>0,K66+R66,R66) -> 0 | V66: =IF(M66>0,M66+S66,S66) -> 0 | W66: =IF(O66>0,O66+T66,T66) -> 0 | AA66: 10 | AB66: 0.01031 | AC66: 46313 | AD66: 92 | AE66: =(IF(K66>0,K66+R66,R66)-(AD66*Ventas!AE63*1.0489)) -> 0 | AG66: =(G66+0) -> 0 | AI66: =(H66+0) -> 0 | AK66: =(AE66+AG66+AI66) -> 0 | AL66: =(((AF66*7)+(AH66*1)+(AJ66*0))/8) -> 0 | AM66: =(180*(Ventas!AE63*0.9644) - IF(AE66>0,AE66,0)) -> 0 | AN66: =IF(AM66>3,CEILING(AM66,5),0) -> 0 | AP66: =IF(AO66>3,CEILING(AO66,5),0) -> 0 | AQ66: =(AN66+AP66)*AB66 -> 0 | AR66: =_xlfn.XLOOKUP(C66,[1]Hoja2!$C$6:$C$24,[1]Hoja2!$D$6:$D$24,0,2,1) -> 0 | AS66: =IF(AE66>0,AE66+IF(AN66>0,AN66,0),AN66) -> 0 | AU66: =_xlfn.XLOOKUP(D66,[1]Hoja2!$E$6:$E$24,[1]Hoja2!$F$6:$F$24,0,2,1) -> 0 | AV66: 0 | AX66: 0 | AZ66: =_xlfn.XLOOKUP(C66,[2]PI!$B$15:$B$99,[2]PI!$L$15:$L$99,0,2,1) -> 0 | BA66: =_xlfn.XLOOKUP(D66,[2]PI!$B$15:$B$99,[2]PI!$L$15:$L$99,0,2,1) -> 0 | BH66: =(IF(BB66>0,BB66,0)+IF(BD66>0,BD66,0)+IF(BF66>0,BF66,0)) -> 0 | BI66: =(((BC66*7)+(BE66*1)+(BG66*1))/8) -> 0 | BJ66: D | BK66: =AV66*AN66+AP66*AX66 -> 0 | BL66: =(AN66)*AZ66+AP66*BA66 -> 0
A67: 5358137120265 | B67: TONER SAMSUNG CLP-300 BK CPT 2K | C67: C00287 | I67: 46221 | J67: 17 | K67: =(F67-(0)+0-(J67*Ventas!AE64*1)) -> 0 | M67: =(G67+0) -> 0 | O67: =(H67+0) -> 0 | Q67: =(K67+M67+O67) -> 0 | R67: 0 | S67: 0 | T67: 0 | U67: =IF(K67>0,K67+R67,R67) -> 0 | V67: =IF(M67>0,M67+S67,S67) -> 0 | W67: =IF(O67>0,O67+T67,T67) -> 0 | AC67: 46313 | AD67: 92 | AE67: =(IF(K67>0,K67+R67,R67)-(AD67*Ventas!AE64*1.0489)) -> 0 | AG67: =(G67+0) -> 0 | AI67: =(H67+0) -> 0 | AK67: =(AE67+AG67+AI67) -> 0 | AL67: =(((AF67*7)+(AH67*1)+(AJ67*0))/8) -> 0 | AM67: =(180*(Ventas!AE64*0.9644) - IF(AE67>0,AE67,0)) -> 0 | AN67: =IF(AM67>3,CEILING(AM67,5),0) -> 0 | AP67: =IF(AO67>3,CEILING(AO67,5),0) -> 0 | AQ67: =(AN67+AP67)*AB67 -> 0 | AR67: =_xlfn.XLOOKUP(C67,[1]Hoja2!$C$6:$C$24,[1]Hoja2!$D$6:$D$24,0,2,1) -> 0 | AS67: =IF(AE67>0,AE67+IF(AN67>0,AN67,0),AN67) -> 0 | AU67: =_xlfn.XLOOKUP(D67,[1]Hoja2!$E$6:$E$24,[1]Hoja2!$F$6:$F$24,0,2,1) -> 0 | AV67: 0 | AW67: 3002 | AX67: 0 | AZ67: =_xlfn.XLOOKUP(C67,[2]PI!$B$15:$B$99,[2]PI!$L$15:$L$99,0,2,1) -> 0 | BA67: =_xlfn.XLOOKUP(D67,[2]PI!$B$15:$B$99,[2]PI!$L$15:$L$99,0,2,1) -> 0 | BH67: =(IF(BB67>0,BB67,0)+IF(BD67>0,BD67,0)+IF(BF67>0,BF67,0)) -> 0 | BI67: =(((BC67*7)+(BE67*1)+(BG67*1))/8) -> 0 | BJ67: A | BK67: =AV67*AN67+AP67*AX67 -> 0 | BL67: =(AN67)*AZ67+AP67*BA67 -> 0
A68: 5358137120203 | B68: TONER SAMSUNG CLP-300 CY CPT 1K | C68: C00288 | F68: 1 | I68: 46221 | J68: 17 | K68: =(F68-(0)+0-(J68*Ventas!AE65*1)) -> 1 | M68: =(G68+0) -> 0 | O68: =(H68+0) -> 0 | Q68: =(K68+M68+O68) -> 1 | R68: 0 | S68: 0 | T68: 0 | U68: =IF(K68>0,K68+R68,R68) -> 1 | V68: =IF(M68>0,M68+S68,S68) -> 0 | W68: =IF(O68>0,O68+T68,T68) -> 0 | AC68: 46313 | AD68: 92 | AE68: =(IF(K68>0,K68+R68,R68)-(AD68*Ventas!AE65*1.0489)) -> 1 | AG68: =(G68+0) -> 0 | AI68: =(H68+0) -> 0 | AK68: =(AE68+AG68+AI68) -> 1 | AL68: =(((AF68*7)+(AH68*1)+(AJ68*0))/8) -> 0 | AM68: =(180*(Ventas!AE65*0.9644) - IF(AE68>0,AE68,0)) -> -1 | AN68: =IF(AM68>3,CEILING(AM68,5),0) -> 0 | AP68: =IF(AO68>3,CEILING(AO68,5),0) -> 0 | AQ68: =(AN68+AP68)*AB68 -> 0 | AR68: =_xlfn.XLOOKUP(C68,[1]Hoja2!$C$6:$C$24,[1]Hoja2!$D$6:$D$24,0,2,1) -> 0 | AS68: =IF(AE68>0,AE68+IF(AN68>0,AN68,0),AN68) -> 1 | AU68: =_xlfn.XLOOKUP(D68,[1]Hoja2!$E$6:$E$24,[1]Hoja2!$F$6:$F$24,0,2,1) -> 0 | AV68: 0 | AW68: 3002 | AX68: 0 | AZ68: =_xlfn.XLOOKUP(C68,[2]PI!$B$15:$B$99,[2]PI!$L$15:$L$99,0,2,1) -> 0 | BA68: =_xlfn.XLOOKUP(D68,[2]PI!$B$15:$B$99,[2]PI!$L$15:$L$99,0,2,1) -> 0 | BH68: =(IF(BB68>0,BB68,0)+IF(BD68>0,BD68,0)+IF(BF68>0,BF68,0)) -> 0 | BI68: =(((BC68*7)+(BE68*1)+(BG68*1))/8) -> 0 | BJ68: A | BK68: =AV68*AN68+AP68*AX68 -> 0 | BL68: =(AN68)*AZ68+AP68*BA68 -> 0
A69: 5358137120210 | B69: TONER SAMSUNG CLP-300 MG CPT 1K | C69: C00289 | F69: 2 | I69: 46221 | J69: 17 | K69: =(F69-(0)+0-(J69*Ventas!AE66*1)) -> 2 | M69: =(G69+0) -> 0 | O69: =(H69+0) -> 0 | Q69: =(K69+M69+O69) -> 2 | R69: 0 | S69: 0 | T69: 0 | U69: =IF(K69>0,K69+R69,R69) -> 2 | V69: =IF(M69>0,M69+S69,S69) -> 0 | W69: =IF(O69>0,O69+T69,T69) -> 0 | AC69: 46313 | AD69: 92 | AE69: =(IF(K69>0,K69+R69,R69)-(AD69*Ventas!AE66*1.0489)) -> 2 | AG69: =(G69+0) -> 0 | AI69: =(H69+0) -> 0 | AK69: =(AE69+AG69+AI69) -> 2 | AL69: =(((AF69*7)+(AH69*1)+(AJ69*0))/8) -> 0 | AM69: =(180*(Ventas!AE66*0.9644) - IF(AE69>0,AE69,0)) -> -2 | AN69: =IF(AM69>3,CEILING(AM69,5),0) -> 0 | AP69: =IF(AO69>3,CEILING(AO69,5),0) -> 0 | AQ69: =(AN69+AP69)*AB69 -> 0 | AR69: =_xlfn.XLOOKUP(C69,[1]Hoja2!$C$6:$C$24,[1]Hoja2!$D$6:$D$24,0,2,1) -> 0 | AS69: =IF(AE69>0,AE69+IF(AN69>0,AN69,0),AN69) -> 2 | AU69: =_xlfn.XLOOKUP(D69,[1]Hoja2!$E$6:$E$24,[1]Hoja2!$F$6:$F$24,0,2,1) -> 0 | AV69: 0 | AW69: 3002 | AX69: 0 | AZ69: =_xlfn.XLOOKUP(C69,[2]PI!$B$15:$B$99,[2]PI!$L$15:$L$99,0,2,1) -> 0 | BA69: =_xlfn.XLOOKUP(D69,[2]PI!$B$15:$B$99,[2]PI!$L$15:$L$99,0,2,1) -> 0 | BH69: =(IF(BB69>0,BB69,0)+IF(BD69>0,BD69,0)+IF(BF69>0,BF69,0)) -> 0 | BI69: =(((BC69*7)+(BE69*1)+(BG69*1))/8) -> 0 | BJ69: D | BK69: =AV69*AN69+AP69*AX69 -> 0 | BL69: =(AN69)*AZ69+AP69*BA69 -> 0
A70: 5358137120227 | B70: TONER SAMSUNG CLP-300 YE CPT 1K | C70: C00290 | I70: 46221 | J70: 17 | K70: =(F70-(0)+0-(J70*Ventas!AE67*1)) -> 0 | M70: =(G70+0) -> 0 | O70: =(H70+0) -> 0 | Q70: =(K70+M70+O70) -> 0 | R70: 0 | S70: 0 | T70: 0 | U70: =IF(K70>0,K70+R70,R70) -> 0 | V70: =IF(M70>0,M70+S70,S70) -> 0 | W70: =IF(O70>0,O70+T70,T70) -> 0 | AC70: 46313 | AD70: 92 | AE70: =(IF(K70>0,K70+R70,R70)-(AD70*Ventas!AE67*1.0489)) -> 0 | AG70: =(G70+0) -> 0 | AI70: =(H70+0) -> 0 | AK70: =(AE70+AG70+AI70) -> 0 | AL70: =(((AF70*7)+(AH70*1)+(AJ70*0))/8) -> 0 | AM70: =(180*(Ventas!AE67*0.9644) - IF(AE70>0,AE70,0)) -> 0 | AN70: =IF(AM70>3,CEILING(AM70,5),0) -> 0 | AP70: =IF(AO70>3,CEILING(AO70,5),0) -> 0 | AQ70: =(AN70+AP70)*AB70 -> 0 | AR70: =_xlfn.XLOOKUP(C70,[1]Hoja2!$C$6:$C$24,[1]Hoja2!$D$6:$D$24,0,2,1) -> 0 | AS70: =IF(AE70>0,AE70+IF(AN70>0,AN70,0),AN70) -> 0 | AU70: =_xlfn.XLOOKUP(D70,[1]Hoja2!$E$6:$E$24,[1]Hoja2!$F$6:$F$24,0,2,1) -> 0 | AV70: 0 | AW70: 3002 | AX70: 0 | AZ70: =_xlfn.XLOOKUP(C70,[2]PI!$B$15:$B$99,[2]PI!$L$15:$L$99,0,2,1) -> 0 | BA70: =_xlfn.XLOOKUP(D70,[2]PI!$B$15:$B$99,[2]PI!$L$15:$L$99,0,2,1) -> 0 | BH70: =(IF(BB70>0,BB70,0)+IF(BD70>0,BD70,0)+IF(BF70>0,BF70,0)) -> 0 | BI70: =(((BC70*7)+(BE70*1)+(BG70*1))/8) -> 0 | BJ70: A | BK70: =AV70*AN70+AP70*AX70 -> 0 | BL70: =(AN70)*AZ70+AP70*BA70 -> 0
A71: 5350137121259 | B71: TONER XEROX 6125 BK CPT 2K | C71: C00295 | F71: 7 | I71: 46221 | J71: 17 | K71: =(F71-(0)+0-(J71*Ventas!AE68*1)) -> 7 | M71: =(G71+0) -> 0 | O71: =(H71+0) -> 0 | Q71: =(K71+M71+O71) -> 7 | R71: 0 | S71: 0 | T71: 0 | U71: =IF(K71>0,K71+R71,R71) -> 7 | V71: =IF(M71>0,M71+S71,S71) -> 0 | W71: =IF(O71>0,O71+T71,T71) -> 0 | AA71: 66 | AB71: 0.00104 | AC71: 46313 | AD71: 92 | AE71: =(IF(K71>0,K71+R71,R71)-(AD71*Ventas!AE68*1.0489)) -> 7 | AG71: =(G71+0) -> 0 | AI71: =(H71+0) -> 0 | AK71: =(AE71+AG71+AI71) -> 7 | AL71: =(((AF71*7)+(AH71*1)+(AJ71*0))/8) -> 0 | AM71: =(180*(Ventas!AE68*0.9644) - IF(AE71>0,AE71,0)) -> -7 | AN71: =IF(AM71>3,CEILING(AM71,5),0) -> 0 | AP71: =IF(AO71>3,CEILING(AO71,5),0) -> 0 | AQ71: =(AN71+AP71)*AB71 -> 0 | AR71: =_xlfn.XLOOKUP(C71,[1]Hoja2!$C$6:$C$24,[1]Hoja2!$D$6:$D$24,0,2,1) -> 0 | AS71: =IF(AE71>0,AE71+IF(AN71>0,AN71,0),AN71) -> 7 | AU71: =_xlfn.XLOOKUP(D71,[1]Hoja2!$E$6:$E$24,[1]Hoja2!$F$6:$F$24,0,2,1) -> 0 | AV71: 0 | AW71: 3013 | AX71: 0 | AZ71: =_xlfn.XLOOKUP(C71,[2]PI!$B$15:$B$99,[2]PI!$L$15:$L$99,0,2,1) -> 0 | BA71: =_xlfn.XLOOKUP(D71,[2]PI!$B$15:$B$99,[2]PI!$L$15:$L$99,0,2,1) -> 0 | BH71: =(IF(BB71>0,BB71,0)+IF(BD71>0,BD71,0)+IF(BF71>0,BF71,0)) -> 0 | BI71: =(((BC71*7)+(BE71*1)+(BG71*1))/8) -> 0 | BJ71: D | BK71: =AV71*AN71+AP71*AX71 -> 0 | BL71: =(AN71)*AZ71+AP71*BA71 -> 0
A72: 5350137121266 | B72: TONER XEROX 6125 CY CPT 1K | C72: C00296 | F72: 1 | I72: 46221 | J72: 17 | K72: =(F72-(0)+0-(J72*Ventas!AE69*1)) -> 1 | M72: =(G72+0) -> 0 | O72: =(H72+0) -> 0 | Q72: =(K72+M72+O72) -> 1 | R72: 0 | S72: 0 | T72: 0 | U72: =IF(K72>0,K72+R72,R72) -> 1 | V72: =IF(M72>0,M72+S72,S72) -> 0 | W72: =IF(O72>0,O72+T72,T72) -> 0 | AA72: 66 | AB72: 0.00104 | AC72: 46313 | AD72: 92 | AE72: =(IF(K72>0,K72+R72,R72)-(AD72*Ventas!AE69*1.0489)) -> 1 | AG72: =(G72+0) -> 0 | AI72: =(H72+0) -> 0 | AK72: =(AE72+AG72+AI72) -> 1 | AL72: =(((AF72*7)+(AH72*1)+(AJ72*0))/8) -> 0 | AM72: =(180*(Ventas!AE69*0.9644) - IF(AE72>0,AE72,0)) -> -1 | AN72: =IF(AM72>3,CEILING(AM72,5),0) -> 0 | AP72: =IF(AO72>3,CEILING(AO72,5),0) -> 0 | AQ72: =(AN72+AP72)*AB72 -> 0 | AR72: =_xlfn.XLOOKUP(C72,[1]Hoja2!$C$6:$C$24,[1]Hoja2!$D$6:$D$24,0,2,1) -> 0 | AS72: =IF(AE72>0,AE72+IF(AN72>0,AN72,0),AN72) -> 1 | AU72: =_xlfn.XLOOKUP(D72,[1]Hoja2!$E$6:$E$24,[1]Hoja2!$F$6:$F$24,0,2,1) -> 0 | AV72: 0 | AW72: 3002 | AX72: 0 | AZ72: =_xlfn.XLOOKUP(C72,[2]PI!$B$15:$B$99,[2]PI!$L$15:$L$99,0,2,1) -> 0 | BA72: =_xlfn.XLOOKUP(D72,[2]PI!$B$15:$B$99,[2]PI!$L$15:$L$99,0,2,1) -> 0 | BH72: =(IF(BB72>0,BB72,0)+IF(BD72>0,BD72,0)+IF(BF72>0,BF72,0)) -> 0 | BI72: =(((BC72*7)+(BE72*1)+(BG72*1))/8) -> 0 | BJ72: A | BK72: =AV72*AN72+AP72*AX72 -> 0 | BL72: =(AN72)*AZ72+AP72*BA72 -> 0
A73: 5350137121273 | B73: TONER XEROX 6125 MG CPT 1K | C73: C00297 | I73: 46221 | J73: 17 | K73: =(F73-(0)+0-(J73*Ventas!AE70*1)) -> 0 | M73: =(G73+0) -> 0 | O73: =(H73+0) -> 0 | Q73: =(K73+M73+O73) -> 0 | R73: 0 | S73: 0 | T73: 0 | U73: =IF(K73>0,K73+R73,R73) -> 0 | V73: =IF(M73>0,M73+S73,S73) -> 0 | W73: =IF(O73>0,O73+T73,T73) -> 0 | AA73: 66 | AB73: 0.00104 | AC73: 46313 | AD73: 92 | AE73: =(IF(K73>0,K73+R73,R73)-(AD73*Ventas!AE70*1.0489)) -> 0 | AG73: =(G73+0) -> 0 | AI73: =(H73+0) -> 0 | AK73: =(AE73+AG73+AI73) -> 0 | AL73: =(((AF73*7)+(AH73*1)+(AJ73*0))/8) -> 0 | AM73: =(180*(Ventas!AE70*0.9644) - IF(AE73>0,AE73,0)) -> 0 | AN73: =IF(AM73>3,CEILING(AM73,5),0) -> 0 | AP73: =IF(AO73>3,CEILING(AO73,5),0) -> 0 | AQ73: =(AN73+AP73)*AB73 -> 0 | AR73: =_xlfn.XLOOKUP(C73,[1]Hoja2!$C$6:$C$24,[1]Hoja2!$D$6:$D$24,0,2,1) -> 0 | AS73: =IF(AE73>0,AE73+IF(AN73>0,AN73,0),AN73) -> 0 | AU73: =_xlfn.XLOOKUP(D73,[1]Hoja2!$E$6:$E$24,[1]Hoja2!$F$6:$F$24,0,2,1) -> 0 | AV73: 0 | AW73: 3002 | AX73: 0 | AZ73: =_xlfn.XLOOKUP(C73,[2]PI!$B$15:$B$99,[2]PI!$L$15:$L$99,0,2,1) -> 0 | BA73: =_xlfn.XLOOKUP(D73,[2]PI!$B$15:$B$99,[2]PI!$L$15:$L$99,0,2,1) -> 0 | BH73: =(IF(BB73>0,BB73,0)+IF(BD73>0,BD73,0)+IF(BF73>0,BF73,0)) -> 0 | BI73: =(((BC73*7)+(BE73*1)+(BG73*1))/8) -> 0 | BJ73: A | BK73: =AV73*AN73+AP73*AX73 -> 0 | BL73: =(AN73)*AZ73+AP73*BA73 -> 0
A74: 5350137121280 | B74: TONER XEROX 6125 YE CPT 1K | C74: C00298 | F74: 3 | I74: 46221 | J74: 17 | K74: =(F74-(0)+0-(J74*Ventas!AE71*1)) -> 3 | M74: =(G74+0) -> 0 | O74: =(H74+0) -> 0 | Q74: =(K74+M74+O74) -> 3 | R74: 0 | S74: 0 | T74: 0 | U74: =IF(K74>0,K74+R74,R74) -> 3 | V74: =IF(M74>0,M74+S74,S74) -> 0 | W74: =IF(O74>0,O74+T74,T74) -> 0 | AA74: 66 | AB74: 0.00104 | AC74: 46313 | AD74: 92 | AE74: =(IF(K74>0,K74+R74,R74)-(AD74*Ventas!AE71*1.0489)) -> 3 | AG74: =(G74+0) -> 0 | AI74: =(H74+0) -> 0 | AK74: =(AE74+AG74+AI74) -> 3 | AL74: =(((AF74*7)+(AH74*1)+(AJ74*0))/8) -> 0 | AM74: =(180*(Ventas!AE71*0.9644) - IF(AE74>0,AE74,0)) -> -3 | AN74: =IF(AM74>3,CEILING(AM74,5),0) -> 0 | AP74: =IF(AO74>3,CEILING(AO74,5),0) -> 0 | AQ74: =(AN74+AP74)*AB74 -> 0 | AR74: =_xlfn.XLOOKUP(C74,[1]Hoja2!$C$6:$C$24,[1]Hoja2!$D$6:$D$24,0,2,1) -> 0 | AS74: =IF(AE74>0,AE74+IF(AN74>0,AN74,0),AN74) -> 3 | AU74: =_xlfn.XLOOKUP(D74,[1]Hoja2!$E$6:$E$24,[1]Hoja2!$F$6:$F$24,0,2,1) -> 0 | AV74: 0 | AW74: 3002 | AX74: 0 | AZ74: =_xlfn.XLOOKUP(C74,[2]PI!$B$15:$B$99,[2]PI!$L$15:$L$99,0,2,1) -> 0 | BA74: =_xlfn.XLOOKUP(D74,[2]PI!$B$15:$B$99,[2]PI!$L$15:$L$99,0,2,1) -> 0 | BH74: =(IF(BB74>0,BB74,0)+IF(BD74>0,BD74,0)+IF(BF74>0,BF74,0)) -> 0 | BI74: =(((BC74*7)+(BE74*1)+(BG74*1))/8) -> 0 | BJ74: A | BK74: =AV74*AN74+AP74*AX74 -> 0 | BL74: =(AN74)*AZ74+AP74*BA74 -> 0
A75: 5350137121297 | B75: TONER XEROX 6130 BK CPT 2.5K | C75: C00299 | F75: 8 | I75: 46221 | J75: 17 | K75: =(F75-(0)+0-(J75*Ventas!AE72*1)) -> 8 | M75: =(G75+0) -> 0 | O75: =(H75+0) -> 0 | Q75: =(K75+M75+O75) -> 8 | R75: 0 | S75: 0 | T75: 0 | U75: =IF(K75>0,K75+R75,R75) -> 8 | V75: =IF(M75>0,M75+S75,S75) -> 0 | W75: =IF(O75>0,O75+T75,T75) -> 0 | AA75: 66 | AB75: 0.00104 | AC75: 46313 | AD75: 92 | AE75: =(IF(K75>0,K75+R75,R75)-(AD75*Ventas!AE72*1.0489)) -> 8 | AG75: =(G75+0) -> 0 | AI75: =(H75+0) -> 0 | AK75: =(AE75+AG75+AI75) -> 8 | AL75: =(((AF75*7)+(AH75*1)+(AJ75*0))/8) -> 0 | AM75: =(180*(Ventas!AE72*0.9644) - IF(AE75>0,AE75,0)) -> -8 | AN75: =IF(AM75>3,CEILING(AM75,5),0) -> 0 | AP75: =IF(AO75>3,CEILING(AO75,5),0) -> 0 | AQ75: =(AN75+AP75)*AB75 -> 0 | AR75: =_xlfn.XLOOKUP(C75,[1]Hoja2!$C$6:$C$24,[1]Hoja2!$D$6:$D$24,0,2,1) -> 0 | AS75: =IF(AE75>0,AE75+IF(AN75>0,AN75,0),AN75) -> 8 | AU75: =_xlfn.XLOOKUP(D75,[1]Hoja2!$E$6:$E$24,[1]Hoja2!$F$6:$F$24,0,2,1) -> 0 | AV75: 0 | AW75: 3002 | AX75: 0 | AZ75: =_xlfn.XLOOKUP(C75,[2]PI!$B$15:$B$99,[2]PI!$L$15:$L$99,0,2,1) -> 0 | BA75: =_xlfn.XLOOKUP(D75,[2]PI!$B$15:$B$99,[2]PI!$L$15:$L$99,0,2,1) -> 0 | BH75: =(IF(BB75>0,BB75,0)+IF(BD75>0,BD75,0)+IF(BF75>0,BF75,0)) -> 0 | BI75: =(((BC75*7)+(BE75*1)+(BG75*1))/8) -> 0 | BJ75: A | BK75: =AV75*AN75+AP75*AX75 -> 0 | BL75: =(AN75)*AZ75+AP75*BA75 -> 0
A76: 5350137121303 | B76: TONER XEROX 6130 CY CPT 1.9K | C76: C00300 | F76: 3 | I76: 46221 | J76: 17 | K76: =(F76-(0)+0-(J76*Ventas!AE73*1)) -> 3 | M76: =(G76+0) -> 0 | O76: =(H76+0) -> 0 | Q76: =(K76+M76+O76) -> 3 | R76: 0 | S76: 0 | T76: 0 | U76: =IF(K76>0,K76+R76,R76) -> 3 | V76: =IF(M76>0,M76+S76,S76) -> 0 | W76: =IF(O76>0,O76+T76,T76) -> 0 | AA76: 66 | AB76: 0.00104 | AC76: 46313 | AD76: 92 | AE76: =(IF(K76>0,K76+R76,R76)-(AD76*Ventas!AE73*1.0489)) -> 3 | AG76: =(G76+0) -> 0 | AI76: =(H76+0) -> 0 | AK76: =(AE76+AG76+AI76) -> 3 | AL76: =(((AF76*7)+(AH76*1)+(AJ76*0))/8) -> 0 | AM76: =(180*(Ventas!AE73*0.9644) - IF(AE76>0,AE76,0)) -> -3 | AN76: =IF(AM76>3,CEILING(AM76,5),0) -> 0 | AP76: =IF(AO76>3,CEILING(AO76,5),0) -> 0 | AQ76: =(AN76+AP76)*AB76 -> 0 | AR76: =_xlfn.XLOOKUP(C76,[1]Hoja2!$C$6:$C$24,[1]Hoja2!$D$6:$D$24,0,2,1) -> 0 | AS76: =IF(AE76>0,AE76+IF(AN76>0,AN76,0),AN76) -> 3 | AU76: =_xlfn.XLOOKUP(D76,[1]Hoja2!$E$6:$E$24,[1]Hoja2!$F$6:$F$24,0,2,1) -> 0 | AV76: 0 | AW76: 3002 | AX76: 0 | AZ76: =_xlfn.XLOOKUP(C76,[2]PI!$B$15:$B$99,[2]PI!$L$15:$L$99,0,2,1) -> 0 | BA76: =_xlfn.XLOOKUP(D76,[2]PI!$B$15:$B$99,[2]PI!$L$15:$L$99,0,2,1) -> 0 | BH76: =(IF(BB76>0,BB76,0)+IF(BD76>0,BD76,0)+IF(BF76>0,BF76,0)) -> 0 | BI76: =(((BC76*7)+(BE76*1)+(BG76*1))/8) -> 0 | BJ76: A | BK76: =AV76*AN76+AP76*AX76 -> 0 | BL76: =(AN76)*AZ76+AP76*BA76 -> 0
A77: 5350137121310 | B77: TONER XEROX 6130 MG CPT 1.9K | C77: C00301 | I77: 46221 | J77: 17 | K77: =(F77-(0)+0-(J77*Ventas!AE74*1)) -> 0 | M77: =(G77+0) -> 0 | O77: =(H77+0) -> 0 | Q77: =(K77+M77+O77) -> 0 | R77: 0 | S77: 0 | T77: 0 | U77: =IF(K77>0,K77+R77,R77) -> 0 | V77: =IF(M77>0,M77+S77,S77) -> 0 | W77: =IF(O77>0,O77+T77,T77) -> 0 | AA77: 66 | AB77: 0.00104 | AC77: 46313 | AD77: 92 | AE77: =(IF(K77>0,K77+R77,R77)-(AD77*Ventas!AE74*1.0489)) -> 0 | AG77: =(G77+0) -> 0 | AI77: =(H77+0) -> 0 | AK77: =(AE77+AG77+AI77) -> 0 | AL77: =(((AF77*7)+(AH77*1)+(AJ77*0))/8) -> 0 | AM77: =(180*(Ventas!AE74*0.9644) - IF(AE77>0,AE77,0)) -> 0 | AN77: =IF(AM77>3,CEILING(AM77,5),0) -> 0 | AP77: =IF(AO77>3,CEILING(AO77,5),0) -> 0 | AQ77: =(AN77+AP77)*AB77 -> 0 | AR77: =_xlfn.XLOOKUP(C77,[1]Hoja2!$C$6:$C$24,[1]Hoja2!$D$6:$D$24,0,2,1) -> 0 | AS77: =IF(AE77>0,AE77+IF(AN77>0,AN77,0),AN77) -> 0 | AU77: =_xlfn.XLOOKUP(D77,[1]Hoja2!$E$6:$E$24,[1]Hoja2!$F$6:$F$24,0,2,1) -> 0 | AV77: 0 | AW77: 3002 | AX77: 0 | AZ77: =_xlfn.XLOOKUP(C77,[2]PI!$B$15:$B$99,[2]PI!$L$15:$L$99,0,2,1) -> 0 | BA77: =_xlfn.XLOOKUP(D77,[2]PI!$B$15:$B$99,[2]PI!$L$15:$L$99,0,2,1) -> 0 | BH77: =(IF(BB77>0,BB77,0)+IF(BD77>0,BD77,0)+IF(BF77>0,BF77,0)) -> 0 | BI77: =(((BC77*7)+(BE77*1)+(BG77*1))/8) -> 0 | BJ77: A | BK77: =AV77*AN77+AP77*AX77 -> 0 | BL77: =(AN77)*AZ77+AP77*BA77 -> 0
A78: 5350137121327 | B78: TONER XEROX 6130 YE CPT 1.9K | C78: C00302 | I78: 46221 | J78: 17 | K78: =(F78-(0)+0-(J78*Ventas!AE75*1)) -> 0 | M78: =(G78+0) -> 0 | O78: =(H78+0) -> 0 | Q78: =(K78+M78+O78) -> 0 | R78: 0 | S78: 0 | T78: 0 | U78: =IF(K78>0,K78+R78,R78) -> 0 | V78: =IF(M78>0,M78+S78,S78) -> 0 | W78: =IF(O78>0,O78+T78,T78) -> 0 | AA78: 66 | AB78: 0.00104 | AC78: 46313 | AD78: 92 | AE78: =(IF(K78>0,K78+R78,R78)-(AD78*Ventas!AE75*1.0489)) -> 0 | AG78: =(G78+0) -> 0 | AI78: =(H78+0) -> 0 | AK78: =(AE78+AG78+AI78) -> 0 | AL78: =(((AF78*7)+(AH78*1)+(AJ78*0))/8) -> 0 | AM78: =(180*(Ventas!AE75*0.9644) - IF(AE78>0,AE78,0)) -> 0 | AN78: =IF(AM78>3,CEILING(AM78,5),0) -> 0 | AP78: =IF(AO78>3,CEILING(AO78,5),0) -> 0 | AQ78: =(AN78+AP78)*AB78 -> 0 | AR78: =_xlfn.XLOOKUP(C78,[1]Hoja2!$C$6:$C$24,[1]Hoja2!$D$6:$D$24,0,2,1) -> 0 | AS78: =IF(AE78>0,AE78+IF(AN78>0,AN78,0),AN78) -> 0 | AU78: =_xlfn.XLOOKUP(D78,[1]Hoja2!$E$6:$E$24,[1]Hoja2!$F$6:$F$24,0,2,1) -> 0 | AV78: 0 | AW78: 3002 | AX78: 0 | AZ78: =_xlfn.XLOOKUP(C78,[2]PI!$B$15:$B$99,[2]PI!$L$15:$L$99,0,2,1) -> 0 | BA78: =_xlfn.XLOOKUP(D78,[2]PI!$B$15:$B$99,[2]PI!$L$15:$L$99,0,2,1) -> 0 | BH78: =(IF(BB78>0,BB78,0)+IF(BD78>0,BD78,0)+IF(BF78>0,BF78,0)) -> 0 | BI78: =(((BC78*7)+(BE78*1)+(BG78*1))/8) -> 0 | BJ78: A | BK78: =AV78*AN78+AP78*AX78 -> 0 | BL78: =(AN78)*AZ78+AP78*BA78 -> 0
A79: 5350137121013 | B79: TONER SAMSUNG MLT-D103L 2.5k CPT | C79: C00303 | D79: E00303 | F79: 84 | I79: 46221 | J79: 17 | K79: =(F79-(0)+0-(J79*Ventas!AE76*1)) -> 77.714371 | L79: =(K79/(Ventas!AE76*1)/80) -> 2.6273115 | M79: =(G79-(0)+0-(J79*Ventas!AE507*1)) -> 0 | O79: =(H79+0) -> 0 | Q79: =(K79+M79+O79) -> 77.714371 | R79: 0 | S79: 0 | T79: 0 | U79: =IF(K79>0,K79+R79,R79) -> 77.714371 | V79: =IF(M79>0,M79+S79,S79) -> 0 | W79: =IF(O79>0,O79+T79,T79) -> 0 | AA79: 12 | AB79: 0.006657 | AC79: 46313 | AD79: 92 | AE79: =(IF(K79>0,K79+R79,R79)-(AD79*Ventas!AE76*1.0489)) -> 42.034629 | AF79: =(AE79/(Ventas!AE76*1.0489)/80) -> 1.3548255 | AG79: =(IF(M79>0,M79+S79,S79)-(AD79*Ventas!AE507*1.0489)) -> 0 | AI79: =(H79+0) -> 0 | AK79: =(AE79+AG79+AI79) -> 42.034629 | AL79: =(((AF79*7)+(AH79*1)+(AJ79*0))/8) -> 1.1854723 | AM79: =(180*(Ventas!AE76*0.9644) - IF(AE79>0,AE79,0)) -> 22.149773 | AN79: 20 | AO79: =(180*(Ventas!AE507*0.9644) - IF(AG79>0,AG79,0)) -> 0 | AP79: =IF(AO79>3,CEILING(AO79,5),0) -> 0 | AQ79: =(AN79+AP79)*AB79 -> 0.13314 | AR79: =_xlfn.XLOOKUP(C79,[1]Hoja2!$C$6:$C$24,[1]Hoja2!$D$6:$D$24,0,2,1) -> 25 | AS79: =IF(AE79>0,AE79+IF(AN79>0,AN79,0),AN79) -> 62.034629 | AT79: =IF(AG79>0,AG79+IF(AP79>0,AP79,0),AP79) -> 0 | AU79: =_xlfn.XLOOKUP(D79,[1]Hoja2!$E$6:$E$24,[1]Hoja2!$F$6:$F$24,0,2,1) -> 0 | AV79: 4.45 | AW79: 3016 | AX79: 0 | AZ79: =_xlfn.XLOOKUP(C79,[2]PI!$B$15:$B$99,[2]PI!$L$15:$L$99,0,2,1) -> 4.45 | BA79: =_xlfn.XLOOKUP(D79,[2]PI!$B$15:$B$99,[2]PI!$L$15:$L$99,0,2,1) -> 0 | BB79: =(AS79-(90*Ventas!AE76*0.9644)) -> 29.942428 | BC79: =(BB79/(Ventas!AE76*0.9644)/80) -> 1.0496392 | BH79: =(IF(BB79>0,BB79,0)+IF(BD79>0,BD79,0)+IF(BF79>0,BF79,0)) -> 29.942428 | BI79: =(((BC79*7)+(BE79*1)+(BG79*1))/8) -> 0.91843429 | BJ79: A | BK79: =AV79*AN79+AP79*AX79 -> 89 | BL79: =(AN79)*AZ79+AP79*BA79 -> 89
A80: 5358137120234 | B80: TONER SAMSUNG MLT-109L/SCX4300 CPT 2K | C80: C00305 | F80: 7 | I80: 46221 | J80: 17 | K80: =(F80-(0)+0-(J80*Ventas!AE77*1)) -> 6.7870143 | L80: =(K80/(Ventas!AE77*1)/80) -> 6.7715365 | M80: =(G80+0) -> 0 | O80: =(H80+0) -> 0 | Q80: =(K80+M80+O80) -> 6.7870143 | R80: 0 | S80: 0 | T80: 0 | U80: =IF(K80>0,K80+R80,R80) -> 6.7870143 | V80: =IF(M80>0,M80+S80,S80) -> 0 | W80: =IF(O80>0,O80+T80,T80) -> 0 | AA80: 12 | AB80: 0.006657 | AC80: 46313 | AD80: 92 | AE80: =(IF(K80>0,K80+R80,R80)-(AD80*Ventas!AE77*1.0489)) -> 5.5780222 | AF80: =(AE80/(Ventas!AE77*1.0489)/80) -> 5.3058456 | AG80: =(G80+0) -> 0 | AI80: =(H80+0) -> 0 | AK80: =(AE80+AG80+AI80) -> 5.5780222 | AL80: =(((AF80*7)+(AH80*1)+(AJ80*0))/8) -> 4.6426149 | AM80: =(180*(Ventas!AE77*0.9644) - IF(AE80>0,AE80,0)) -> -3.4031624 | AN80: =IF(AM80>3,CEILING(AM80,5),0) -> 0 | AP80: =IF(AO80>3,CEILING(AO80,5),0) -> 0 | AQ80: =(AN80+AP80)*AB80 -> 0 | AR80: =_xlfn.XLOOKUP(C80,[1]Hoja2!$C$6:$C$24,[1]Hoja2!$D$6:$D$24,0,2,1) -> 0 | AS80: =IF(AE80>0,AE80+IF(AN80>0,AN80,0),AN80) -> 5.5780222 | AU80: =_xlfn.XLOOKUP(D80,[1]Hoja2!$E$6:$E$24,[1]Hoja2!$F$6:$F$24,0,2,1) -> 0 | AV80: 0 | AW80: 3022 | AX80: 0 | AZ80: =_xlfn.XLOOKUP(C80,[2]PI!$B$15:$B$99,[2]PI!$L$15:$L$99,0,2,1) -> 0 | BA80: =_xlfn.XLOOKUP(D80,[2]PI!$B$15:$B$99,[2]PI!$L$15:$L$99,0,2,1) -> 0 | BB80: =(AS80-(90*Ventas!AE77*0.9644)) -> 4.4905923 | BC80: =(BB80/(Ventas!AE77*0.9644)/80) -> 4.6457398 | BH80: =(IF(BB80>0,BB80,0)+IF(BD80>0,BD80,0)+IF(BF80>0,BF80,0)) -> 4.4905923 | BI80: =(((BC80*7)+(BE80*1)+(BG80*1))/8) -> 4.0650223 | BJ80: D | BK80: =AV80*AN80+AP80*AX80 -> 0 | BL80: =(AN80)*AZ80+AP80*BA80 -> 0
B81: TAMBOR BROTHER HL-2030/2035/2040 CPT | C81: C00307 | I81: 46221 | J81: 17 | K81: =(F81-(0)+0-(J81*Ventas!AE78*1)) -> 0 | M81: =(G81+0) -> 0 | O81: =(H81+0) -> 0 | Q81: =(K81+M81+O81) -> 0 | R81: 0 | S81: 0 | T81: 0 | U81: =IF(K81>0,K81+R81,R81) -> 0 | V81: =IF(M81>0,M81+S81,S81) -> 0 | W81: =IF(O81>0,O81+T81,T81) -> 0 | AC81: 46313 | AD81: 92 | AE81: =(IF(K81>0,K81+R81,R81)-(AD81*Ventas!AE78*1.0489)) -> 0 | AG81: =(G81+0) -> 0 | AI81: =(H81+0) -> 0 | AK81: =(AE81+AG81+AI81) -> 0 | AL81: =(((AF81*7)+(AH81*1)+(AJ81*0))/8) -> 0 | AM81: =(180*(Ventas!AE78*0.9644) - IF(AE81>0,AE81,0)) -> 0 | AN81: =IF(AM81>3,CEILING(AM81,5),0) -> 0 | AP81: =IF(AO81>3,CEILING(AO81,5),0) -> 0 | AQ81: =(AN81+AP81)*AB81 -> 0 | AR81: =_xlfn.XLOOKUP(C81,[1]Hoja2!$C$6:$C$24,[1]Hoja2!$D$6:$D$24,0,2,1) -> 0 | AS81: =IF(AE81>0,AE81+IF(AN81>0,AN81,0),AN81) -> 0 | AU81: =_xlfn.XLOOKUP(D81,[1]Hoja2!$E$6:$E$24,[1]Hoja2!$F$6:$F$24,0,2,1) -> 0 | AV81: 0 | AX81: 0 | AZ81: =_xlfn.XLOOKUP(C81,[2]PI!$B$15:$B$99,[2]PI!$L$15:$L$99,0,2,1) -> 0 | BA81: =_xlfn.XLOOKUP(D81,[2]PI!$B$15:$B$99,[2]PI!$L$15:$L$99,0,2,1) -> 0 | BH81: =(IF(BB81>0,BB81,0)+IF(BD81>0,BD81,0)+IF(BF81>0,BF81,0)) -> 0 | BI81: =(((BC81*7)+(BE81*1)+(BG81*1))/8) -> 0 | BJ81: D | BK81: =AV81*AN81+AP81*AX81 -> 0 | BL81: =(AN81)*AZ81+AP81*BA81 -> 0
A82: 5350137120849 | B82: TONER LEXMARK E350 CPT 9K | C82: C00313 | F82: 12 | I82: 46221 | J82: 17 | K82: =(F82-(0)+0-(J82*Ventas!AE79*1)) -> 11.929571 | L82: =(K82/(Ventas!AE79*1)/80) -> 35.994397 | M82: =(G82+0) -> 0 | O82: =(H82+0) -> 0 | Q82: =(K82+M82+O82) -> 11.929571 | R82: 0 | S82: 0 | T82: 0 | U82: =IF(K82>0,K82+R82,R82) -> 11.929571 | V82: =IF(M82>0,M82+S82,S82) -> 0 | W82: =IF(O82>0,O82+T82,T82) -> 0 | AC82: 46313 | AD82: 92 | AE82: =(IF(K82>0,K82+R82,R82)-(AD82*Ventas!AE79*1.0489)) -> 11.529791 | AF82: =(AE82/(Ventas!AE79*1.0489)/80) -> 33.166328 | AG82: =(G82+0) -> 0 | AI82: =(H82+0) -> 0 | AK82: =(AE82+AG82+AI82) -> 11.529791 | AL82: =(((AF82*7)+(AH82*1)+(AJ82*0))/8) -> 29.020537 | AM82: =(180*(Ventas!AE79*0.9644) - IF(AE82>0,AE82,0)) -> -10.810624 | AN82: =IF(AM82>3,CEILING(AM82,5),0) -> 0 | AP82: =IF(AO82>3,CEILING(AO82,5),0) -> 0 | AQ82: =(AN82+AP82)*AB82 -> 0 | AR82: =_xlfn.XLOOKUP(C82,[1]Hoja2!$C$6:$C$24,[1]Hoja2!$D$6:$D$24,0,2,1) -> 0 | AS82: =IF(AE82>0,AE82+IF(AN82>0,AN82,0),AN82) -> 11.529791 | AU82: =_xlfn.XLOOKUP(D82,[1]Hoja2!$E$6:$E$24,[1]Hoja2!$F$6:$F$24,0,2,1) -> 0 | AV82: 0 | AW82: 2998 | AX82: 0 | AZ82: =_xlfn.XLOOKUP(C82,[2]PI!$B$15:$B$99,[2]PI!$L$15:$L$99,0,2,1) -> 0 | BA82: =_xlfn.XLOOKUP(D82,[2]PI!$B$15:$B$99,[2]PI!$L$15:$L$99,0,2,1) -> 0 | BB82: =(AS82-(90*Ventas!AE79*0.9644)) -> 11.170207 | BC82: =(BB82/(Ventas!AE79*0.9644)/80) -> 34.947337 | BH82: =(IF(BB82>0,BB82,0)+IF(BD82>0,BD82,0)+IF(BF82>0,BF82,0)) -> 11.170207 | BI82: =(((BC82*7)+(BE82*1)+(BG82*1))/8) -> 30.57892 | BJ82: D | BK82: =AV82*AN82+AP82*AX82 -> 0 | BL82: =(AN82)*AZ82+AP82*BA82 -> 0
A83: 5350137120801 | B83: TAMBOR LEXMARK E120 17K | C83: C00316 | I83: 46221 | J83: 17 | K83: =(F83-(0)+0-(J83*Ventas!AE80*1)) -> 0 | M83: =(G83+0) -> 0 | O83: =(H83+0) -> 0 | Q83: =(K83+M83+O83) -> 0 | R83: 0 | S83: 0 | T83: 0 | U83: =IF(K83>0,K83+R83,R83) -> 0 | V83: =IF(M83>0,M83+S83,S83) -> 0 | W83: =IF(O83>0,O83+T83,T83) -> 0 | AA83: 12 | AB83: 0.005965 | AC83: 46313 | AD83: 92 | AE83: =(IF(K83>0,K83+R83,R83)-(AD83*Ventas!AE80*1.0489)) -> 0 | AG83: =(G83+0) -> 0 | AI83: =(H83+0) -> 0 | AK83: =(AE83+AG83+AI83) -> 0 | AL83: =(((AF83*7)+(AH83*1)+(AJ83*0))/8) -> 0 | AM83: =(180*(Ventas!AE80*0.9644) - IF(AE83>0,AE83,0)) -> 0 | AN83: =IF(AM83>3,CEILING(AM83,5),0) -> 0 | AP83: =IF(AO83>3,CEILING(AO83,5),0) -> 0 | AQ83: =(AN83+AP83)*AB83 -> 0 | AR83: =_xlfn.XLOOKUP(C83,[1]Hoja2!$C$6:$C$24,[1]Hoja2!$D$6:$D$24,0,2,1) -> 0 | AS83: =IF(AE83>0,AE83+IF(AN83>0,AN83,0),AN83) -> 0 | AU83: =_xlfn.XLOOKUP(D83,[1]Hoja2!$E$6:$E$24,[1]Hoja2!$F$6:$F$24,0,2,1) -> 0 | AV83: 0 | AW83: 2998 | AX83: 0 | AZ83: =_xlfn.XLOOKUP(C83,[2]PI!$B$15:$B$99,[2]PI!$L$15:$L$99,0,2,1) -> 0 | BA83: =_xlfn.XLOOKUP(D83,[2]PI!$B$15:$B$99,[2]PI!$L$15:$L$99,0,2,1) -> 0 | BH83: =(IF(BB83>0,BB83,0)+IF(BD83>0,BD83,0)+IF(BF83>0,BF83,0)) -> 0 | BI83: =(((BC83*7)+(BE83*1)+(BG83*1))/8) -> 0 | BJ83: D | BK83: =AV83*AN83+AP83*AX83 -> 0 | BL83: =(AN83)*AZ83+AP83*BA83 -> 0
A84: 5350137120856 | B84: TONER SAMSUNG MLT-1640/108 CPT 1.5K | C84: C00317 | D84: E00317 | F84: 40 | G84: 6 | I84: 46221 | J84: 17 | K84: =(F84-(0)+0-(J84*Ventas!AE81*1)) -> 37.985743 | L84: =(K84/(Ventas!AE81*1)/80) -> 4.007418 | M84: =(G84-(0)+0-(J84*Ventas!AE508*1)) -> 5.5142857 | N84: =(M84/(Ventas!AE508*1)/85) -> 2.2705882 | O84: =(H84+0) -> 0 | Q84: =(K84+M84+O84) -> 43.500029 | R84: 0 | S84: 0 | T84: 0 | U84: =IF(K84>0,K84+R84,R84) -> 37.985743 | V84: =IF(M84>0,M84+S84,S84) -> 5.5142857 | W84: =IF(O84>0,O84+T84,T84) -> 0 | AA84: 18 | AB84: 0.005566 | AC84: 46313 | AD84: 92 | AE84: =(IF(K84>0,K84+R84,R84)-(AD84*Ventas!AE81*1.0489)) -> 26.552014 | AF84: =(AE84/(Ventas!AE81*1.0489)/80) -> 2.6705911 | AG84: =(IF(M84>0,M84+S84,S84)-(AD84*Ventas!AE508*1.0489)) -> 2.7571771 | AH84: =(AG84/(Ventas!AE508*1.0489)/85) -> 1.0823799 | AI84: =(H84+0) -> 0 | AK84: =(AE84+AG84+AI84) -> 29.309191 | AL84: =(((AF84*7)+(AH84*1)+(AJ84*0))/8) -> 2.4720647 | AM84: =(180*(Ventas!AE81*0.9644) - IF(AE84>0,AE84,0)) -> -5.9838415 | AN84: =IF(AM84>3,CEILING(AM84,5),0) -> 0 | AO84: =(180*(Ventas!AE508*0.9644) - IF(AG84>0,AG84,0)) -> 2.2025943 | AP84: =IF(AO84>3,CEILING(AO84,5),0) -> 0 | AQ84: =(AN84+AP84)*AB84 -> 0 | AR84: =_xlfn.XLOOKUP(C84,[1]Hoja2!$C$6:$C$24,[1]Hoja2!$D$6:$D$24,0,2,1) -> 0 | AS84: =IF(AE84>0,AE84+IF(AN84>0,AN84,0),AN84) -> 26.552014 | AT84: =IF(AG84>0,AG84+IF(AP84>0,AP84,0),AP84) -> 2.7571771 | AU84: =_xlfn.XLOOKUP(D84,[1]Hoja2!$E$6:$E$24,[1]Hoja2!$F$6:$F$24,0,2,1) -> 0 | AV84: 0 | AW84: 3016 | AX84: 0 | AZ84: =_xlfn.XLOOKUP(C84,[2]PI!$B$15:$B$99,[2]PI!$L$15:$L$99,0,2,1) -> 0 | BA84: =_xlfn.XLOOKUP(D84,[2]PI!$B$15:$B$99,[2]PI!$L$15:$L$99,0,2,1) -> 0 | BB84: =(AS84-(90*Ventas!AE81*0.9644)) -> 16.267928 | BC84: =(BB84/(Ventas!AE81*0.9644)/80) -> 1.7795863 | BD84: =(AT84-(90*Ventas!AE508*0.9644)) -> 0.27729143 | BE84: =(BD84/(Ventas!AE508*0.9644)/85) -> 0.11839364 | BH84: =(IF(BB84>0,BB84,0)+IF(BD84>0,BD84,0)+IF(BF84>0,BF84,0)) -> 16.545219 | BI84: =(((BC84*7)+(BE84*1)+(BG84*1))/8) -> 1.5719372 | BJ84: A | BK84: =AV84*AN84+AP84*AX84 -> 0 | BL84: =(AN84)*AZ84+AP84*BA84 -> 0
A85: 5350137120863 | B85: TONER SAMSUNG MLT-1670 CPT 1.5K | C85: C00318 | I85: 46221 | J85: 17 | K85: =(F85-(0)+0-(J85*Ventas!AE82*1)) -> 0 | M85: =(G85+0) -> 0 | O85: =(H85+0) -> 0 | Q85: =(K85+M85+O85) -> 0 | R85: 0 | S85: 0 | T85: 0 | U85: =IF(K85>0,K85+R85,R85) -> 0 | V85: =IF(M85>0,M85+S85,S85) -> 0 | W85: =IF(O85>0,O85+T85,T85) -> 0 | AC85: 46313 | AD85: 92 | AE85: =(IF(K85>0,K85+R85,R85)-(AD85*Ventas!AE82*1.0489)) -> 0 | AG85: =(G85+0) -> 0 | AI85: =(H85+0) -> 0 | AK85: =(AE85+AG85+AI85) -> 0 | AL85: =(((AF85*7)+(AH85*1)+(AJ85*0))/8) -> 0 | AM85: =(180*(Ventas!AE82*0.9644) - IF(AE85>0,AE85,0)) -> 0 | AN85: =IF(AM85>3,CEILING(AM85,5),0) -> 0 | AP85: =IF(AO85>3,CEILING(AO85,5),0) -> 0 | AQ85: =(AN85+AP85)*AB85 -> 0 | AR85: =_xlfn.XLOOKUP(C85,[1]Hoja2!$C$6:$C$24,[1]Hoja2!$D$6:$D$24,0,2,1) -> 0 | AS85: =IF(AE85>0,AE85+IF(AN85>0,AN85,0),AN85) -> 0 | AU85: =_xlfn.XLOOKUP(D85,[1]Hoja2!$E$6:$E$24,[1]Hoja2!$F$6:$F$24,0,2,1) -> 0 | AV85: 0 | AW85: 3002 | AX85: 0 | AZ85: =_xlfn.XLOOKUP(C85,[2]PI!$B$15:$B$99,[2]PI!$L$15:$L$99,0,2,1) -> 0 | BA85: =_xlfn.XLOOKUP(D85,[2]PI!$B$15:$B$99,[2]PI!$L$15:$L$99,0,2,1) -> 0 | BH85: =(IF(BB85>0,BB85,0)+IF(BD85>0,BD85,0)+IF(BF85>0,BF85,0)) -> 0 | BI85: =(((BC85*7)+(BE85*1)+(BG85*1))/8) -> 0 | BJ85: A | BK85: =AV85*AN85+AP85*AX85 -> 0 | BL85: =(AN85)*AZ85+AP85*BA85 -> 0
A86: 5350137120733 | B86: TONER HP CE255A CPT 6K | C86: C00319 | F86: 2 | I86: 46221 | J86: 17 | K86: =(F86-(0)+0-(J86*Ventas!AE83*1)) -> 1.1473286 | L86: =(K86/(Ventas!AE83*1)/80) -> 0.28593349 | M86: =(G86+0) -> 0 | O86: =(H86+0) -> 0 | Q86: =(K86+M86+O86) -> 1.1473286 | R86: 0 | S86: 0 | T86: 0 | U86: =IF(K86>0,K86+R86,R86) -> 1.1473286 | V86: =IF(M86>0,M86+S86,S86) -> 0 | W86: =IF(O86>0,O86+T86,T86) -> 0 | AA86: 10 | AB86: 0.013318 | AC86: 46313 | AD86: 92 | AE86: =(IF(K86>0,K86+R86,R86)-(AD86*Ventas!AE83*1.0489)) -> -3.6927755 | AF86: =(AE86/(Ventas!AE83*1.0489)/80) -> -0.8773968 | AG86: =(G86+0) -> 0 | AI86: =(H86+0) -> 0 | AK86: =(AE86+AG86+AI86) -> -3.6927755 | AL86: =(((AF86*7)+(AH86*1)+(AJ86*0))/8) -> -0.7677222 | AM86: =(180*(Ventas!AE83*0.9644) - IF(AE86>0,AE86,0)) -> 8.7068787 | AN86: 12 | AQ86: =(AN86+AP86)*AB86 -> 0.159816 | AR86: =_xlfn.XLOOKUP(C86,[1]Hoja2!$C$6:$C$24,[1]Hoja2!$D$6:$D$24,0,2,1) -> 10 | AS86: =IF(AE86>0,AE86+IF(AN86>0,AN86,0),AN86) -> 12 | AU86: =_xlfn.XLOOKUP(D86,[1]Hoja2!$E$6:$E$24,[1]Hoja2!$F$6:$F$24,0,2,1) -> 0 | AV86: 5.9 | AW86: 3016 | AX86: 0 | AZ86: =_xlfn.XLOOKUP(C86,[2]PI!$B$15:$B$99,[2]PI!$L$15:$L$99,0,2,1) -> 5.9 | BA86: =_xlfn.XLOOKUP(D86,[2]PI!$B$15:$B$99,[2]PI!$L$15:$L$99,0,2,1) -> 0 | BB86: =(AS86-(90*Ventas!AE83*0.9644)) -> 7.6465606 | BC86: =(BB86/(Ventas!AE83*0.9644)/80) -> 1.9759964 | BH86: =(IF(BB86>0,BB86,0)+IF(BD86>0,BD86,0)+IF(BF86>0,BF86,0)) -> 7.6465606 | BI86: =(((BC86*7)+(BE86*1)+(BG86*1))/8) -> 1.7289969 | BJ86: A | BK86: =AV86*AN86+AP86*AX86 -> 70.8 | BL86: =(AN86)*AZ86+AP86*BA86 -> 70.8
A87: 5350137121204 | B87: TONER BROTHER TN-210 BK CPT 2.2K | C87: C00324 | F87: 7 | I87: 46221 | J87: 17 | K87: =(F87-(0)+0-(J87*Ventas!AE84*1)) -> 7 | M87: =(G87+0) -> 0 | O87: =(H87+0) -> 0 | Q87: =(K87+M87+O87) -> 7 | R87: 0 | S87: 0 | T87: 0 | U87: =IF(K87>0,K87+R87,R87) -> 7 | V87: =IF(M87>0,M87+S87,S87) -> 0 | W87: =IF(O87>0,O87+T87,T87) -> 0 | AA87: 18 | AB87: 0.004333 | AC87: 46313 | AD87: 92 | AE87: =(IF(K87>0,K87+R87,R87)-(AD87*Ventas!AE84*1.0489)) -> 7 | AG87: =(G87+0) -> 0 | AI87: =(H87+0) -> 0 | AK87: =(AE87+AG87+AI87) -> 7 | AL87: =(((AF87*7)+(AH87*1)+(AJ87*0))/8) -> 0 | AM87: =(180*(Ventas!AE84*0.9644) - IF(AE87>0,AE87,0)) -> -7 | AN87: =IF(AM87>3,CEILING(AM87,5),0) -> 0 | AP87: =IF(AO87>3,CEILING(AO87,5),0) -> 0 | AQ87: =(AN87+AP87)*AB87 -> 0 | AR87: =_xlfn.XLOOKUP(C87,[1]Hoja2!$C$6:$C$24,[1]Hoja2!$D$6:$D$24,0,2,1) -> 0 | AS87: =IF(AE87>0,AE87+IF(AN87>0,AN87,0),AN87) -> 7 | AU87: =_xlfn.XLOOKUP(D87,[1]Hoja2!$E$6:$E$24,[1]Hoja2!$F$6:$F$24,0,2,1) -> 0 | AV87: 0 | AW87: 3016 | AX87: 0 | AZ87: =_xlfn.XLOOKUP(C87,[2]PI!$B$15:$B$99,[2]PI!$L$15:$L$99,0,2,1) -> 0 | BA87: =_xlfn.XLOOKUP(D87,[2]PI!$B$15:$B$99,[2]PI!$L$15:$L$99,0,2,1) -> 0 | BH87: =(IF(BB87>0,BB87,0)+IF(BD87>0,BD87,0)+IF(BF87>0,BF87,0)) -> 0 | BI87: =(((BC87*7)+(BE87*1)+(BG87*1))/8) -> 0 | BJ87: A | BK87: =AV87*AN87+AP87*AX87 -> 0 | BL87: =(AN87)*AZ87+AP87*BA87 -> 0
A88: 5350137121211 | B88: TONER BROTHER TN-210 CY CPT 1.4K | C88: C00325 | I88: 46221 | J88: 17 | K88: =(F88-(0)+0-(J88*Ventas!AE85*1)) -> 0 | M88: =(G88+0) -> 0 | O88: =(H88+0) -> 0 | Q88: =(K88+M88+O88) -> 0 | R88: 0 | S88: 0 | T88: 0 | U88: =IF(K88>0,K88+R88,R88) -> 0 | V88: =IF(M88>0,M88+S88,S88) -> 0 | W88: =IF(O88>0,O88+T88,T88) -> 0 | AA88: 15 | AB88: 0.004605 | AC88: 46313 | AD88: 92 | AE88: =(IF(K88>0,K88+R88,R88)-(AD88*Ventas!AE85*1.0489)) -> 0 | AG88: =(G88+0) -> 0 | AI88: =(H88+0) -> 0 | AK88: =(AE88+AG88+AI88) -> 0 | AL88: =(((AF88*7)+(AH88*1)+(AJ88*0))/8) -> 0 | AM88: =(180*(Ventas!AE85*0.9644) - IF(AE88>0,AE88,0)) -> 0 | AN88: =IF(AM88>3,CEILING(AM88,5),0) -> 0 | AP88: =IF(AO88>3,CEILING(AO88,5),0) -> 0 | AQ88: =(AN88+AP88)*AB88 -> 0 | AR88: =_xlfn.XLOOKUP(C88,[1]Hoja2!$C$6:$C$24,[1]Hoja2!$D$6:$D$24,0,2,1) -> 0 | AS88: =IF(AE88>0,AE88+IF(AN88>0,AN88,0),AN88) -> 0 | AU88: =_xlfn.XLOOKUP(D88,[1]Hoja2!$E$6:$E$24,[1]Hoja2!$F$6:$F$24,0,2,1) -> 0 | AV88: 0 | AW88: 3006 | AX88: 0 | AZ88: =_xlfn.XLOOKUP(C88,[2]PI!$B$15:$B$99,[2]PI!$L$15:$L$99,0,2,1) -> 0 | BA88: =_xlfn.XLOOKUP(D88,[2]PI!$B$15:$B$99,[2]PI!$L$15:$L$99,0,2,1) -> 0 | BH88: =(IF(BB88>0,BB88,0)+IF(BD88>0,BD88,0)+IF(BF88>0,BF88,0)) -> 0 | BI88: =(((BC88*7)+(BE88*1)+(BG88*1))/8) -> 0 | BJ88: A | BK88: =AV88*AN88+AP88*AX88 -> 0 | BL88: =(AN88)*AZ88+AP88*BA88 -> 0
A89: 5350137121228 | B89: TONER BROTHER TN-210 MG CPT 1.4K | C89: C00326 | F89: 15 | I89: 46221 | J89: 17 | K89: =(F89-(0)+0-(J89*Ventas!AE86*1)) -> 15 | M89: =(G89+0) -> 0 | O89: =(H89+0) -> 0 | Q89: =(K89+M89+O89) -> 15 | R89: 0 | S89: 0 | T89: 0 | U89: =IF(K89>0,K89+R89,R89) -> 15 | V89: =IF(M89>0,M89+S89,S89) -> 0 | W89: =IF(O89>0,O89+T89,T89) -> 0 | AA89: 15 | AB89: 0.004605 | AC89: 46313 | AD89: 92 | AE89: =(IF(K89>0,K89+R89,R89)-(AD89*Ventas!AE86*1.0489)) -> 15 | AG89: =(G89+0) -> 0 | AI89: =(H89+0) -> 0 | AK89: =(AE89+AG89+AI89) -> 15 | AL89: =(((AF89*7)+(AH89*1)+(AJ89*0))/8) -> 0 | AM89: =(180*(Ventas!AE86*0.9644) - IF(AE89>0,AE89,0)) -> -15 | AN89: =IF(AM89>3,CEILING(AM89,5),0) -> 0 | AP89: =IF(AO89>3,CEILING(AO89,5),0) -> 0 | AQ89: =(AN89+AP89)*AB89 -> 0 | AR89: =_xlfn.XLOOKUP(C89,[1]Hoja2!$C$6:$C$24,[1]Hoja2!$D$6:$D$24,0,2,1) -> 0 | AS89: =IF(AE89>0,AE89+IF(AN89>0,AN89,0),AN89) -> 15 | AU89: =_xlfn.XLOOKUP(D89,[1]Hoja2!$E$6:$E$24,[1]Hoja2!$F$6:$F$24,0,2,1) -> 0 | AV89: 0 | AW89: 3016 | AX89: 0 | AZ89: =_xlfn.XLOOKUP(C89,[2]PI!$B$15:$B$99,[2]PI!$L$15:$L$99,0,2,1) -> 0 | BA89: =_xlfn.XLOOKUP(D89,[2]PI!$B$15:$B$99,[2]PI!$L$15:$L$99,0,2,1) -> 0 | BH89: =(IF(BB89>0,BB89,0)+IF(BD89>0,BD89,0)+IF(BF89>0,BF89,0)) -> 0 | BI89: =(((BC89*7)+(BE89*1)+(BG89*1))/8) -> 0 | BJ89: A | BK89: =AV89*AN89+AP89*AX89 -> 0 | BL89: =(AN89)*AZ89+AP89*BA89 -> 0
A90: 5350137121235 | B90: TONER BROTHER TN-210 YE CPT 1.4K | C90: C00327 | F90: 9 | I90: 46221 | J90: 17 | K90: =(F90-(0)+0-(J90*Ventas!AE87*1)) -> 9 | L90: =(K90/(Ventas!AE87*1)/80) -> #DIV/0! | M90: =(G90+0) -> 0 | O90: =(H90+0) -> 0 | Q90: =(K90+M90+O90) -> 9 | R90: 0 | S90: 0 | T90: 0 | U90: =IF(K90>0,K90+R90,R90) -> 9 | V90: =IF(M90>0,M90+S90,S90) -> 0 | W90: =IF(O90>0,O90+T90,T90) -> 0 | AA90: 18 | AB90: 0.004333 | AC90: 46313 | AD90: 92 | AE90: =(IF(K90>0,K90+R90,R90)-(AD90*Ventas!AE87*1.0489)) -> 9 | AF90: =(AE90/(Ventas!AE87*1.0489)/80) -> #DIV/0! | AG90: =(G90+0) -> 0 | AI90: =(H90+0) -> 0 | AK90: =(AE90+AG90+AI90) -> 9 | AL90: =(((AF90*7)+(AH90*1)+(AJ90*0))/8) -> #DIV/0! | AM90: =(180*(Ventas!AE87*0.9644) - IF(AE90>0,AE90,0)) -> -9 | AN90: =IF(AM90>3,CEILING(AM90,5),0) -> 0 | AP90: =IF(AO90>3,CEILING(AO90,5),0) -> 0 | AQ90: =(AN90+AP90)*AB90 -> 0 | AR90: =_xlfn.XLOOKUP(C90,[1]Hoja2!$C$6:$C$24,[1]Hoja2!$D$6:$D$24,0,2,1) -> 0 | AS90: =IF(AE90>0,AE90+IF(AN90>0,AN90,0),AN90) -> 9 | AU90: =_xlfn.XLOOKUP(D90,[1]Hoja2!$E$6:$E$24,[1]Hoja2!$F$6:$F$24,0,2,1) -> 0 | AV90: 0 | AW90: 3016 | AX90: 0 | AZ90: =_xlfn.XLOOKUP(C90,[2]PI!$B$15:$B$99,[2]PI!$L$15:$L$99,0,2,1) -> 0 | BA90: =_xlfn.XLOOKUP(D90,[2]PI!$B$15:$B$99,[2]PI!$L$15:$L$99,0,2,1) -> 0 | BB90: =(AS90-(90*Ventas!AE87*0.9644)) -> 9 | BC90: =(BB90/(Ventas!AE87*0.9644)/80) -> #DIV/0! | BH90: =(IF(BB90>0,BB90,0)+IF(BD90>0,BD90,0)+IF(BF90>0,BF90,0)) -> 9 | BI90: =(((BC90*7)+(BE90*1)+(BG90*1))/8) -> #DIV/0! | BJ90: A | BK90: =AV90*AN90+AP90*AX90 -> 0 | BL90: =(AN90)*AZ90+AP90*BA90 -> 0
A91: 5350137121358 | B91: TONER HP CF280A/CE505A/CRG120 CPT 2.3K | C91: C00328 | D91: E00328 | F91: 24 | I91: 46221 | J91: 17 | K91: =(F91-(0)+0-(J91*Ventas!AE88*1)) -> 17.6352 | L91: =(K91/(Ventas!AE88*1)/80) -> 0.58878205 | M91: =(G91-(0)+0-(J91*Ventas!AE509*1)) -> 0 | O91: =(H91+0) -> 0 | Q91: =(K91+M91+O91) -> 17.6352 | R91: 50 | S91: 0 | T91: 0 | U91: =IF(K91>0,K91+R91,R91) -> 67.6352 | V91: =IF(M91>0,M91+S91,S91) -> 0 | W91: =IF(O91>0,O91+T91,T91) -> 0 | X91: 3.1 | AA91: 18 | AB91: 0.005566 | AC91: 46313 | AD91: 92 | AE91: =(IF(K91>0,K91+R91,R91)-(AD91*Ventas!AE88*1.0489)) -> 31.506049 | AF91: =(AE91/(Ventas!AE88*1.0489)/80) -> 1.0028455 | AG91: =(IF(M91>0,M91+S91,S91)-(AD91*Ventas!AE509*1.0489)) -> 0 | AI91: =(H91+0) -> 0 | AK91: =(AE91+AG91+AI91) -> 31.506049 | AL91: =(((AF91*7)+(AH91*1)+(AJ91*0))/8) -> 0.87748982 | AM91: =(180*(Ventas!AE88*0.9644) - IF(AE91>0,AE91,0)) -> 33.486796 | AN91: 30 | AO91: =(180*(Ventas!AE509*0.9644) - IF(AG91>0,AG91,0)) -> 0 | AP91: =IF(AO91>3,CEILING(AO91,5),0) -> 0 | AQ91: =(AN91+AP91)*AB91 -> 0.16698 | AR91: =_xlfn.XLOOKUP(C91,[1]Hoja2!$C$6:$C$24,[1]Hoja2!$D$6:$D$24,0,2,1) -> 45 | AS91: =IF(AE91>0,AE91+IF(AN91>0,AN91,0),AN91) -> 61.506049 | AT91: =IF(AG91>0,AG91+IF(AP91>0,AP91,0),AP91) -> 0 | AU91: =_xlfn.XLOOKUP(D91,[1]Hoja2!$E$6:$E$24,[1]Hoja2!$F$6:$F$24,0,2,1) -> 0 | AV91: 3.2 | AW91: 3016 | AX91: 0 | AZ91: =_xlfn.XLOOKUP(C91,[2]PI!$B$15:$B$99,[2]PI!$L$15:$L$99,0,2,1) -> 3.2 | BA91: =_xlfn.XLOOKUP(D91,[2]PI!$B$15:$B$99,[2]PI!$L$15:$L$99,0,2,1) -> 0 | BB91: =(AS91-(90*Ventas!AE88*0.9644)) -> 29.009627 | BC91: =(BB91/(Ventas!AE88*0.9644)/80) -> 1.0042899 | BH91: =(IF(BB91>0,BB91,0)+IF(BD91>0,BD91,0)+IF(BF91>0,BF91,0)) -> 29.009627 | BI91: =(((BC91*7)+(BE91*1)+(BG91*1))/8) -> 0.8787537 | BJ91: A | BK91: =AV91*AN91+AP91*AX91 -> 96 | BL91: =(AN91)*AZ91+AP91*BA91 -> 96
A92: 5358137120241 | B92: TONER OKIDATA B4400/4500/4600 CPT 7K | C92: C00329 | F92: 1 | I92: 46221 | J92: 17 | K92: =(F92-(0)+0-(J92*Ventas!AE89*1)) -> 1 | M92: =(G92+0) -> 0 | O92: =(H92+0) -> 0 | Q92: =(K92+M92+O92) -> 1 | R92: 0 | S92: 0 | T92: 0 | U92: =IF(K92>0,K92+R92,R92) -> 1 | V92: =IF(M92>0,M92+S92,S92) -> 0 | W92: =IF(O92>0,O92+T92,T92) -> 0 | AA92: 20 | AB92: 0.002914 | AC92: 46313 | AD92: 92 | AE92: =(IF(K92>0,K92+R92,R92)-(AD92*Ventas!AE89*1.0489)) -> 1 | AG92: =(G92+0) -> 0 | AI92: =(H92+0) -> 0 | AK92: =(AE92+AG92+AI92) -> 1 | AL92: =(((AF92*7)+(AH92*1)+(AJ92*0))/8) -> 0 | AM92: =(180*(Ventas!AE89*0.9644) - IF(AE92>0,AE92,0)) -> -1 | AN92: =IF(AM92>3,CEILING(AM92,5),0) -> 0 | AP92: =IF(AO92>3,CEILING(AO92,5),0) -> 0 | AQ92: =(AN92+AP92)*AB92 -> 0 | AR92: =_xlfn.XLOOKUP(C92,[1]Hoja2!$C$6:$C$24,[1]Hoja2!$D$6:$D$24,0,2,1) -> 0 | AS92: =IF(AE92>0,AE92+IF(AN92>0,AN92,0),AN92) -> 1 | AU92: =_xlfn.XLOOKUP(D92,[1]Hoja2!$E$6:$E$24,[1]Hoja2!$F$6:$F$24,0,2,1) -> 0 | AV92: 0 | AW92: 3022 | AX92: 0 | AZ92: =_xlfn.XLOOKUP(C92,[2]PI!$B$15:$B$99,[2]PI!$L$15:$L$99,0,2,1) -> 0 | BA92: =_xlfn.XLOOKUP(D92,[2]PI!$B$15:$B$99,[2]PI!$L$15:$L$99,0,2,1) -> 0 | BH92: =(IF(BB92>0,BB92,0)+IF(BD92>0,BD92,0)+IF(BF92>0,BF92,0)) -> 0 | BI92: =(((BC92*7)+(BE92*1)+(BG92*1))/8) -> 0 | BJ92: A | BK92: =AV92*AN92+AP92*AX92 -> 0 | BL92: =(AN92)*AZ92+AP92*BA92 -> 0
A93: 5358137120876 | B93: TONER SAMSUNG SCX-4725 CPT 3K | C93: C00339 | I93: 46221 | J93: 17 | K93: =(F93-(0)+0-(J93*Ventas!AE90*1)) -> 0 | M93: =(G93+0) -> 0 | O93: =(H93+0) -> 0 | Q93: =(K93+M93+O93) -> 0 | R93: 0 | S93: 0 | T93: 0 | U93: =IF(K93>0,K93+R93,R93) -> 0 | V93: =IF(M93>0,M93+S93,S93) -> 0 | W93: =IF(O93>0,O93+T93,T93) -> 0 | AA93: 8 | AB93: 0.008295 | AC93: 46313 | AD93: 92 | AE93: =(IF(K93>0,K93+R93,R93)-(AD93*Ventas!AE90*1.0489)) -> 0 | AG93: =(G93+0) -> 0 | AI93: =(H93+0) -> 0 | AK93: =(AE93+AG93+AI93) -> 0 | AL93: =(((AF93*7)+(AH93*1)+(AJ93*0))/8) -> 0 | AM93: =(180*(Ventas!AE90*0.9644) - IF(AE93>0,AE93,0)) -> 0 | AN93: =IF(AM93>3,CEILING(AM93,5),0) -> 0 | AP93: =IF(AO93>3,CEILING(AO93,5),0) -> 0 | AQ93: =(AN93+AP93)*AB93 -> 0 | AR93: =_xlfn.XLOOKUP(C93,[1]Hoja2!$C$6:$C$24,[1]Hoja2!$D$6:$D$24,0,2,1) -> 0 | AS93: =IF(AE93>0,AE93+IF(AN93>0,AN93,0),AN93) -> 0 | AU93: =_xlfn.XLOOKUP(D93,[1]Hoja2!$E$6:$E$24,[1]Hoja2!$F$6:$F$24,0,2,1) -> 0 | AV93: 0 | AW93: 3006 | AX93: 0 | AZ93: =_xlfn.XLOOKUP(C93,[2]PI!$B$15:$B$99,[2]PI!$L$15:$L$99,0,2,1) -> 0 | BA93: =_xlfn.XLOOKUP(D93,[2]PI!$B$15:$B$99,[2]PI!$L$15:$L$99,0,2,1) -> 0 | BH93: =(IF(BB93>0,BB93,0)+IF(BD93>0,BD93,0)+IF(BF93>0,BF93,0)) -> 0 | BI93: =(((BC93*7)+(BE93*1)+(BG93*1))/8) -> 0 | BJ93: D | BK93: =AV93*AN93+AP93*AX93 -> 0 | BL93: =(AN93)*AZ93+AP93*BA93 -> 0
A94: 5350137121334 | B94: TONER XEROX PE120 BK CPT 5K | C94: C00353 | F94: 9 | I94: 46221 | J94: 17 | K94: =(F94-(0)+0-(J94*Ventas!AE91*1)) -> 9 | M94: =(G94+0) -> 0 | O94: =(H94+0) -> 0 | Q94: =(K94+M94+O94) -> 9 | R94: 0 | S94: 0 | T94: 0 | U94: =IF(K94>0,K94+R94,R94) -> 9 | V94: =IF(M94>0,M94+S94,S94) -> 0 | W94: =IF(O94>0,O94+T94,T94) -> 0 | AA94: 10 | AB94: 0.01031 | AC94: 46313 | AD94: 92 | AE94: =(IF(K94>0,K94+R94,R94)-(AD94*Ventas!AE91*1.0489)) -> 9 | AG94: =(G94+0) -> 0 | AI94: =(H94+0) -> 0 | AK94: =(AE94+AG94+AI94) -> 9 | AL94: =(((AF94*7)+(AH94*1)+(AJ94*0))/8) -> 0 | AM94: =(180*(Ventas!AE91*0.9644) - IF(AE94>0,AE94,0)) -> -9 | AN94: =IF(AM94>3,CEILING(AM94,5),0) -> 0 | AP94: =IF(AO94>3,CEILING(AO94,5),0) -> 0 | AQ94: =(AN94+AP94)*AB94 -> 0 | AR94: =_xlfn.XLOOKUP(C94,[1]Hoja2!$C$6:$C$24,[1]Hoja2!$D$6:$D$24,0,2,1) -> 0 | AS94: =IF(AE94>0,AE94+IF(AN94>0,AN94,0),AN94) -> 9 | AU94: =_xlfn.XLOOKUP(D94,[1]Hoja2!$E$6:$E$24,[1]Hoja2!$F$6:$F$24,0,2,1) -> 0 | AV94: 0 | AW94: 2998 | AX94: 0 | AZ94: =_xlfn.XLOOKUP(C94,[2]PI!$B$15:$B$99,[2]PI!$L$15:$L$99,0,2,1) -> 0 | BA94: =_xlfn.XLOOKUP(D94,[2]PI!$B$15:$B$99,[2]PI!$L$15:$L$99,0,2,1) -> 0 | BH94: =(IF(BB94>0,BB94,0)+IF(BD94>0,BD94,0)+IF(BF94>0,BF94,0)) -> 0 | BI94: =(((BC94*7)+(BE94*1)+(BG94*1))/8) -> 0 | BJ94: D | BK94: =AV94*AN94+AP94*AX94 -> 0 | BL94: =(AN94)*AZ94+AP94*BA94 -> 0
A95: 5358137120678 | B95: TONER XEROX CCL 3119 CPT 3K | C95: C00357 | I95: 46221 | J95: 17 | K95: =(F95-(0)+0-(J95*Ventas!AE92*1)) -> 0 | M95: =(G95+0) -> 0 | O95: =(H95+0) -> 0 | Q95: =(K95+M95+O95) -> 0 | R95: 0 | S95: 0 | T95: 0 | U95: =IF(K95>0,K95+R95,R95) -> 0 | V95: =IF(M95>0,M95+S95,S95) -> 0 | W95: =IF(O95>0,O95+T95,T95) -> 0 | AA95: 12 | AB95: 0.008181 | AC95: 46313 | AD95: 92 | AE95: =(IF(K95>0,K95+R95,R95)-(AD95*Ventas!AE92*1.0489)) -> 0 | AG95: =(G95+0) -> 0 | AI95: =(H95+0) -> 0 | AK95: =(AE95+AG95+AI95) -> 0 | AL95: =(((AF95*7)+(AH95*1)+(AJ95*0))/8) -> 0 | AM95: =(180*(Ventas!AE92*0.9644) - IF(AE95>0,AE95,0)) -> 0 | AN95: =IF(AM95>3,CEILING(AM95,5),0) -> 0 | AP95: =IF(AO95>3,CEILING(AO95,5),0) -> 0 | AQ95: =(AN95+AP95)*AB95 -> 0 | AR95: =_xlfn.XLOOKUP(C95,[1]Hoja2!$C$6:$C$24,[1]Hoja2!$D$6:$D$24,0,2,1) -> 0 | AS95: =IF(AE95>0,AE95+IF(AN95>0,AN95,0),AN95) -> 0 | AU95: =_xlfn.XLOOKUP(D95,[1]Hoja2!$E$6:$E$24,[1]Hoja2!$F$6:$F$24,0,2,1) -> 0 | AV95: 0 | AX95: 0 | AZ95: =_xlfn.XLOOKUP(C95,[2]PI!$B$15:$B$99,[2]PI!$L$15:$L$99,0,2,1) -> 0 | BA95: =_xlfn.XLOOKUP(D95,[2]PI!$B$15:$B$99,[2]PI!$L$15:$L$99,0,2,1) -> 0 | BH95: =(IF(BB95>0,BB95,0)+IF(BD95>0,BD95,0)+IF(BF95>0,BF95,0)) -> 0 | BI95: =(((BC95*7)+(BE95*1)+(BG95*1))/8) -> 0 | BJ95: D | BK95: =AV95*AN95+AP95*AX95 -> 0 | BL95: =(AN95)*AZ95+AP95*BA95 -> 0
A96: 5350137121150 | B96: TONER BROTHER TN-1060/1030 BK CPT 1K | C96: C00375 | D96: E00375 | F96: 7231 | G96: -1 | I96: 46221 | J96: 17 | K96: =(F96-(0)+0-(J96*Ventas!AE93*1)) -> 6139.3975 | L96: =(K96/(Ventas!AE93*1)/80) -> 1.1951438 | M96: =(G96-(0)+0-(J96*Ventas!AE510*1)) -> -142.1 | N96: =(M96/(Ventas!AE510*1)/80) -> -0.21400602 | O96: =(H96+0) -> 0 | Q96: =(K96+M96+O96) -> 5997.2975 | R96: 4320 | S96: 1000 | T96: 0 | U96: =IF(K96>0,K96+R96,R96) -> 10459.397 | V96: =IF(M96>0,M96+S96,S96) -> 1000 | W96: =IF(O96>0,O96+T96,T96) -> 0 | X96: 1.4 | Y96: 1.4 | AA96: 40 | AB96: 0.001819 | AC96: 46313 | AD96: 92 | AE96: =(IF(K96>0,K96+R96,R96)-(AD96*Ventas!AE93*1.0489)) -> 4263.0248 | AF96: =(AE96/(Ventas!AE93*1.0489)/80) -> 0.79118522 | AG96: =(IF(M96>0,M96+S96,S96)-(AD96*Ventas!AE510*1.0489)) -> 199.05996 | AH96: =(AG96/(Ventas!AE510*1.0489)/80) -> 0.28581285 | AI96: =(H96+0) -> 0 | AK96: =(AE96+AG96+AI96) -> 4462.0847 | AL96: =(((AF96*7)+(AH96*1)+(AJ96*0))/8) -> 0.72801368 | AM96: =(180*(Ventas!AE93*0.9644) - IF(AE96>0,AE96,0)) -> 6883.6498 | AN96: 5480 | AO96: =(180*(Ventas!AE510*0.9644) - IF(AG96>0,AG96,0)) -> 1241.7536 | AP96: 1000 | AQ96: =(AN96+AP96)*AB96 -> 11.78712 | AR96: =_xlfn.XLOOKUP(C96,[1]Hoja2!$C$6:$C$24,[1]Hoja2!$D$6:$D$24,0,2,1) -> 0 | AS96: =IF(AE96>0,AE96+IF(AN96>0,AN96,0),AN96) -> 9743.0248 | AT96: =IF(AG96>0,AG96+IF(AP96>0,AP96,0),AP96) -> 1199.06 | AU96: =_xlfn.XLOOKUP(D96,[1]Hoja2!$E$6:$E$24,[1]Hoja2!$F$6:$F$24,0,2,1) -> 0 | AV96: 1.4 | AW96: 3016 | AX96: 1.4 | AZ96: =_xlfn.XLOOKUP(C96,[2]PI!$B$15:$B$99,[2]PI!$L$15:$L$99,0,2,1) -> 1.4 | BA96: =_xlfn.XLOOKUP(D96,[2]PI!$B$15:$B$99,[2]PI!$L$15:$L$99,0,2,1) -> 1.4 | BB96: =(AS96-(90*Ventas!AE93*0.9644)) -> 4169.6875 | BC96: =(BB96/(Ventas!AE93*0.9644)/80) -> 0.84166777 | BD96: =(AT96-(90*Ventas!AE510*0.9644)) -> 478.65316 | BE96: =(BD96/(Ventas!AE510*0.9644)/80) -> 0.74747324 | BH96: =(IF(BB96>0,BB96,0)+IF(BD96>0,BD96,0)+IF(BF96>0,BF96,0)) -> 4648.3406 | BI96: =(((BC96*7)+(BE96*1)+(BG96*1))/8) -> 0.82989346 | BJ96: A | BK96: =AV96*AN96+AP96*AX96 -> 9072 | BL96: =(AN96)*AZ96+AP96*BA96 -> 9072
A97: 5350137121020 | B97: TONER LEXMARK E260A11L E260/E360/E460 CPT 3.5K | C97: C00376 | F97: 52 | I97: 46221 | J97: 17 | K97: =(F97-(0)+0-(J97*Ventas!AE94*1)) -> 51.5801 | L97: =(K97/(Ventas!AE94*1)/80) -> 26.103289 | M97: =(G97+0) -> 0 | O97: =(H97+0) -> 0 | Q97: =(K97+M97+O97) -> 51.5801 | R97: 0 | S97: 0 | T97: 0 | U97: =IF(K97>0,K97+R97,R97) -> 51.5801 | V97: =IF(M97>0,M97+S97,S97) -> 0 | W97: =IF(O97>0,O97+T97,T97) -> 0 | AA97: 12 | AB97: 0.007954 | AC97: 46313 | AD97: 92 | AE97: =(IF(K97>0,K97+R97,R97)-(AD97*Ventas!AE94*1.0489)) -> 49.19658 | AF97: =(AE97/(Ventas!AE94*1.0489)/80) -> 23.736347 | AG97: =(G97+0) -> 0 | AI97: =(H97+0) -> 0 | AK97: =(AE97+AG97+AI97) -> 49.19658 | AL97: =(((AF97*7)+(AH97*1)+(AJ97*0))/8) -> 20.769304 | AM97: =(180*(Ventas!AE94*0.9644) - IF(AE97>0,AE97,0)) -> -44.908857 | AN97: =IF(AM97>3,CEILING(AM97,5),0) -> 0 | AP97: =IF(AO97>3,CEILING(AO97,5),0) -> 0 | AQ97: =(AN97+AP97)*AB97 -> 0 | AR97: =_xlfn.XLOOKUP(C97,[1]Hoja2!$C$6:$C$24,[1]Hoja2!$D$6:$D$24,0,2,1) -> 0 | AS97: =IF(AE97>0,AE97+IF(AN97>0,AN97,0),AN97) -> 49.19658 | AU97: =_xlfn.XLOOKUP(D97,[1]Hoja2!$E$6:$E$24,[1]Hoja2!$F$6:$F$24,0,2,1) -> 0 | AV97: 0 | AW97: 3016 | AX97: 0 | AZ97: =_xlfn.XLOOKUP(C97,[2]PI!$B$15:$B$99,[2]PI!$L$15:$L$99,0,2,1) -> 0 | BA97: =_xlfn.XLOOKUP(D97,[2]PI!$B$15:$B$99,[2]PI!$L$15:$L$99,0,2,1) -> 0 | BB97: =(AS97-(90*Ventas!AE94*0.9644)) -> 47.052718 | BC97: =(BB97/(Ventas!AE94*0.9644)/80) -> 24.691108 | BH97: =(IF(BB97>0,BB97,0)+IF(BD97>0,BD97,0)+IF(BF97>0,BF97,0)) -> 47.052718 | BI97: =(((BC97*7)+(BE97*1)+(BG97*1))/8) -> 21.604719 | BJ97: A | BK97: =AV97*AN97+AP97*AX97 -> 0 | BL97: =(AN97)*AZ97+AP97*BA97 -> 0
A98: 5350137121037 | B98: TONER BROTHER TN-115 BK CPT 5K | C98: C00377 | I98: 46221 | J98: 17 | K98: =(F98-(0)+0-(J98*Ventas!AE95*1)) -> 0 | M98: =(G98+0) -> 0 | O98: =(H98+0) -> 0 | Q98: =(K98+M98+O98) -> 0 | R98: 0 | S98: 0 | T98: 0 | U98: =IF(K98>0,K98+R98,R98) -> 0 | V98: =IF(M98>0,M98+S98,S98) -> 0 | W98: =IF(O98>0,O98+T98,T98) -> 0 | AA98: 8 | AB98: 0.006931 | AC98: 46313 | AD98: 92 | AE98: =(IF(K98>0,K98+R98,R98)-(AD98*Ventas!AE95*1.0489)) -> 0 | AG98: =(G98+0) -> 0 | AI98: =(H98+0) -> 0 | AK98: =(AE98+AG98+AI98) -> 0 | AL98: =(((AF98*7)+(AH98*1)+(AJ98*0))/8) -> 0 | AM98: =(180*(Ventas!AE95*0.9644) - IF(AE98>0,AE98,0)) -> 0 | AN98: =IF(AM98>3,CEILING(AM98,5),0) -> 0 | AP98: =IF(AO98>3,CEILING(AO98,5),0) -> 0 | AQ98: =(AN98+AP98)*AB98 -> 0 | AR98: =_xlfn.XLOOKUP(C98,[1]Hoja2!$C$6:$C$24,[1]Hoja2!$D$6:$D$24,0,2,1) -> 0 | AS98: =IF(AE98>0,AE98+IF(AN98>0,AN98,0),AN98) -> 0 | AU98: =_xlfn.XLOOKUP(D98,[1]Hoja2!$E$6:$E$24,[1]Hoja2!$F$6:$F$24,0,2,1) -> 0 | AV98: 0 | AW98: 3011 | AX98: 0 | AZ98: =_xlfn.XLOOKUP(C98,[2]PI!$B$15:$B$99,[2]PI!$L$15:$L$99,0,2,1) -> 0 | BA98: =_xlfn.XLOOKUP(D98,[2]PI!$B$15:$B$99,[2]PI!$L$15:$L$99,0,2,1) -> 0 | BH98: =(IF(BB98>0,BB98,0)+IF(BD98>0,BD98,0)+IF(BF98>0,BF98,0)) -> 0 | BI98: =(((BC98*7)+(BE98*1)+(BG98*1))/8) -> 0 | BJ98: D | BK98: =AV98*AN98+AP98*AX98 -> 0 | BL98: =(AN98)*AZ98+AP98*BA98 -> 0
A99: 5350137121044 | B99: TONER BROTHER TN-115 CY CPT 4K | C99: C00378 | I99: 46221 | J99: 17 | K99: =(F99-(0)+0-(J99*Ventas!AE96*1)) -> 0 | M99: =(G99+0) -> 0 | O99: =(H99+0) -> 0 | Q99: =(K99+M99+O99) -> 0 | R99: 0 | S99: 0 | T99: 0 | U99: =IF(K99>0,K99+R99,R99) -> 0 | V99: =IF(M99>0,M99+S99,S99) -> 0 | W99: =IF(O99>0,O99+T99,T99) -> 0 | AA99: 8 | AB99: 0.006931 | AC99: 46313 | AD99: 92 | AE99: =(IF(K99>0,K99+R99,R99)-(AD99*Ventas!AE96*1.0489)) -> 0 | AG99: =(G99+0) -> 0 | AI99: =(H99+0) -> 0 | AK99: =(AE99+AG99+AI99) -> 0 | AL99: =(((AF99*7)+(AH99*1)+(AJ99*0))/8) -> 0 | AM99: =(180*(Ventas!AE96*0.9644) - IF(AE99>0,AE99,0)) -> 0 | AN99: =IF(AM99>3,CEILING(AM99,5),0) -> 0 | AP99: =IF(AO99>3,CEILING(AO99,5),0) -> 0 | AQ99: =(AN99+AP99)*AB99 -> 0 | AR99: =_xlfn.XLOOKUP(C99,[1]Hoja2!$C$6:$C$24,[1]Hoja2!$D$6:$D$24,0,2,1) -> 0 | AS99: =IF(AE99>0,AE99+IF(AN99>0,AN99,0),AN99) -> 0 | AU99: =_xlfn.XLOOKUP(D99,[1]Hoja2!$E$6:$E$24,[1]Hoja2!$F$6:$F$24,0,2,1) -> 0 | AV99: 0 | AW99: 3011 | AX99: 0 | AZ99: =_xlfn.XLOOKUP(C99,[2]PI!$B$15:$B$99,[2]PI!$L$15:$L$99,0,2,1) -> 0 | BA99: =_xlfn.XLOOKUP(D99,[2]PI!$B$15:$B$99,[2]PI!$L$15:$L$99,0,2,1) -> 0 | BH99: =(IF(BB99>0,BB99,0)+IF(BD99>0,BD99,0)+IF(BF99>0,BF99,0)) -> 0 | BI99: =(((BC99*7)+(BE99*1)+(BG99*1))/8) -> 0 | BJ99: A | BK99: =AV99*AN99+AP99*AX99 -> 0 | BL99: =(AN99)*AZ99+AP99*BA99 -> 0
A100: 5350137121051 | B100: TONER BROTHER TN-115 MG CPT 4K | C100: C00379 | F100: 2 | I100: 46221 | J100: 17 | K100: =(F100-(0)+0-(J100*Ventas!AE97*1)) -> 2 | M100: =(G100+0) -> 0 | O100: =(H100+0) -> 0 | Q100: =(K100+M100+O100) -> 2 | R100: 0 | S100: 0 | T100: 0 | U100: =IF(K100>0,K100+R100,R100) -> 2 | V100: =IF(M100>0,M100+S100,S100) -> 0 | W100: =IF(O100>0,O100+T100,T100) -> 0 | AA100: 8 | AB100: 0.006931 | AC100: 46313 | AD100: 92 | AE100: =(IF(K100>0,K100+R100,R100)-(AD100*Ventas!AE97*1.0489)) -> 2 | AG100: =(G100+0) -> 0 | AI100: =(H100+0) -> 0 | AK100: =(AE100+AG100+AI100) -> 2 | AL100: =(((AF100*7)+(AH100*1)+(AJ100*0))/8) -> 0 | AM100: =(180*(Ventas!AE97*0.9644) - IF(AE100>0,AE100,0)) -> -2 | AN100: =IF(AM100>3,CEILING(AM100,5),0) -> 0 | AP100: =IF(AO100>3,CEILING(AO100,5),0) -> 0 | AQ100: =(AN100+AP100)*AB100 -> 0 | AR100: =_xlfn.XLOOKUP(C100,[1]Hoja2!$C$6:$C$24,[1]Hoja2!$D$6:$D$24,0,2,1) -> 0 | AS100: =IF(AE100>0,AE100+IF(AN100>0,AN100,0),AN100) -> 2 | AU100: =_xlfn.XLOOKUP(D100,[1]Hoja2!$E$6:$E$24,[1]Hoja2!$F$6:$F$24,0,2,1) -> 0 | AV100: 0 | AW100: 3011 | AX100: 0 | AZ100: =_xlfn.XLOOKUP(C100,[2]PI!$B$15:$B$99,[2]PI!$L$15:$L$99,0,2,1) -> 0 | BA100: =_xlfn.XLOOKUP(D100,[2]PI!$B$15:$B$99,[2]PI!$L$15:$L$99,0,2,1) -> 0 | BH100: =(IF(BB100>0,BB100,0)+IF(BD100>0,BD100,0)+IF(BF100>0,BF100,0)) -> 0 | BI100: =(((BC100*7)+(BE100*1)+(BG100*1))/8) -> 0 | BJ100: A | BK100: =AV100*AN100+AP100*AX100 -> 0 | BL100: =(AN100)*AZ100+AP100*BA100 -> 0
...
