Workbook

Sheet Ventas
A1: Articulo | B1: Descripcion | C1: Codigos Barras | D1: Vta.Jul/25 | E1: Vta.Ago/25 | F1: Vta.Sep/25 | G1: Vta.Oct/25 | H1: Vta.Nov/25 | I1: Vta.Dic/25 | J1: Vta.Ene/26 | K1: Vta.Feb/26 | L1: Vta.Mar/26 | M1: Vta.Abr/26 | N1: Vta.May/26 | O1: Vta.Jun/26 | P1: Vta.Jul/26 | Q1: Jul/25 | R1: Ago/25 | S1: Sep/25 | T1: Oct/25 | U1: Nov/25 | V1: Dic/25 | W1: Ene/26 | X1: Feb/26 | Y1: Mar/26 | Z1: Abr/26 | AA1: May/26 | AB1: Jun/26 | AC1: Jul/26 | AD1: Rotacion DesEstac. | AE1: Rot. Manual | AF1: Estado Art.
A2: C00159 | B2: TONER SAMSUNG CPT ML1610/2010/4521/X3117 3K Univ. | C2: 5358125120017 | D2: 2 | E2: 3 | F2: 7 | G2: 4 | H2: 5 | J2: 6 | K2: 2 | L2: 5 | M2: 9 | N2: 4 | O2: 2 | P2: 2 | Q2: 0.0645 | R2: 0.0968 | S2: 0.2029 | T2: 0.129 | U2: 0.1667 | V2: 0 | W2: 0.2419 | X2: 0.084 | Y2: 0.1466 | Z2: 0.3333 | AA2: 0.1229 | AB2: 0.058 | AC2: 0.0645 | AD2: 0.1372 | AE2: 0.1372 | AF2: A
A3: C00160 | B3: TONER HP Q2612A / CANON FX9 / FX10 2K CPT | C3: 5350125120257 | D3: 20 | E3: 16 | F3: 24 | G3: 13 | H3: 9 | I3: 13 | J3: 13 | K3: 8 | L3: 31 | M3: 14 | N3: 25 | O3: 29 | P3: 20 | Q3: 0.6452 | R3: 0.5161 | S3: 0.6957 | T3: 0.4194 | U3: 0.3 | V3: 0.4194 | W3: 0.5242 | X3: 0.3361 | Y3: 0.9091 | Z3: 0.5185 | AA3: 0.768 | AB3: 0.8406 | AC3: 0.6452 | AD3: 0.5744 | AE3: 0.5744 | AF3: A
A4: C00163 | B4: TONER LEXMARK E120 - 12018SL CPT 2K | C4: 5357125120133 | Q4: 0 | R4: 0 | S4: 0 | T4: 0 | U4: 0 | V4: 0 | W4: 0 | X4: 0 | Y4: 0 | Z4: 0 | AA4: 0 | AB4: 0 | AC4: 0 | AF4: A
A5: C00164 | B5: TONER HP Q5949A / Q7553A 3K CPT | C5: 5350125120127 | D5: 1 | E5: 1 | G5: 1 | I5: 1 | J5: 1 | K5: 2 | M5: 3 | P5: 7 | Q5: 0.0323 | R5: 0.0323 | S5: 0 | T5: 0.0323 | U5: 0 | V5: 0.0323 | W5: 0.0403 | X5: 0.084 | Y5: 0 | Z5: 0.1111 | AA5: 0 | AB5: 0 | AC5: 0.3043 | AD5: 0.0304 | AE5: 0.0304 | AF5: A
A6: C00165 | B6: TONER HP C4092A/CANON EP-22 CPT 2.5K | C6: 5350125120059 | E6: 2 | F6: 1 | P6: 1 | Q6: 0 | R6: 0.2 | S6: 0 | T6: 0 | U6: 0 | V6: 0 | W6: 0 | X6: 0 | Y6: 0 | Z6: 0 | AA6: 0 | AB6: 0 | AC6: 1 | AF6: A
A7: C00166 | B7: TONER HP Q7553A 3K CPT | C7: 5350125120400 | Q7: 0 | R7: 0 | S7: 0 | T7: 0 | U7: 0 | V7: 0 | W7: 0 | X7: 0 | Y7: 0 | Z7: 0 | AA7: 0 | AB7: 0 | AC7: 0 | AF7: D
A8: C00174 | B8: TONER XEROX 106R01271 BK 6110 CPT 2.0k | C8: 5352125120022 | Q8: 0 | R8: 0 | S8: 0 | T8: 0 | U8: 0 | V8: 0 | W8: 0 | X8: 0 | Y8: 0 | Z8: 0 | AA8: 0 | AB8: 0 | AC8: 0 | AF8: A
A9: C00175 | B9: TONER XEROX 106R01272 CY 6110 CPT 1.0k | C9: 5352125120039 | N9: 2 | O9: -2 | Q9: 0 | R9: 0 | S9: 0 | T9: 0 | U9: 0 | V9: 0 | W9: 0 | X9: 0 | Y9: 0 | Z9: 0 | AA9: 0.1465 | AB9: -0.0915 | AC9: 0 | AF9: A
A10: C00176 | B10: TONER XEROX 106R01273 MG 6110 CPT 1.0K | C10: 5352125120046 | Q10: 0 | R10: 0 | S10: 0 | T10: 0 | U10: 0 | V10: 0 | W10: 0 | X10: 0 | Y10: 0 | Z10: 0 | AA10: 0 | AB10: 0 | AC10: 0 | AF10: A
A11: C00177 | B11: TONER XEROX 106R01274 YE 6110 CPT 1.0K | C11: 5352125120053 | Q11: 0 | R11: 0 | S11: 0 | T11: 0 | U11: 0 | V11: 0 | W11: 0 | X11: 0 | Y11: 0 | Z11: 0 | AA11: 0 | AB11: 0 | AC11: 0 | AF11: A
A12: C00178 | B12: TONER BROTHER TN-360/TN-2115/2125 CPT 2.6K | C12: 5353137120017 | D12: 14 | E12: 8 | F12: 6 | G12: 6 | H12: 15 | I12: 17 | K12: 6 | L12: 9 | M12: 6 | N12: 1 | O12: 13 | P12: 5 | Q12: 0.4516 | R12: 0.2581 | S12: 0.1739 | T12: 0.1935 | U12: 0.5 | V12: 0.5484 | W12: 0 | X12: 0.2521 | Y12: 0.2639 | Z12: 0.2222 | AA12: 0.0307 | AB12: 0.3768 | AC12: 0.1613 | AD12: 0.2726 | AE12: 0.2726 | AF12: A
A13: C00179 | B13: TONER BROTHER TN-580/TN-650 CPT 8K | C13: 5353125120029 | D13: 12 | E13: 2 | F13: 2 | G13: 21 | H13: 4 | I13: 5 | J13: 4 | K13: 2 | L13: 3 | M13: 13 | N13: 14 | O13: 7 | P13: 2 | Q13: 0.3871 | R13: 0.0645 | S13: 0.058 | T13: 0.6774 | U13: 0.1333 | V13: 0.1613 | W13: 0.1613 | X13: 0.084 | Y13: 0.088 | Z13: 0.4815 | AA13: 0.4301 | AB13: 0.2029 | AC13: 0.0645 | AD13: 0.2441 | AE13: 0.2441 | AF13: A
A14: C00181 | B14: TONER OKIDATA 2500/ 2520 - CPT 2.2K | Q14: 0 | R14: 0 | S14: 0 | T14: 0 | U14: 0 | V14: 0 | W14: 0 | X14: 0 | Y14: 0 | Z14: 0 | AA14: 0 | AB14: 0 | AC14: 0 | AF14: D
A15: C00182 | B15: TONER OKIDATA 6300 - CPT 10K | C15: 5352125120060 | Q15: 0 | R15: 0 | S15: 0 | T15: 0 | U15: 0 | V15: 0 | W15: 0 | X15: 0 | Y15: 0 | Z15: 0 | AA15: 0 | AB15: 0 | AC15: 0 | AF15: A
A16: C00183 | B16: TONER XEROX 3140 / 3160 108R00909 2.5k CPT | C16: 5352137120065 | D16: 1 | E16: 5 | F16: 2 | G16: 5 | H16: 1 | I16: 1 | K16: 1 | L16: 2 | M16: 5 | N16: 2 | O16: 7 | P16: 1 | Q16: 0.0323 | R16: 0.1613 | S16: 0.058 | T16: 0.1613 | U16: 0.0333 | V16: 0.0323 | W16: 0 | X16: 0.042 | Y16: 0.0587 | Z16: 0.1852 | AA16: 0.0614 | AB16: 0.2029 | AC16: 0.0323 | AD16: 0.0857 | AE16: 0.0857 | AF16: A
A17: C00184 | B17: TONER SAMSUNG MLT-104S - CPT 1665/3200/3205 1.5K | C17: 5358125120055 | D17: 65 | E17: 75 | F17: 55 | G17: 33 | H17: 69 | I17: 38 | J17: 40 | K17: 40 | L17: 43 | M17: 72 | N17: 45 | O17: 64 | P17: 22 | Q17: 2.0968 | R17: 2.4194 | S17: 1.5942 | T17: 1.0645 | U17: 2.3 | V17: 1.2258 | W17: 1.6129 | X17: 1.6807 | Y17: 1.261 | Z17: 2.6667 | AA17: 1.3825 | AB17: 1.8551 | AC17: 0.7097 | AD17: 1.7633 | AE17: 1.7633 | AF17: A
A18: C00185 | B18: TONER KYOCERA TK-112/TK-110 CPT 6K | C18: 5361125120017 | Q18: 0 | R18: 0 | S18: 0 | T18: 0 | U18: 0 | V18: 0 | W18: 0 | X18: 0 | Y18: 0 | Z18: 0 | AA18: 0 | AB18: 0 | AC18: 0 | AF18: A
A19: C00186 | B19: TONER CANON FX9 CPT 2K | C19: 5358125120062 | Q19: 0 | R19: 0 | S19: 0 | T19: 0 | U19: 0 | V19: 0 | W19: 0 | X19: 0 | Y19: 0 | Z19: 0 | AA19: 0 | AB19: 0 | AC19: 0 | AF19: D
A20: C00187 | B20: TONER SAMSUNG 105L 2,5K CPT | C20: 5359137120019 | D20: 15 | E20: 6 | F20: 15 | G20: 6 | H20: 8 | I20: 3 | J20: 8 | K20: 3 | L20: 12 | M20: 5 | N20: 14 | O20: 28 | P20: 6 | Q20: 0.4839 | R20: 0.1935 | S20: 0.4348 | T20: 0.1935 | U20: 0.2667 | V20: 0.0968 | W20: 0.3226 | X20: 0.1261 | Y20: 0.3519 | Z20: 0.1852 | AA20: 0.4301 | AB20: 0.8116 | AC20: 0.1935 | AD20: 0.3247 | AE20: 0.3247 | AF20: A
A21: C00188 | B21: TONER HP CE278A 2.1K CPT | C21: 5350137120535 | Q21: 0 | R21: 0 | S21: 0 | T21: 0 | U21: 0 | V21: 0 | W21: 0 | X21: 0 | Y21: 0 | Z21: 0 | AA21: 0 | AB21: 0 | AC21: 0 | AF21: A
A22: C00189 | B22: TONER HP CE255X CPT 12.5K | C22: 5350137120528 | E22: 1 | F22: 3 | I22: 1 | M22: 3 | O22: 10 | P22: 2 | Q22: 0 | R22: 0.0323 | S22: 0.087 | T22: 0 | U22: 0 | V22: 0.0323 | W22: 0 | X22: 0 | Y22: 0 | Z22: 0.1111 | AA22: 0 | AB22: 4.3478 | AC22: 2 | AD22: 0.0239 | AE22: 0.0239 | AF22: A
A23: C00190 | B23: TONER BROTHER TN-450/2250 CPT 2.5K | C23: 5353125120036 | D23: 48 | E23: 45 | F23: 93 | G23: 50 | H23: 29 | I23: 243 | J23: 46 | K23: -44 | L23: 74 | M23: 75 | N23: 49 | O23: 57 | P23: 18 | Q23: 1.5484 | R23: 1.4516 | S23: 2.6957 | T23: 1.6129 | U23: 0.9667 | V23: 7.8387 | W23: 1.8548 | X23: -1.8487 | Y23: 2.1701 | Z23: 2.7778 | AA23: 1.5054 | AB23: 1.6522 | AC23: 0.5806 | AD23: 2.0188 | AE23: 2.0188 | AF23: A
A24: C00191 | B24: TONER BROTHER TN-650 CPT 8K | Q24: 0 | R24: 0 | S24: 0 | T24: 0 | U24: 0 | V24: 0 | W24: 0 | X24: 0 | Y24: 0 | Z24: 0 | AA24: 0 | AB24: 0 | AC24: 0 | AF24: D
A25: C00192 | B25: TONER SAMSUNG CLP-409 BK CPT 1.5K | C25: 5358137120104 | Q25: 0 | R25: 0 | S25: 0 | T25: 0 | U25: 0 | V25: 0 | W25: 0 | X25: 0 | Y25: 0 | Z25: 0 | AA25: 0 | AB25: 0 | AC25: 0 | AF25: D
A26: C00193 | B26: TONER SAMSUNG CLP-409 CY CPT 1.0K | C26: 5358137120111 | Q26: 0 | R26: 0 | S26: 0 | T26: 0 | U26: 0 | V26: 0 | W26: 0 | X26: 0 | Y26: 0 | Z26: 0 | AA26: 0 | AB26: 0 | AC26: 0 | AF26: D
A27: C00194 | B27: TONER SAMSUNG CLP-409 MG CPT 1.0K | C27: 5358137120128 | Q27: 0 | R27: 0 | S27: 0 | T27: 0 | U27: 0 | V27: 0 | W27: 0 | X27: 0 | Y27: 0 | Z27: 0 | AA27: 0 | AB27: 0 | AC27: 0 | AF27: D
A28: C00195 | B28: TONER SAMSUNG CLP-409 YE CPT 1.0K | C28: 5358137120135 | Q28: 0 | R28: 0 | S28: 0 | T28: 0 | U28: 0 | V28: 0 | W28: 0 | X28: 0 | Y28: 0 | Z28: 0 | AA28: 0 | AB28: 0 | AC28: 0 | AF28: D
A29: C00196 | B29: TONER SAMSUNG CLT-407/409S BK CPT 1.5K | C29: 5358137120142 | Q29: 0 | R29: 0 | S29: 0 | T29: 0 | U29: 0 | V29: 0 | W29: 0 | X29: 0 | Y29: 0 | Z29: 0 | AA29: 0 | AB29: 0 | AC29: 0 | AF29: A
A30: C00197 | B30: TONER SAMSUNG CLT-407/409S CY CPT 1.0K | C30: 5358137120159 | Q30: 0 | R30: 0 | S30: 0 | T30: 0 | U30: 0 | V30: 0 | W30: 0 | X30: 0 | Y30: 0 | Z30: 0 | AA30: 0 | AB30: 0 | AC30: 0 | AF30: A
A31: C00198 | B31: TONER SAMSUNG CLT-407/409S MG CPT 1.0K | C31: 5358137120166 | Q31: 0 | R31: 0 | S31: 0 | T31: 0 | U31: 0 | V31: 0 | W31: 0 | X31: 0 | Y31: 0 | Z31: 0 | AA31: 0 | AB31: 0 | AC31: 0 | AF31: A
A32: C00199 | B32: TONER SAMSUNG CLT-407/409S YE CPT 1.0K | C32: 5358137120173 | Q32: 0 | R32: 0 | S32: 0 | T32: 0 | U32: 0 | V32: 0 | W32: 0 | X32: 0 | Y32: 0 | Z32: 0 | AA32: 0 | AB32: 0 | AC32: 0 | AF32: A
A33: C00200 | B33: TONER HP CB540A (128A) /CE320A/CF210X BK 2.2K CPT | C33: 5350137120566 | D33: 3 | E33: 2 | F33: 1 | G33: 1 | H33: 1 | I33: 2 | K33: 2 | L33: 1 | Q33: 0.0968 | R33: 0.1176 | S33: 0 | T33: 0.0625 | U33: 0.0333 | V33: 0.0645 | W33: 0 | X33: 0.084 | Y33: 0.0293 | Z33: 0 | AA33: 0 | AB33: 0 | AC33: 0 | AD33: 0.0342 | AE33: 0.0342 | AF33: A
A34: C00201 | B34: TONER HP CB541A (128A) /CE321A/CF211A CY 1.4K CPT | C34: 5350137120573 | D34: 3 | E34: 4 | F34: 1 | G34: 1 | H34: 1 | K34: 2 | O34: 1 | Q34: 0.0968 | R34: 0.129 | S34: 0.029 | T34: 0.0323 | U34: 0.0333 | V34: 0 | W34: 0 | X34: 0.084 | Y34: 0 | Z34: 0 | AA34: 0 | AB34: 0.029 | AC34: 0 | AD34: 0.0361 | AE34: 0.0361 | AF34: A
A35: C00202 | B35: TONER HP CB542A (128A) /CE322A/CF212A YE 1.4K CPT | C35: 5350137120580 | D35: 5 | E35: 1 | G35: 1 | H35: 1 | K35: 1 | L35: 1 | O35: 1 | Q35: 0.4545 | R35: 0.0323 | S35: 0 | T35: 0.0323 | U35: 0.0333 | V35: 0 | W35: 0 | X35: 0.042 | Y35: 0.0293 | Z35: 0 | AA35: 0 | AB35: 0.029 | AC35: 0 | AD35: 0.018 | AE35: 0.018 | AF35: A
A36: C00203 | B36: TONER HP CB543A (128A) /CE323A/CF213A MG 1.4K CPT | C36: 5350137120597 | D36: 1 | E36: 1 | G36: 1 | H36: 1 | K36: 2 | L36: 1 | Q36: 0.0323 | R36: 0.0323 | S36: 0 | T36: 0.0323 | U36: 0.0333 | V36: 0 | W36: 0 | X36: 0.084 | Y36: 0.0293 | Z36: 0 | AA36: 0 | AB36: 0 | AC36: 0 | AD36: 0.0203 | AE36: 0.0203 | AF36: A
A37: C00204 | B37: TONER SAMSUNG D101/ML-2165 1.5K | C37: 5358137120180 | D37: 227 | E37: 163 | F37: 165 | G37: 124 | H37: 91 | I37: 114 | J37: 197 | K37: 111 | L37: 202 | M37: 145 | N37: 171 | O37: 170 | P37: 116 | Q37: 7.3226 | R37: 5.2581 | S37: 4.7826 | T37: 4 | U37: 3.0333 | V37: 3.6774 | W37: 7.9435 | X37: 4.6639 | Y37: 5.9238 | Z37: 5.3704 | AA37: 5.2535 | AB37: 4.9275 | AC37: 3.7419 | AD37: 5.1797 | AE37: 5.1797 | AF37: A
A38: C00205 | B38: TONER XEROX 3010/3040 CPT 2.2K 106R02182 | C38: 5352137120089 | F38: 3 | I38: 6 | L38: 1 | Q38: 0 | R38: 0 | S38: 0.087 | T38: 0 | U38: 0 | V38: 0.1935 | W38: 0 | X38: 0 | Y38: 0.0293 | Z38: 0 | AA38: 0 | AB38: 0 | AC38: 0 | AD38: 0.0258 | AE38: 0.0258 | AF38: A
A39: C00206 | B39: TONER BROTHER TN-750/3385/3380/3340 CPT 8K | C39: 5353137120055 | D39: 13 | E39: 7 | F39: 57 | G39: 5 | H39: 6 | I39: 13 | J39: 7 | K39: 31 | L39: -30 | M39: 25 | N39: 7 | O39: 17 | P39: 14 | Q39: 0.4194 | R39: 0.2258 | S39: 1.6522 | T39: 0.2941 | U39: 0.2 | V39: 0.4194 | W39: 0.2823 | X39: 1.3025 | Y39: -0.8798 | Z39: 0.9259 | AA39: 0.2151 | AB39: 0.4928 | AC39: 0.4516 | AD39: 0.4778 | AE39: 0.4778 | AF39: A
A40: C00207 | B40: TONER SAMSUNG ML2850 5.0K | C40: 5358137120197 | D40: 1 | E40: 18 | F40: 11 | G40: 13 | I40: 2 | J40: 2 | K40: 6 | L40: 4 | M40: 3 | N40: 1 | O40: 2 | P40: 2 | Q40: 0.0323 | R40: 0.5806 | S40: 0.3188 | T40: 0.4194 | U40: 0 | V40: 0.0645 | W40: 0.0806 | X40: 0.2521 | Y40: 0.1173 | Z40: 0.1111 | AA40: 0.0307 | AB40: 0.058 | AC40: 0.0645 | AD40: 0.1721 | AE40: 0.1721 | AF40: A
A41: C00263 | B41: TAMBOR BROTHER DR-360 CPT 12K | C41: 5350137120610 | D41: 4 | E41: 2 | F41: 3 | G41: 2 | H41: 3 | I41: 4 | J41: 3 | K41: 1 | L41: 3 | N41: 1 | O41: 4 | Q41: 0.1481 | R41: 0.0714 | S41: 0.087 | T41: 0.0645 | U41: 0.1 | V41: 0.129 | W41: 0.121 | X41: 0.042 | Y41: 0.088 | Z41: 0 | AA41: 0.0307 | AB41: 0.1159 | AC41: 0 | AD41: 0.0778 | AE41: 0.0778 | AF41: A
A42: C00264 | B42: TAMBOR BROTHER DR-450/420 CPT 12K | C42: 5350137120627 | D42: 18 | E42: 16 | F42: 56 | G42: -1 | H42: 16 | I42: 9 | J42: 6 | K42: 13 | L42: 27 | M42: 15 | N42: 20 | O42: 16 | P42: 11 | Q42: 0.5806 | R42: 0.5161 | S42: 1.6232 | T42: -0.0323 | U42: 0.5333 | V42: 0.2903 | W42: 0.2419 | X42: 0.5462 | Y42: 0.7918 | Z42: 0.5556 | AA42: 0.6144 | AB42: 0.4638 | AC42: 0.3548 | AD42: 0.5604 | AE42: 0.5604 | AF42: A
A43: C00265 | B43: TAMBOR BROTHER DR-620/520 CPT 25K | C43: 5350137120634 | D43: 29 | E43: 1 | F43: 12 | G43: 5 | H43: 8 | J43: 2 | K43: 10 | L43: 2 | M43: 3 | N43: 1 | O43: 8 | P43: 2 | Q43: 0.9355 | R43: 0.0323 | S43: 0.3478 | T43: 0.1613 | U43: 0.8889 | V43: 0 | W43: 0.125 | X43: 0.4202 | Y43: 0.0587 | Z43: 0.1111 | AA43: 0.0307 | AB43: 0.2319 | AC43: 0.0645 | AD43: 0.2588 | AE43: 0.2588 | AF43: A
A44: C00266 | B44: TONER BROTHER TN-350 CPT 2.5K | C44: 5350137120603 | G44: 4 | J44: 5 | P44: 2 | Q44: 0 | R44: 0 | S44: 0 | T44: 0.129 | U44: 0 | V44: 0 | W44: 0.2016 | X44: 0 | Y44: 0 | Z44: 0 | AA44: 0 | AB44: 0 | AC44: 0.0645 | AD44: 0.0276 | AE44: 0.0276 | AF44: A
A45: C00267 | B45: TONER HP C3906A CPT 2.5K | C45: 5350137120641 | Q45: 0 | R45: 0 | S45: 0 | T45: 0 | U45: 0 | V45: 0 | W45: 0 | X45: 0 | Y45: 0 | Z45: 0 | AA45: 0 | AB45: 0 | AC45: 0 | AF45: A
A46: C00268 | B46: TONER HP C7115A / Q2613A / Q2624A Univ CPT 2.5K | C46: 5350137120658 | E46: 1 | F46: 2 | H46: 3 | K46: 7 | M46: -2 | N46: 2 | Q46: 0 | R46: 0 | S46: 0 | T46: 0 | U46: 0.1 | V46: 0 | W46: 0 | X46: 0.3294 | Y46: 0 | Z46: 0 | AA46: 0 | AB46: 0 | AC46: 0 | AD46: 0.0333 | AE46: 0.0333 | AF46: A
A47: C00269 | B47: TONER HP C7115X / Q2613X CPT 3.5K | C47: 5350137120665 | M47: 1 | Q47: 0 | R47: 0 | S47: 0 | T47: 0 | U47: 0 | V47: 0 | W47: 0 | X47: 0 | Y47: 0 | Z47: 0.037 | AA47: 0 | AB47: 0 | AC47: 0 | AD47: 0.0031 | AE47: 0.0031 | AF47: A
A48: C00270 | B48: TONER HP CC364A / 390A CPT 10K | C48: 5350137120672 | L48: 1 | Q48: 0 | R48: 0 | S48: 0 | T48: 0 | U48: 0 | V48: 0 | W48: 0 | X48: 0 | Y48: 0.0293 | Z48: 0 | AA48: 0 | AB48: 0 | AC48: 0 | AD48: 0.0024 | AE48: 0.0024 | AF48: A
A49: C00271 | B49: TONER HP CC364X / 390X CPT 24K | C49: 5350137120689 | D49: 1 | F49: 1 | G49: 9 | H49: 2 | I49: 2 | J49: 9 | K49: 1 | L49: 5 | N49: 1 | P49: 13 | Q49: 0.0323 | R49: 0 | S49: 0.029 | T49: 0.5 | U49: 0.0667 | V49: 0.0645 | W49: 0.3629 | X49: 0.042 | Y49: 0.2392 | Z49: 0 | AA49: 0.0317 | AB49: 0 | AC49: 0.4194 | AD49: 0.0747 | AE49: 0.0747 | AF49: A
A50: C00272 | B50: TONER HP Q2612X 3K CPT | C50: 5350137120788 | D50: 5 | G50: 1 | H50: 2 | I50: 1 | O50: 2 | P50: 8 | Q50: 0.1613 | R50: 0 | S50: 0 | T50: 0.0323 | U50: 0.0667 | V50: 0.0323 | W50: 0 | X50: 0 | Y50: 0 | Z50: 0 | AA50: 0 | AB50: 0.058 | AC50: 0.2581 | AD50: 0.0292 | AE50: 0.0292 | AF50: A
A51: C00273 | B51: TONER HP Q5949X 6K CPT | C51: 5350137120795 | Q51: 0 | R51: 0 | S51: 0 | T51: 0 | U51: 0 | V51: 0 | W51: 0 | X51: 0 | Y51: 0 | Z51: 0 | AA51: 0 | AB51: 0 | AC51: 0 | AF51: A
A52: C00274 | B52: TONER HP C530 BK CPT 3.5K | Q52: 0 | R52: 0 | S52: 0 | T52: 0 | U52: 0 | V52: 0 | W52: 0 | X52: 0 | Y52: 0 | Z52: 0 | AA52: 0 | AB52: 0 | AC52: 0 | AF52: D
A53: C00275 | B53: TONER HP C531 CY CPT 2.8K | Q53: 0 | R53: 0 | S53: 0 | T53: 0 | U53: 0 | V53: 0 | W53: 0 | X53: 0 | Y53: 0 | Z53: 0 | AA53: 0 | AB53: 0 | AC53: 0 | AF53: D
A54: C00276 | B54: TONER HP C532 YE CPT 2.8K | Q54: 0 | R54: 0 | S54: 0 | T54: 0 | U54: 0 | V54: 0 | W54: 0 | X54: 0 | Y54: 0 | Z54: 0 | AA54: 0 | AB54: 0 | AC54: 0 | AF54: D
A55: C00277 | B55: TONER HP C533 MG CPT 2.8K | Q55: 0 | R55: 0 | S55: 0 | T55: 0 | U55: 0 | V55: 0 | W55: 0 | X55: 0 | Y55: 0 | Z55: 0 | AA55: 0 | AB55: 0 | AC55: 0 | AF55: D
A56: C00278 | B56: TONER HP CE310/CF350A BK CPT 1.3K | C56: 5350137120740 | D56: 1 | F56: 3 | G56: 4 | I56: 2 | J56: 1 | L56: 4 | M56: 3 | P56: 1 | Q56: 0.0323 | R56: 0 | S56: 0.087 | T56: 0.129 | U56: 0 | V56: 0.0645 | W56: 0.0403 | X56: 0 | Y56: 0.1173 | Z56: 0.1111 | AA56: 0 | AB56: 0 | AC56: 0.0323 | AD56: 0.0485 | AE56: 0.0485 | AF56: A
A57: C00279 | B57: TONER HP CE311/CF351 CY CPT 1.0K | C57: 5350137120757 | F57: 3 | G57: 2 | I57: 1 | J57: 4 | L57: 3 | M57: 3 | N57: -1 | P57: 1 | Q57: 0 | R57: 0 | S57: 0.087 | T57: 0.0645 | U57: 0 | V57: 0.0323 | W57: 0.1613 | X57: 0 | Y57: 0.088 | Z57: 0.2381 | AA57: 0 | AB57: 0 | AC57: 0.0556 | AD57: 0.0481 | AE57: 0.0481 | AF57: A
A58: C00280 | B58: TONER HP CE312/CF352 YE CPT 1.0K | C58: 5350137120764 | E58: 3 | F58: 1 | G58: 3 | I58: 1 | K58: 1 | L58: 2 | M58: 2 | N58: -1 | P58: 1 | Q58: 0 | R58: 0.0968 | S58: 0.029 | T58: 0.0968 | U58: 0 | V58: 0.0323 | W58: 0 | X58: 0.042 | Y58: 0.0587 | Z58: 0.0741 | AA58: -0.0307 | AB58: 0 | AC58: 0.0323 | AD58: 0.0333 | AE58: 0.0333 | AF58: A
A59: C00281 | B59: TONER HP CE313/CF353 MG CPT 1.0K | C59: 5350137120771 | F59: 1 | G59: 2 | I59: 1 | J59: 3 | K59: 1 | L59: 2 | M59: 2 | O59: 1 | P59: 1 | Q59: 0 | R59: 0 | S59: 0.029 | T59: 0.0645 | U59: 0 | V59: 0.0323 | W59: 0.121 | X59: 0.042 | Y59: 0.0587 | Z59: 0.0741 | AA59: 0 | AB59: 0.029 | AC59: 0.0323 | AD59: 0.0376 | AE59: 0.0376 | AF59: A
A60: C00283 | B60: TONER LEXMARK E210 CPT 2.5K | C60: 5350137120818 | Q60: 0 | R60: 0 | S60: 0 | T60: 0 | U60: 0 | V60: 0 | W60: 0 | X60: 0 | Y60: 0 | Z60: 0 | AA60: 0 | AB60: 0 | AC60: 0 | AF60: A
A61: C00284 | B61: TONER LEXMARK 2.5K E230/E232/E234/240/E330/E33 CPT | C61: 5350137120825 | Q61: 0 | R61: 0 | S61: 0 | T61: 0 | U61: 0 | V61: 0 | W61: 0 | X61: 0 | Y61: 0 | Z61: 0 | AA61: 0 | AB61: 0 | AC61: 0 | AF61: A
A62: C00285 | B62: TONER LEXMARK E250 CPT 3.5K | C62: 5350137120832 | Q62: 0 | R62: 0 | S62: 0 | T62: 0 | U62: 0 | V62: 0 | W62: 0 | X62: 0 | Y62: 0 | Z62: 0 | AA62: 0 | AB62: 0 | AC62: 0 | AF62: A
A63: C00286 | B63: TONER OKIDATA 2500X CPT 4K | C63: 5360125120027 | Q63: 0 | R63: 0 | S63: 0 | T63: 0 | U63: 0 | V63: 0 | W63: 0 | X63: 0 | Y63: 0 | Z63: 0 | AA63: 0 | AB63: 0 | AC63: 0 | AF63: D
A64: C00287 | B64: TONER SAMSUNG CLP-300 BK CPT 2K | C64: 5358137120265 | Q64: 0 | R64: 0 | S64: 0 | T64: 0 | U64: 0 | V64: 0 | W64: 0 | X64: 0 | Y64: 0 | Z64: 0 | AA64: 0 | AB64: 0 | AC64: 0 | AF64: A
A65: C00288 | B65: TONER SAMSUNG CLP-300 CY CPT 1K | C65: 5358137120203 | Q65: 0 | R65: 0 | S65: 0 | T65: 0 | U65: 0 | V65: 0 | W65: 0 | X65: 0 | Y65: 0 | Z65: 0 | AA65: 0 | AB65: 0 | AC65: 0 | AF65: A
A66: C00289 | B66: TONER SAMSUNG CLP-300 MG CPT 1K | C66: 5358137120210 | Q66: 0 | R66: 0 | S66: 0 | T66: 0 | U66: 0 | V66: 0 | W66: 0 | X66: 0 | Y66: 0 | Z66: 0 | AA66: 0 | AB66: 0 | AC66: 0 | AF66: D
A67: C00290 | B67: TONER SAMSUNG CLP-300 YE CPT 1K | C67: 5358137120227 | Q67: 0 | R67: 0 | S67: 0 | T67: 0 | U67: 0 | V67: 0 | W67: 0 | X67: 0 | Y67: 0 | Z67: 0 | AA67: 0 | AB67: 0 | AC67: 0 | AF67: A
A68: C00295 | B68: TONER XEROX 6125 BK CPT 2K | C68: 5350137121259 | Q68: 0 | R68: 0 | S68: 0 | T68: 0 | U68: 0 | V68: 0 | W68: 0 | X68: 0 | Y68: 0 | Z68: 0 | AA68: 0 | AB68: 0 | AC68: 0 | AF68: D
A69: C00296 | B69: TONER XEROX 6125 CY CPT 1K | C69: 5350137121266 | Q69: 0 | R69: 0 | S69: 0 | T69: 0 | U69: 0 | V69: 0 | W69: 0 | X69: 0 | Y69: 0 | Z69: 0 | AA69: 0 | AB69: 0 | AC69: 0 | AF69: A
A70: C00297 | B70: TONER XEROX 6125 MG CPT 1K | C70: 5350137121273 | Q70: 0 | R70: 0 | S70: 0 | T70: 0 | U70: 0 | V70: 0 | W70: 0 | X70: 0 | Y70: 0 | Z70: 0 | AA70: 0 | AB70: 0 | AC70: 0 | AF70: A
A71: C00298 | B71: TONER XEROX 6125 YE CPT 1K | C71: 5350137121280 | Q71: 0 | R71: 0 | S71: 0 | T71: 0 | U71: 0 | V71: 0 | W71: 0 | X71: 0 | Y71: 0 | Z71: 0 | AA71: 0 | AB71: 0 | AC71: 0 | AF71: A
... A75: C00302 | B75: TONER XEROX 6130 YE CPT 1.9K | C75: 5350137121327 | Q75: 0 | R75: 0 | S75: 0 | T75: 0 | U75: 0 | V75: 0 | W75: 0 | X75: 0 | Y75: 0 | Z75: 0 | AA75: 0 | AB75: 0 | AC75: 0 | AF75: A
A76: C00303 | B76: TONER SAMSUNG MLT-D103L 2.5k CPT | C76: 5350137121013 | D76: 17 | E76: 10 | F76: 14 | G76: 23 | H76: 13 | I76: 6 | J76: -3 | K76: 21 | L76: 11 | M76: 9 | N76: 12 | O76: 21 | P76: 13 | Q76: 0.5484 | R76: 0.3226 | S76: 0.4058 | T76: 0.7419 | U76: 0.4333 | V76: 0.1935 | W76: -0.121 | X76: 0.8824 | Y76: 0.3226 | Z76: 0.3333 | AA76: 0.3687 | AB76: 0.6087 | AC76: 0.4194 | AD76: 0.42 | AE76: 0.42 | AF76: A
A77: C00305 | B77: TONER SAMSUNG MLT-109L/SCX4300 CPT 2K | C77: 5358137120234 | E77: 1 | H77: 1 | L77: 2 | O77: 1 | Q77: 0 | R77: 0.0323 | S77: 0 | T77: 0 | U77: 0.0333 | V77: 0 | W77: 0 | X77: 0 | Y77: 0.0587 | Z77: 0 | AA77: 0 | AB77: 0.029 | AC77: 0 | AD77: 0.0128 | AE77: 0.0128 | AF77: D
A78: C00307 | B78: TAMBOR BROTHER HL-2030/2035/2040 CPT | Q78: 0 | R78: 0 | S78: 0 | T78: 0 | U78: 0 | V78: 0 | W78: 0 | X78: 0 | Y78: 0 | Z78: 0 | AA78: 0 | AB78: 0 | AC78: 0 | AF78: D
A79: C00313 | B79: TONER LEXMARK E350 CPT 9K | C79: 5350137120849 | O79: 1 | Q79: 0 | R79: 0 | S79: 0 | T79: 0 | U79: 0 | V79: 0 | W79: 0 | X79: 0 | Y79: 0 | Z79: 0 | AA79: 0 | AB79: 0.029 | AC79: 0 | AD79: 0.0024 | AE79: 0.0024 | AF79: D
A80: C00316 | B80: TAMBOR LEXMARK E120 17K | C80: 5350137120801 | Q80: 0 | R80: 0 | S80: 0 | T80: 0 | U80: 0 | V80: 0 | W80: 0 | X80: 0 | Y80: 0 | Z80: 0 | AA80: 0 | AB80: 0 | AC80: 0 | AF80: D
A81: C00317 | B81: TONER SAMSUNG MLT-1640/108 CPT 1.5K | C81: 5350137120856 | D81: 3 | E81: 4 | F81: 7 | G81: 8 | H81: 5 | I81: 9 | K81: 2 | L81: 1 | M81: 5 | N81: 5 | O81: 3 | P81: 1 | Q81: 0.0968 | R81: 0.129 | S81: 0.2029 | T81: 0.2581 | U81: 0.1667 | V81: 0.2903 | W81: 0 | X81: 0.084 | Y81: 0.0293 | Z81: 0.1852 | AA81: 0.1536 | AB81: 0.087 | AC81: 0.0323 | AD81: 0.1402 | AE81: 0.1402 | AF81: A
A82: C00318 | B82: TONER SAMSUNG MLT-1670 CPT 1.5K | C82: 5350137120863 | Q82: 0 | R82: 0 | S82: 0 | T82: 0 | U82: 0 | V82: 0 | W82: 0 | X82: 0 | Y82: 0 | Z82: 0 | AA82: 0 | AB82: 0 | AC82: 0 | AF82: A
A83: C00319 | B83: TONER HP CE255A CPT 6K | C83: 5350137120733 | F83: 1 | I83: 3 | L83: 4 | M83: 1 | N83: 3 | Q83: 0 | R83: 0 | S83: 0.029 | T83: 0 | U83: 0 | V83: 0.0968 | W83: 0 | X83: 0 | Y83: 0.1173 | Z83: 0.037 | AA83: 0.1143 | AB83: 0 | AC83: 0 | AD83: 0.0311 | AE83: 0.0311 | AF83: A
A84: C00324 | B84: TONER BROTHER TN-210 BK CPT 2.2K | C84: 5350137121204 | Q84: 0 | R84: 0 | S84: 0 | T84: 0 | U84: 0 | V84: 0 | W84: 0 | X84: 0 | Y84: 0 | Z84: 0 | AA84: 0 | AB84: 0 | AC84: 0 | AF84: A
A85: C00325 | B85: TONER BROTHER TN-210 CY CPT 1.4K | C85: 5350137121211 | Q85: 0 | R85: 0 | S85: 0 | T85: 0 | U85: 0 | V85: 0 | W85: 0 | X85: 0 | Y85: 0 | Z85: 0 | AA85: 0 | AB85: 0 | AC85: 0 | AF85: A
A86: C00326 | B86: TONER BROTHER TN-210 MG CPT 1.4K | C86: 5350137121228 | Q86: 0 | R86: 0 | S86: 0 | T86: 0 | U86: 0 | V86: 0 | W86: 0 | X86: 0 | Y86: 0 | Z86: 0 | AA86: 0 | AB86: 0 | AC86: 0 | AF86: A
A87: C00327 | B87: TONER BROTHER TN-210 YE CPT 1.4K | C87: 5350137121235 | F87: 1 | Q87: 0 | R87: 0 | S87: 0.029 | T87: 0 | U87: 0 | V87: 0 | W87: 0 | X87: 0 | Y87: 0 | Z87: 0 | AA87: 0 | AB87: 0 | AC87: 0 | AD87: 0.0024 | AE87: 0.0024 | AF87: A
A88: C00328 | B88: TONER HP CF280A/CE505A/CRG120 CPT 2.3K | C88: 5350137121358 | D88: 7 | E88: 15 | F88: 2 | G88: 15 | H88: 17 | I88: 7 | J88: 15 | L88: 33 | N88: 23 | O88: 4 | P88: 11 | Q88: 0.2258 | R88: 0.4839 | S88: 0.058 | T88: 0.4839 | U88: 0.5667 | V88: 0.2258 | W88: 0.6048 | X88: 0 | Y88: 0.9677 | Z88: 0 | AA88: 0.7066 | AB88: 0.1159 | AC88: 0.3548 | AD88: 0.3699 | AE88: 0.3699 | AF88: A
A89: C00329 | B89: TONER OKIDATA B4400/4500/4600 CPT 7K | C89: 5358137120241 | E89: 1 | Q89: 0 | R89: 0 | S89: 0 | T89: 0 | U89: 0 | V89: 0 | W89: 0 | X89: 0 | Y89: 0 | Z89: 0 | AA89: 0 | AB89: 0 | AC89: 0 | AF89: A
A90: C00339 | B90: TONER SAMSUNG SCX-4725 CPT 3K | C90: 5358137120876 | Q90: 0 | R90: 0 | S90: 0 | T90: 0 | U90: 0 | V90: 0 | W90: 0 | X90: 0 | Y90: 0 | Z90: 0 | AA90: 0 | AB90: 0 | AC90: 0 | AF90: D
A91: C00353 | B91: TONER XEROX PE120 BK CPT 5K | C91: 5350137121334 | Q91: 0 | R91: 0 | S91: 0 | T91: 0 | U91: 0 | V91: 0 | W91: 0 | X91: 0 | Y91: 0 | Z91: 0 | AA91: 0 | AB91: 0 | AC91: 0 | AF91: D
A92: C00357 | B92: TONER XEROX CCL 3119 CPT 3K | C92: 5358137120678 | Q92: 0 | R92: 0 | S92: 0 | T92: 0 | U92: 0 | V92: 0 | W92: 0 | X92: 0 | Y92: 0 | Z92: 0 | AA92: 0 | AB92: 0 | AC92: 0 | AF92: D
A93: C00375 | B93: TONER BROTHER TN-1060/1030 BK CPT 1K | C93: 5350137121150 | D93: 2698 | E93: 1496 | F93: 2642 | G93: 1253 | H93: 1500 | I93: 1612 | J93: 1819 | K93: 1715 | L93: 2394 | M93: 2155 | N93: 1402 | O93: 2035 | P93: 1897 | Q93: 87.0323 | R93: 48.2581 | S93: 76.5797 | T93: 40.4194 | U93: 50 | V93: 52 | W93: 73.3468 | X93: 72.0588 | Y93: 70.2053 | Z93: 79.8148 | AA93: 43.0722 | AB93: 58.9855 | AC93: 61.1935 | AD93: 62.6477 | AE93: 62.6477 | AF93: A
A94: C00376 | B94: TONER LEXMARK E260A11L E260/E360/E460 CPT 3.5K | C94: 5350137121020 | D94: 1 | E94: 5 | G94: 15 | H94: 5 | I94: 1 | J94: 2 | L94: 1 | N94: 1 | P94: 1 | Q94: 0.0323 | R94: 0.1613 | S94: 0 | T94: 0.4839 | U94: 0.1667 | V94: 0.0323 | W94: 0.0806 | X94: 0 | Y94: 0.0293 | Z94: 0 | AA94: 0.0307 | AB94: 0 | AC94: 0.0323 | AD94: 0.0848 | AE94: 0.0848 | AF94: A
A95: C00377 | B95: TONER BROTHER TN-115 BK CPT 5K | C95: 5350137121037 | Q95: 0 | R95: 0 | S95: 0 | T95: 0 | U95: 0 | V95: 0 | W95: 0 | X95: 0 | Y95: 0 | Z95: 0 | AA95: 0 | AB95: 0 | AC95: 0 | AF95: D
A96: C00378 | B96: TONER BROTHER TN-115 CY CPT 4K | C96: 5350137121044 | Q96: 0 | R96: 0 | S96: 0 | T96: 0 | U96: 0 | V96: 0 | W96: 0 | X96: 0 | Y96: 0 | Z96: 0 | AA96: 0 | AB96: 0 | AC96: 0 | AF96: A
A97: C00379 | B97: TONER BROTHER TN-115 MG CPT 4K | C97: 5350137121051 | Q97: 0 | R97: 0 | S97: 0 | T97: 0 | U97: 0 | V97: 0 | W97: 0 | X97: 0 | Y97: 0 | Z97: 0 | AA97: 0 | AB97: 0 | AC97: 0 | AF97: A
A98: C00380 | B98: TONER BROTHER TN-115 YE CPT 4K | C98: 5350137121068 | Q98: 0 | R98: 0 | S98: 0 | T98: 0 | U98: 0 | V98: 0 | W98: 0 | X98: 0 | Y98: 0 | Z98: 0 | AA98: 0 | AB98: 0 | AC98: 0 | AF98: D
A99: C00381 | B99: TONER BROTHER TN-315/319 BK CPT 6K | C99: 5350137121075 | E99: 2 | F99: 2 | I99: 1 | Q99: 0 | R99: 0.0645 | S99: 0.2484 | T99: 0 | U99: 0 | V99: 0 | W99: 0 | X99: 0 | Y99: 0 | Z99: 0 | AA99: 0 | AB99: 0 | AC99: 0 | AD99: 0.0323 | AE99: 0.0323 | AF99: A
A100: C00382 | B100: TONER BROTHER TN-315/319 CY CPT 3.5K | C100: 5350137121082 | E100: 2 | M100: 1 | Q100: 0 | R100: 0 | S100: 0 | T100: 0 | U100: 0 | V100: 0 | W100: 0 | X100: 0 | Y100: 0 | Z100: 0 | AA100: 0 | AB100: 0 | AC100: 0 | AF100: A
A101: C00383 | B101: TONER BROTHER TN-315/319 MG CPT 3.5K | C101: 5350137121099 | E101: 2 | L101: 1 | Q101: 0 | R101: 0.0645 | S101: 0 | T101: 0 | U101: 0 | V101: 0 | W101: 0 | X101: 0 | Y101: 0.0909 | Z101: 0 | AA101: 0 | AB101: 0 | AC101: 0 | AD101: 0.0081 | AE101: 0.0081 | AF101: A
A102: C00384 | B102: TONER BROTHER TN-315/319 YE CPT 3.5K | C102: 5350137121105 | E102: 2 | L102: 1 | Q102: 0 | R102: 0.1429 | S102: 0 | T102: 0 | U102: 0 | V102: 0 | W102: 0 | X102: 0 | Y102: 0 | Z102: 0 | AA102: 0 | AB102: 0 | AC102: 0 | AF102: A
A103: C00385 | B103: TONER SAMSUNG CLT-406 BK CPT 1K | C103: 5350137121112 | D103: 4 | E103: 8 | F103: 4 | G103: 5 | H103: 1 | I103: 2 | J103: 4 | K103: 4 | L103: 4 | M103: 7 | N103: 8 | Q103: 0.129 | R103: 0.2581 | S103: 0.1159 | T103: 0.1613 | U103: 0.0333 | V103: 0.0645 | W103: 0.1613 | X103: 0.1681 | Y103: 0.1173 | Z103: 0.2593 | AA103: 0.2458 | AB103: 0 | AC103: 0 | AD103: 0.1428 | AE103: 0.1428 | AF103: A
...

Sheet Compras
A1: Fecha Proxima Importacion | B1: 46313 | D1: Dias Pedido | E1: 180 | G1: Dias Duracion | H1: 90 | J1: Relacion Venta Marcas | K1: 7 | L1: 1
I3: S T O C K A L 18/10/2026 | AH3: S T O C K A L 16/01/2027
A4: Codigos Barras | B4: Descripcion | C4: Articulo.1 | D4: Articulo.2 | E4: Articulo.3 | F4: Stock Act.1 | G4: Stock Act.2 | H4: Stock Act.3 | I4: Arribo Prox. | J4: Dias Arribo | K4: Quiebre Stk.1 | L4: % Proteccion.1 | M4: Quiebre Stk.2 | N4: % Proteccion.2 | O4: Quiebre Stk.3 | P4: % Proteccion.3 | Q4: Suma Tot. Quiebre | R4: Pond. %Protecc. | S4: Pedir Artic.1 | T4: Confirmado Art.1 | U4: Pedir Artic.2 | V4: Confirmado Art.2 | W4: Pedir Artic.3 | X4: Confirmado Art.3 | Y4: Stk.Acumulado.1 | Z4: Stk.Acumulado.2 | AA4: Stk.Acumulado.3 | AB4: FOB U$S Art.1 | AC4: Prov. Cpa. Art.1 | AD4: FOB U$S Art.2 | AE4: Prov. Cpa. Art.2 | AF4: FOB U$S Art.3 | AG4: Prov. Cpa. Art.3 | AH4: Stk.Final.1 | AI4: % Proteccion.1 | AJ4: Stk.Final.2 | AK4: % Proteccion.2 | AL4: Stk.Final.3 | AM4: % Proteccion.3 | AN4: Suma Tot. Stk.Final | AO4: Pond. %Protecc. | AP4: Estado Art.1
A5: 5358125120017 | B5: TONER SAMSUNG CPT ML1610/2010/4521/X3117 3K Univ. | C5: C00159 | D5: E00159 | F5: 25 | I5: 46313 | J5: 81 | K5: =(F5-(0)+0-(J5*Ventas!AE2*1.0556)) | L5: =(K5/(Ventas!AE2*1.0556)/80) | M5: =(G5-(0)+0-(J5*Ventas!AE497*1.0556)) | N5: =(M5/(Ventas!AE497*1.0556)/85) | O5: =(H5+0) | Q5: =(K5+M5+O5) | R5: =(((L5*7)+(N5*1)+(P5*0))/8) | S5: =(180*(Ventas!AE2*0.9644) - IF(K5>0,K5,0)) | T5: =IF(S5>0,S5,0) | U5: =(180*(Ventas!AE497*0.9644) - IF(M5>0,M5,0)) | V5: =IF(U5>0,U5,0) | Y5: =IF(K5>0,K5+IF(T5>0,T5,0),T5) | Z5: =IF(M5>0,M5+IF(V5>0,V5,0),V5) | AB5: 4.25 | AC5: 3016 | AD5: 4.0598 | AH5: =(Y5-(90*Ventas!AE2*0.9644)) | AI5: =(AH5/(Ventas!AE2*0.9644)/80) | AJ5: =(Z5-(90*Ventas!AE497*0.9644)) | AK5: =(AJ5/(Ventas!AE497*0.9644)/85) | AN5: =(IF(AH5>0,AH5,0)+IF(AJ5>0,AJ5,0)+IF(AL5>0,AL5,0)) | AO5: =(((AI5*7)+(AK5*1)+(AM5*1))/8) | AP5: A
A6: 5350125120257 | B6: TONER HP Q2612A / CANON FX9 / FX10 2K CPT | C6: C00160 | D6: E00160 | F6: 44 | G6: 22 | I6: 46313 | J6: 81 | K6: =(F6-(0)+0-(J6*Ventas!AE3*1.0556)) | L6: =(K6/(Ventas!AE3*1.0556)/80) | M6: =(G6-(0)+0-(J6*Ventas!AE498*1.0556)) | N6: =(M6/(Ventas!AE498*1.0556)/85) | O6: =(H6+0) | Q6: =(K6+M6+O6) | R6: =(((L6*7)+(N6*1)+(P6*0))/8) | S6: =(180*(Ventas!AE3*0.9644) - IF(K6>0,K6,0)) | T6: =IF(S6>0,S6,0) | U6: =(180*(Ventas!AE498*0.9644) - IF(M6>0,M6,0)) | V6: =IF(U6>0,U6,0) | Y6: =IF(K6>0,K6+IF(T6>0,T6,0),T6) | Z6: =IF(M6>0,M6+IF(V6>0,V6,0),V6) | AB6: 2.3 | AC6: 3016 | AD6: 2.3 | AH6: =(Y6-(90*Ventas!AE3*0.9644)) | AI6: =(AH6/(Ventas!AE3*0.9644)/80) | AJ6: =(Z6-(90*Ventas!AE498*0.9644)) | AK6: =(AJ6/(Ventas!AE498*0.9644)/85) | AN6: =(IF(AH6>0,AH6,0)+IF(AJ6>0,AJ6,0)+IF(AL6>0,AL6,0)) | AO6: =(((AI6*7)+(AK6*1)+(AM6*1))/8) | AP6: A
A7: 5357125120133 | B7: TONER LEXMARK E120 - 12018SL CPT 2K | C7: C00163 | D7: E00163 | F7: 9 | I7: 46313 | J7: 81 | K7: =(F7-(0)+0-(J7*Ventas!AE4*1.0556)) | M7: =(G7-(0)+0-(J7*Ventas!AE499*1.0556)) | O7: =(H7+0) | Q7: =(K7+M7+O7) | R7: =(((L7*7)+(N7*1)+(P7*0))/8) | S7: =(180*(Ventas!AE4*0.9644) - IF(K7>0,K7,0)) | T7: =IF(S7>0,S7,0) | U7: =(180*(Ventas!AE499*0.9644) - IF(M7>0,M7,0)) | V7: =IF(U7>0,U7,0) | Y7: =IF(K7>0,K7+IF(T7>0,T7,0),T7) | Z7: =IF(M7>0,M7+IF(V7>0,V7,0),V7) | AB7: 7.4265 | AC7: 3016 | AD7: 5.96 | AN7: =(IF(AH7>0,AH7,0)+IF(AJ7>0,AJ7,0)+IF(AL7>0,AL7,0)) | AO7: =(((AI7*7)+(AK7*1)+(AM7*1))/8) | AP7: A
A8: 5350125120127 | B8: TONER HP Q5949A / Q7553A 3K CPT | C8: C00164 | F8: 1 | I8: 46313 | J8: 81 | K8: =(F8-(0)+0-(J8*Ventas!AE5*1.0556)) | L8: =(K8/(Ventas!AE5*1.0556)/80) | M8: =(G8+0) | O8: =(H8+0) | Q8: =(K8+M8+O8) | R8: =(((L8*7)+(N8*1)+(P8*0))/8) | S8: =(180*(Ventas!AE5*0.9644) - IF(K8>0,K8,0)) | T8: =IF(S8>0,S8,0) | Y8: =IF(K8>0,K8+IF(T8>0,T8,0),T8) | AB8: 3.479 | AC8: 3016 | AH8: =(Y8-(90*Ventas!AE5*0.9644)) | AI8: =(AH8/(Ventas!AE5*0.9644)/80) | AN8: =(IF(AH8>0,AH8,0)+IF(AJ8>0,AJ8,0)+IF(AL8>0,AL8,0)) | AO8: =(((AI8*7)+(AK8*1)+(AM8*1))/8) | AP8: A
A9: 5350125120059 | B9: TONER HP C4092A/CANON EP-22 CPT 2.5K | C9: C00165 | D9: E00165 | I9: 46313 | J9: 81 | K9: =(F9-(0)+0-(J9*Ventas!AE6*1.0556)) | M9: =(G9-(0)+0-(J9*Ventas!AE500*1.0556)) | O9: =(H9+0) | Q9: =(K9+M9+O9) | R9: =(((L9*7)+(N9*1)+(P9*0))/8) | S9: =(180*(Ventas!AE6*0.9644) - IF(K9>0,K9,0)) | T9: =IF(S9>0,S9,0) | U9: =(180*(Ventas!AE500*0.9644) - IF(M9>0,M9,0)) | V9: =IF(U9>0,U9,0) | Y9: =IF(K9>0,K9+IF(T9>0,T9,0),T9) | Z9: =IF(M9>0,M9+IF(V9>0,V9,0),V9) | AB9: 5.445 | AC9: 3022 | AD9: 4.56 | AN9: =(IF(AH9>0,AH9,0)+IF(AJ9>0,AJ9,0)+IF(AL9>0,AL9,0)) | AO9: =(((AI9*7)+(AK9*1)+(AM9*1))/8) | AP9: A
A10: 5350125120400 | B10: TONER HP Q7553A 3K CPT | C10: C00166 | I10: 46313 | J10: 81 | K10: =(F10-(0)+0-(J10*Ventas!AE7*1.0556)) | M10: =(G10+0) | O10: =(H10+0) | Q10: =(K10+M10+O10) | R10: =(((L10*7)+(N10*1)+(P10*0))/8) | S10: =(180*(Ventas!AE7*0.9644) - IF(K10>0,K10,0)) | T10: =IF(S10>0,S10,0) | Y10: =IF(K10>0,K10+IF(T10>0,T10,0),T10) | AB10: 10.5 | AC10: 3002 | AN10: =(IF(AH10>0,AH10,0)+IF(AJ10>0,AJ10,0)+IF(AL10>0,AL10,0)) | AO10: =(((AI10*7)+(AK10*1)+(AM10*1))/8) | AP10: D
A11: 5352125120022 | B11: TONER XEROX 106R01271 BK 6110 CPT 2.0k | C11: C00174 | I11: 46313 | J11: 81 | K11: =(F11-(0)+0-(J11*Ventas!AE8*1.0556)) | M11: =(G11+0) | O11: =(H11+0) | Q11: =(K11+M11+O11) | R11: =(((L11*7)+(N11*1)+(P11*0))/8) | S11: =(180*(Ventas!AE8*0.9644) - IF(K11>0,K11,0)) | T11: =IF(S11>0,S11,0) | Y11: =IF(K11>0,K11+IF(T11>0,T11,0),T11) | AB11: 2.65 | AC11: 2998 | AN11: =(IF(AH11>0,AH11,0)+IF(AJ11>0,AJ11,0)+IF(AL11>0,AL11,0)) | AO11: =(((AI11*7)+(AK11*1)+(AM11*1))/8) | AP11: A
A12: 5352125120039 | B12: TONER XEROX 106R01272 CY 6110 CPT 1.0k | C12: C00175 | F12: 3 | I12: 46313 | J12: 81 | K12: =(F12-(0)+0-(J12*Ventas!AE9*1.0556)) | M12: =(G12+0) | O12: =(H12+0) | Q12: =(K12+M12+O12) | R12: =(((L12*7)+(N12*1)+(P12*0))/8) | S12: =(180*(Ventas!AE9*0.9644) - IF(K12>0,K12,0)) | T12: =IF(S12>0,S12,0) | Y12: =IF(K12>0,K12+IF(T12>0,T12,0),T12) | AB12: 2.65 | AC12: 2998 | AN12: =(IF(AH12>0,AH12,0)+IF(AJ12>0,AJ12,0)+IF(AL12>0,AL12,0)) | AO12: =(((AI12*7)+(AK12*1)+(AM12*1))/8) | AP12: A
A13: 5352125120046 | B13: TONER XEROX 106R01273 MG 6110 CPT 1.0K | C13: C00176 | F13: 3 | I13: 46313 | J13: 81 | K13: =(F13-(0)+0-(J13*Ventas!AE10*1.0556)) | M13: =(G13+0) | O13: =(H13+0) | Q13: =(K13+M13+O13) | R13: =(((L13*7)+(N13*1)+(P13*0))/8) | S13: =(180*(Ventas!AE10*0.9644) - IF(K13>0,K13,0)) | T13: =IF(S13>0,S13,0) | Y13: =IF(K13>0,K13+IF(T13>0,T13,0),T13) | AB13: 2.65 | AC13: 2998 | AN13: =(IF(AH13>0,AH13,0)+IF(AJ13>0,AJ13,0)+IF(AL13>0,AL13,0)) | AO13: =(((AI13*7)+(AK13*1)+(AM13*1))/8) | AP13: A
A14: 5352125120053 | B14: TONER XEROX 106R01274 YE 6110 CPT 1.0K | C14: C00177 | F14: 1 | I14: 46313 | J14: 81 | K14: =(F14-(0)+0-(J14*Ventas!AE11*1.0556)) | M14: =(G14+0) | O14: =(H14+0) | Q14: =(K14+M14+O14) | R14: =(((L14*7)+(N14*1)+(P14*0))/8) | S14: =(180*(Ventas!AE11*0.9644) - IF(K14>0,K14,0)) | T14: =IF(S14>0,S14,0) | Y14: =IF(K14>0,K14+IF(T14>0,T14,0),T14) | AB14: 2.65 | AC14: 2998 | AN14: =(IF(AH14>0,AH14,0)+IF(AJ14>0,AJ14,0)+IF(AL14>0,AL14,0)) | AO14: =(((AI14*7)+(AK14*1)+(AM14*1))/8) | AP14: A
A15: 5353137120017 | B15: TONER BROTHER TN-360/TN-2115/2125 CPT 2.6K | C15: C00178 | D15: E00178 | F15: 69 | I15: 46313 | J15: 81 | K15: =(F15-(0)+0-(J15*Ventas!AE12*1.0556)) | L15: =(K15/(Ventas!AE12*1.0556)/80) | M15: =(G15-(0)+0-(J15*Ventas!AE501*1.0556)) | O15: =(H15+0) | Q15: =(K15+M15+O15) | R15: =(((L15*7)+(N15*1)+(P15*0))/8) | S15: =(180*(Ventas!AE12*0.9644) - IF(K15>0,K15,0)) | T15: =IF(S15>0,S15,0) | U15: =(180*(Ventas!AE501*0.9644) - IF(M15>0,M15,0)) | V15: =IF(U15>0,U15,0) | Y15: =IF(K15>0,K15+IF(T15>0,T15,0),T15) | Z15: =IF(M15>0,M15+IF(V15>0,V15,0),V15) | AB15: 2.75 | AC15: 3016 | AD15: 2.7788 | AH15: =(Y15-(90*Ventas!AE12*0.9644)) | AI15: =(AH15/(Ventas!AE12*0.9644)/80) | AN15: =(IF(AH15>0,AH15,0)+IF(AJ15>0,AJ15,0)+IF(AL15>0,AL15,0)) | AO15: =(((AI15*7)+(AK15*1)+(AM15*1))/8) | AP15: A
A16: 5353125120029 | B16: TONER BROTHER TN-580/TN-650 CPT 8K | C16: C00179 | F16: 57 | I16: 46313 | J16: 81 | K16: =(F16-(0)+0-(J16*Ventas!AE13*1.0556)) | L16: =(K16/(Ventas!AE13*1.0556)/80) | M16: =(G16+0) | O16: =(H16+0) | Q16: =(K16+M16+O16) | R16: =(((L16*7)+(N16*1)+(P16*0))/8) | S16: =(180*(Ventas!AE13*0.9644) - IF(K16>0,K16,0)) | T16: =IF(S16>0,S16,0) | Y16: =IF(K16>0,K16+IF(T16>0,T16,0),T16) | AB16: 3.3 | AC16: 3016 | AH16: =(Y16-(90*Ventas!AE13*0.9644)) | AI16: =(AH16/(Ventas!AE13*0.9644)/80) | AN16: =(IF(AH16>0,AH16,0)+IF(AJ16>0,AJ16,0)+IF(AL16>0,AL16,0)) | AO16: =(((AI16*7)+(AK16*1)+(AM16*1))/8) | AP16: A
B17: TONER OKIDATA 2500/ 2520 - CPT 2.2K | C17: C00181 | I17: 46313 | J17: 81 | K17: =(F17-(0)+0-(J17*Ventas!AE14*1.0556)) | M17: =(G17+0) | O17: =(H17+0) | Q17: =(K17+M17+O17) | R17: =(((L17*7)+(N17*1)+(P17*0))/8) | S17: =(180*(Ventas!AE14*0.9644) - IF(K17>0,K17,0)) | T17: =IF(S17>0,S17,0) | Y17: =IF(K17>0,K17+IF(T17>0,T17,0),T17) | AN17: =(IF(AH17>0,AH17,0)+IF(AJ17>0,AJ17,0)+IF(AL17>0,AL17,0)) | AO17: =(((AI17*7)+(AK17*1)+(AM17*1))/8) | AP17: D
A18: 5352125120060 | B18: TONER OKIDATA 6300 - CPT 10K | C18: C00182 | I18: 46313 | J18: 81 | K18: =(F18-(0)+0-(J18*Ventas!AE15*1.0556)) | M18: =(G18+0) | O18: =(H18+0) | Q18: =(K18+M18+O18) | R18: =(((L18*7)+(N18*1)+(P18*0))/8) | S18: =(180*(Ventas!AE15*0.9644) - IF(K18>0,K18,0)) | T18: =IF(S18>0,S18,0) | Y18: =IF(K18>0,K18+IF(T18>0,T18,0),T18) | AN18: =(IF(AH18>0,AH18,0)+IF(AJ18>0,AJ18,0)+IF(AL18>0,AL18,0)) | AO18: =(((AI18*7)+(AK18*1)+(AM18*1))/8) | AP18: A
A19: 5352137120065 | B19: TONER XEROX 3140 / 3160 108R00909 2.5k CPT | C19: C00183 | D19: E00183 | F19: 42 | I19: 46313 | J19: 81 | K19: =(F19-(0)+0-(J19*Ventas!AE16*1.0556)) | L19: =(K19/(Ventas!AE16*1.0556)/80) | M19: =(G19-(0)+0-(J19*Ventas!AE502*1.0556)) | O19: =(H19+0) | Q19: =(K19+M19+O19) | R19: =(((L19*7)+(N19*1)+(P19*0))/8) | S19: =(180*(Ventas!AE16*0.9644) - IF(K19>0,K19,0)) | T19: =IF(S19>0,S19,0) | U19: =(180*(Ventas!AE502*0.9644) - IF(M19>0,M19,0)) | V19: =IF(U19>0,U19,0) | Y19: =IF(K19>0,K19+IF(T19>0,T19,0),T19) | Z19: =IF(M19>0,M19+IF(V19>0,V19,0),V19) | AB19: 4.31 | AC19: 3016 | AH19: =(Y19-(90*Ventas!AE16*0.9644)) | AI19: =(AH19/(Ventas!AE16*0.9644)/80) | AN19: =(IF(AH19>0,AH19,0)+IF(AJ19>0,AJ19,0)+IF(AL19>0,AL19,0)) | AO19: =(((AI19*7)+(AK19*1)+(AM19*1))/8) | AP19: A
A20: 5361125120017 | B20: TONER KYOCERA TK-112/TK-110 CPT 6K | C20: C00185 | I20: 46313 | J20: 81 | K20: =(F20-(0)+0-(J20*Ventas!AE18*1.0556)) | M20: =(G20+0) | O20: =(H20+0) | Q20: =(K20+M20+O20) | R20: =(((L20*7)+(N20*1)+(P20*0))/8) | S20: =(180*(Ventas!AE18*0.9644) - IF(K20>0,K20,0)) | T20: =IF(S20>0,S20,0) | Y20: =IF(K20>0,K20+IF(T20>0,T20,0),T20) | AB20: 2.79 | AC20: 3022 | AN20: =(IF(AH20>0,AH20,0)+IF(AJ20>0,AJ20,0)+IF(AL20>0,AL20,0)) | AO20: =(((AI20*7)+(AK20*1)+(AM20*1))/8) | AP20: A
A21: 5358125120062 | B21: TONER CANON FX9 CPT 2K | C21: C00186 | I21: 46313 | J21: 81 | K21: =(F21-(0)+0-(J21*Ventas!AE19*1.0556)) | M21: =(G21+0) | O21: =(H21+0) | Q21: =(K21+M21+O21) | R21: =(((L21*7)+(N21*1)+(P21*0))/8) | S21: =(180*(Ventas!AE19*0.9644) - IF(K21>0,K21,0)) | T21: =IF(S21>0,S21,0) | Y21: =IF(K21>0,K21+IF(T21>0,T21,0),T21) | AB21: 7.3 | AC21: 3011 | AN21: =(IF(AH21>0,AH21,0)+IF(AJ21>0,AJ21,0)+IF(AL21>0,AL21,0)) | AO21: =(((AI21*7)+(AK21*1)+(AM21*1))/8) | AP21: D
A22: 5359137120019 | B22: TONER SAMSUNG 105L 2,5K CPT | C22: C00187 | D22: E00187 | F22: 19 | G22: 12 | I22: 46313 | J22: 81 | K22: =(F22-(0)+0-(J22*Ventas!AE20*1.0556)) | L22: =(K22/(Ventas!AE20*1.0556)/80) | M22: =(G22-(0)+0-(J22*Ventas!AE504*1.0556)) | N22: =(M22/(Ventas!AE504*1.0556)/85) | O22: =(H22+0) | Q22: =(K22+M22+O22) | R22: =(((L22*7)+(N22*1)+(P22*0))/8) | S22: =(180*(Ventas!AE20*0.9644) - IF(K22>0,K22,0)) | T22: =IF(S22>0,S22,0) | U22: =(180*(Ventas!AE504*0.9644) - IF(M22>0,M22,0)) | V22: =IF(U22>0,U22,0) | Y22: =IF(K22>0,K22+IF(T22>0,T22,0),T22) | Z22: =IF(M22>0,M22+IF(V22>0,V22,0),V22) | AB22: 4.3 | AC22: 3016 | AD22: 4.3 | AH22: =(Y22-(90*Ventas!AE20*0.9644)) | AI22: =(AH22/(Ventas!AE20*0.9644)/80) | AJ22: =(Z22-(90*Ventas!AE504*0.9644)) | AK22: =(AJ22/(Ventas!AE504*0.9644)/85) | AN22: =(IF(AH22>0,AH22,0)+IF(AJ22>0,AJ22,0)+IF(AL22>0,AL22,0)) | AO22: =(((AI22*7)+(AK22*1)+(AM22*1))/8) | AP22: A
A23: 5350137120535 | B23: TONER HP CE278A 2.1K CPT | C23: C00188 | I23: 46313 | J23: 81 | K23: =(F23-(0)+0-(J23*Ventas!AE21*1.0556)) | M23: =(G23+0) | O23: =(H23+0) | Q23: =(K23+M23+O23) | R23: =(((L23*7)+(N23*1)+(P23*0))/8) | S23: =(180*(Ventas!AE21*0.9644) - IF(K23>0,K23,0)) | T23: =IF(S23>0,S23,0) | Y23: =IF(K23>0,K23+IF(T23>0,T23,0),T23) | AB23: 3 | AC23: 3013 | AN23: =(IF(AH23>0,AH23,0)+IF(AJ23>0,AJ23,0)+IF(AL23>0,AL23,0)) | AO23: =(((AI23*7)+(AK23*1)+(AM23*1))/8) | AP23: A
A24: 5350137120528 | B24: TONER HP CE255X CPT 12.5K | C24: C00189 | F24: 1 | I24: 46313 | J24: 81 | K24: =(F24-(0)+0-(J24*Ventas!AE22*1.0556)) | L24: =(K24/(Ventas!AE22*1.0556)/80) | M24: =(G24+0) | O24: =(H24+0) | Q24: =(K24+M24+O24) | R24: =(((L24*7)+(N24*1)+(P24*0))/8) | S24: =(180*(Ventas!AE22*0.9644) - IF(K24>0,K24,0)) | T24: =IF(S24>0,S24,0) | Y24: =IF(K24>0,K24+IF(T24>0,T24,0),T24) | AB24: 7.1 | AC24: 3016 | AH24: =(Y24-(90*Ventas!AE22*0.9644)) | AI24: =(AH24/(Ventas!AE22*0.9644)/80) | AN24: =(IF(AH24>0,AH24,0)+IF(AJ24>0,AJ24,0)+IF(AL24>0,AL24,0)) | AO24: =(((AI24*7)+(AK24*1)+(AM24*1))/8) | AP24: A
B25: TONER BROTHER TN-650 CPT 8K | C25: C00191 | I25: 46313 | J25: 81 | K25: =(F25-(0)+0-(J25*Ventas!AE24*1.0556)) | M25: =(G25+0) | O25: =(H25+0) | Q25: =(K25+M25+O25) | R25: =(((L25*7)+(N25*1)+(P25*0))/8) | S25: =(180*(Ventas!AE24*0.9644) - IF(K25>0,K25,0)) | T25: =IF(S25>0,S25,0) | Y25: =IF(K25>0,K25+IF(T25>0,T25,0),T25) | AB25: 6.55 | AC25: 2998 | AN25: =(IF(AH25>0,AH25,0)+IF(AJ25>0,AJ25,0)+IF(AL25>0,AL25,0)) | AO25: =(((AI25*7)+(AK25*1)+(AM25*1))/8) | AP25: D
A26: 5358137120104 | B26: TONER SAMSUNG CLP-409 BK CPT 1.5K | C26: C00192 | F26: 1 | I26: 46313 | J26: 81 | K26: =(F26-(0)+0-(J26*Ventas!AE25*1.0556)) | M26: =(G26+0) | O26: =(H26+0) | Q26: =(K26+M26+O26) | R26: =(((L26*7)+(N26*1)+(P26*0))/8) | S26: =(180*(Ventas!AE25*0.9644) - IF(K26>0,K26,0)) | T26: =IF(S26>0,S26,0) | Y26: =IF(K26>0,K26+IF(T26>0,T26,0),T26) | AB26: 13.8 | AC26: 3011 | AN26: =(IF(AH26>0,AH26,0)+IF(AJ26>0,AJ26,0)+IF(AL26>0,AL26,0)) | AO26: =(((AI26*7)+(AK26*1)+(AM26*1))/8) | AP26: D
A27: 5358137120111 | B27: TONER SAMSUNG CLP-409 CY CPT 1.0K | C27: C00193 | I27: 46313 | J27: 81 | K27: =(F27-(0)+0-(J27*Ventas!AE26*1.0556)) | M27: =(G27+0) | O27: =(H27+0) | Q27: =(K27+M27+O27) | R27: =(((L27*7)+(N27*1)+(P27*0))/8) | S27: =(180*(Ventas!AE26*0.9644) - IF(K27>0,K27,0)) | T27: =IF(S27>0,S27,0) | Y27: =IF(K27>0,K27+IF(T27>0,T27,0),T27) | AB27: 14.6 | AC27: 3002 | AN27: =(IF(AH27>0,AH27,0)+IF(AJ27>0,AJ27,0)+IF(AL27>0,AL27,0)) | AO27: =(((AI27*7)+(AK27*1)+(AM27*1))/8) | AP27: D
A28: 5358137120128 | B28: TONER SAMSUNG CLP-409 MG CPT 1.0K | C28: C00194 | I28: 46313 | J28: 81 | K28: =(F28-(0)+0-(J28*Ventas!AE27*1.0556)) | M28: =(G28+0) | O28: =(H28+0) | Q28: =(K28+M28+O28) | R28: =(((L28*7)+(N28*1)+(P28*0))/8) | S28: =(180*(Ventas!AE27*0.9644) - IF(K28>0,K28,0)) | T28: =IF(S28>0,S28,0) | Y28: =IF(K28>0,K28+IF(T28>0,T28,0),T28) | AB28: 14.6 | AC28: 3002 | AN28: =(IF(AH28>0,AH28,0)+IF(AJ28>0,AJ28,0)+IF(AL28>0,AL28,0)) | AO28: =(((AI28*7)+(AK28*1)+(AM28*1))/8) | AP28: D
A29: 5358137120135 | B29: TONER SAMSUNG CLP-409 YE CPT 1.0K | C29: C00195 | I29: 46313 | J29: 81 | K29: =(F29-(0)+0-(J29*Ventas!AE28*1.0556)) | M29: =(G29+0) | O29: =(H29+0) | Q29: =(K29+M29+O29) | R29: =(((L29*7)+(N29*1)+(P29*0))/8) | S29: =(180*(Ventas!AE28*0.9644) - IF(K29>0,K29,0)) | T29: =IF(S29>0,S29,0) | Y29: =IF(K29>0,K29+IF(T29>0,T29,0),T29) | AB29: 14.5 | AC29: 3011 | AN29: =(IF(AH29>0,AH29,0)+IF(AJ29>0,AJ29,0)+IF(AL29>0,AL29,0)) | AO29: =(((AI29*7)+(AK29*1)+(AM29*1))/8) | AP29: D
A30: 5358137120142 | B30: TONER SAMSUNG CLT-407/409S BK CPT 1.5K | C30: C00196 | I30: 46313 | J30: 81 | K30: =(F30-(0)+0-(J30*Ventas!AE29*1.0556)) | M30: =(G30+0) | O30: =(H30+0) | Q30: =(K30+M30+O30) | R30: =(((L30*7)+(N30*1)+(P30*0))/8) | S30: =(180*(Ventas!AE29*0.9644) - IF(K30>0,K30,0)) | T30: =IF(S30>0,S30,0) | Y30: =IF(K30>0,K30+IF(T30>0,T30,0),T30) | AB30: 7 | AC30: 2998 | AN30: =(IF(AH30>0,AH30,0)+IF(AJ30>0,AJ30,0)+IF(AL30>0,AL30,0)) | AO30: =(((AI30*7)+(AK30*1)+(AM30*1))/8) | AP30: A
A31: 5358137120159 | B31: TONER SAMSUNG CLT-407/409S CY CPT 1.0K | C31: C00197 | I31: 46313 | J31: 81 | K31: =(F31-(0)+0-(J31*Ventas!AE30*1.0556)) | M31: =(G31+0) | O31: =(H31+0) | Q31: =(K31+M31+O31) | R31: =(((L31*7)+(N31*1)+(P31*0))/8) | S31: =(180*(Ventas!AE30*0.9644) - IF(K31>0,K31,0)) | T31: =IF(S31>0,S31,0) | Y31: =IF(K31>0,K31+IF(T31>0,T31,0),T31) | AB31: 7.4 | AC31: 2998 | AN31: =(IF(AH31>0,AH31,0)+IF(AJ31>0,AJ31,0)+IF(AL31>0,AL31,0)) | AO31: =(((AI31*7)+(AK31*1)+(AM31*1))/8) | AP31: A
A32: 5358137120166 | B32: TONER SAMSUNG CLT-407/409S MG CPT 1.0K | C32: C00198 | I32: 46313 | J32: 81 | K32: =(F32-(0)+0-(J32*Ventas!AE31*1.0556)) | M32: =(G32+0) | O32: =(H32+0) | Q32: =(K32+M32+O32) | R32: =(((L32*7)+(N32*1)+(P32*0))/8) | S32: =(180*(Ventas!AE31*0.9644) - IF(K32>0,K32,0)) | T32: =IF(S32>0,S32,0) | Y32: =IF(K32>0,K32+IF(T32>0,T32,0),T32) | AB32: 7.4 | AC32: 2998 | AN32: =(IF(AH32>0,AH32,0)+IF(AJ32>0,AJ32,0)+IF(AL32>0,AL32,0)) | AO32: =(((AI32*7)+(AK32*1)+(AM32*1))/8) | AP32: A
A33: 5358137120173 | B33: TONER SAMSUNG CLT-407/409S YE CPT 1.0K | C33: C00199 | I33: 46313 | J33: 81 | K33: =(F33-(0)+0-(J33*Ventas!AE32*1.0556)) | M33: =(G33+0) | O33: =(H33+0) | Q33: =(K33+M33+O33) | R33: =(((L33*7)+(N33*1)+(P33*0))/8) | S33: =(180*(Ventas!AE32*0.9644) - IF(K33>0,K33,0)) | T33: =IF(S33>0,S33,0) | Y33: =IF(K33>0,K33+IF(T33>0,T33,0),T33) | AB33: 6.1 | AC33: 3013 | AN33: =(IF(AH33>0,AH33,0)+IF(AJ33>0,AJ33,0)+IF(AL33>0,AL33,0)) | AO33: =(((AI33*7)+(AK33*1)+(AM33*1))/8) | AP33: A
A34: 5350137120566 | B34: TONER HP CB540A (128A) /CE320A/CF210X BK 2.2K CPT | C34: C00200 | F34: 24 | I34: 46313 | J34: 81 | K34: =(F34-(0)+0-(J34*Ventas!AE33*1.0556)) | L34: =(K34/(Ventas!AE33*1.0556)/80) | M34: =(G34+0) | O34: =(H34+0) | Q34: =(K34+M34+O34) | R34: =(((L34*7)+(N34*1)+(P34*0))/8) | S34: =(180*(Ventas!AE33*0.9644) - IF(K34>0,K34,0)) | T34: =IF(S34>0,S34,0) | Y34: =IF(K34>0,K34+IF(T34>0,T34,0),T34) | AB34: 3.6 | AC34: 3016 | AH34: =(Y34-(90*Ventas!AE33*0.9644)) | AI34: =(AH34/(Ventas!AE33*0.9644)/80) | AN34: =(IF(AH34>0,AH34,0)+IF(AJ34>0,AJ34,0)+IF(AL34>0,AL34,0)) | AO34: =(((AI34*7)+(AK34*1)+(AM34*1))/8) | AP34: A
A35: 5350137120573 | B35: TONER HP CB541A (128A) /CE321A/CF211A CY 1.4K CPT | C35: C00201 | F35: 30 | I35: 46313 | J35: 81 | K35: =(F35-(0)+0-(J35*Ventas!AE34*1.0556)) | L35: =(K35/(Ventas!AE34*1.0556)/80) | M35: =(G35+0) | O35: =(H35+0) | Q35: =(K35+M35+O35) | R35: =(((L35*7)+(N35*1)+(P35*0))/8) | S35: =(180*(Ventas!AE34*0.9644) - IF(K35>0,K35,0)) | T35: =IF(S35>0,S35,0) | Y35: =IF(K35>0,K35+IF(T35>0,T35,0),T35) | AB35: 3.6 | AC35: 3016 | AH35: =(Y35-(90*Ventas!AE34*0.9644)) | AI35: =(AH35/(Ventas!AE34*0.9644)/80) | AN35: =(IF(AH35>0,AH35,0)+IF(AJ35>0,AJ35,0)+IF(AL35>0,AL35,0)) | AO35: =(((AI35*7)+(AK35*1)+(AM35*1))/8) | AP35: A
A36: 5350137120580 | B36: TONER HP CB542A (128A) /CE322A/CF212A YE 1.4K CPT | C36: C00202 | F36: 26 | I36: 46313 | J36: 81 | K36: =(F36-(0)+0-(J36*Ventas!AE35*1.0556)) | L36: =(K36/(Ventas!AE35*1.0556)/80) | M36: =(G36+0) | O36: =(H36+0) | Q36: =(K36+M36+O36) | R36: =(((L36*7)+(N36*1)+(P36*0))/8) | S36: =(180*(Ventas!AE35*0.9644) - IF(K36>0,K36,0)) | T36: =IF(S36>0,S36,0) | Y36: =IF(K36>0,K36+IF(T36>0,T36,0),T36) | AB36: 3.6 | AC36: 3016 | AH36: =(Y36-(90*Ventas!AE35*0.9644)) | AI36: =(AH36/(Ventas!AE35*0.9644)/80) | AN36: =(IF(AH36>0,AH36,0)+IF(AJ36>0,AJ36,0)+IF(AL36>0,AL36,0)) | AO36: =(((AI36*7)+(AK36*1)+(AM36*1))/8) | AP36: A
A37: 5350137120597 | B37: TONER HP CB543A (128A) /CE323A/CF213A MG 1.4K CPT | C37: C00203 | F37: 19 | I37: 46313 | J37: 81 | K37: =(F37-(0)+0-(J37*Ventas!AE36*1.0556)) | L37: =(K37/(Ventas!AE36*1.0556)/80) | M37: =(G37+0) | O37: =(H37+0) | Q37: =(K37+M37+O37) | R37: =(((L37*7)+(N37*1)+(P37*0))/8) | S37: =(180*(Ventas!AE36*0.9644) - IF(K37>0,K37,0)) | T37: =IF(S37>0,S37,0) | Y37: =IF(K37>0,K37+IF(T37>0,T37,0),T37) | AB37: 3.6 | AC37: 3016 | AH37: =(Y37-(90*Ventas!AE36*0.9644)) | AI37: =(AH37/(Ventas!AE36*0.9644)/80) | AN37: =(IF(AH37>0,AH37,0)+IF(AJ37>0,AJ37,0)+IF(AL37>0,AL37,0)) | AO37: =(((AI37*7)+(AK37*1)+(AM37*1))/8) | AP37: A
A38: 5352137120089 | B38: TONER XEROX 3010/3040 CPT 2.2K 106R02182 | C38: C00205 | F38: 43 | I38: 46313 | J38: 81 | K38: =(F38-(0)+0-(J38*Ventas!AE38*1.0556)) | L38: =(K38/(Ventas!AE38*1.0556)/80) | M38: =(G38+0) | O38: =(H38+0) | Q38: =(K38+M38+O38) | R38: =(((L38*7)+(N38*1)+(P38*0))/8) | S38: =(180*(Ventas!AE38*0.9644) - IF(K38>0,K38,0)) | T38: =IF(S38>0,S38,0) | Y38: =IF(K38>0,K38+IF(T38>0,T38,0),T38) | AB38: 2 | AC38: 3016 | AH38: =(Y38-(90*Ventas!AE38*0.9644)) | AI38: =(AH38/(Ventas!AE38*0.9644)/80) | AN38: =(IF(AH38>0,AH38,0)+IF(AJ38>0,AJ38,0)+IF(AL38>0,AL38,0)) | AO38: =(((AI38*7)+(AK38*1)+(AM38*1))/8) | AP38: A
A39: 5353137120055 | B39: TONER BROTHER TN-750/3385/3380/3340 CPT 8K | C39: C00206 | D39: E00206 | F39: 131 | I39: 46313 | J39: 81 | K39: =(F39-(0)+0-(J39*Ventas!AE39*1.0556)) | L39: =(K39/(Ventas!AE39*1.0556)/80) | M39: =(G39-(0)+0-(J39*Ventas!AE507*1.0556)) | O39: =(H39+0) | Q39: =(K39+M39+O39) | R39: =(((L39*7)+(N39*1)+(P39*0))/8) | S39: =(180*(Ventas!AE39*0.9644) - IF(K39>0,K39,0)) | T39: =IF(S39>0,S39,0) | U39: =(180*(Ventas!AE507*0.9644) - IF(M39>0,M39,0)) | V39: =IF(U39>0,U39,0) | Y39: =IF(K39>0,K39+IF(T39>0,T39,0),T39) | Z39: =IF(M39>0,M39+IF(V39>0,V39,0),V39) | AB39: 3.55 | AC39: 3016 | AD39: 4.03 | AH39: =(Y39-(90*Ventas!AE39*0.9644)) | AI39: =(AH39/(Ventas!AE39*0.9644)/80) | AN39: =(IF(AH39>0,AH39,0)+IF(AJ39>0,AJ39,0)+IF(AL39>0,AL39,0)) | AO39: =(((AI39*7)+(AK39*1)+(AM39*1))/8) | AP39: A
A40: 5358137120197 | B40: TONER SAMSUNG ML2850 5.0K | C40: C00207 | D40: E00207 | F40: 26 | I40: 46313 | J40: 81 | K40: =(F40-(0)+0-(J40*Ventas!AE40*1.0556)) | L40: =(K40/(Ventas!AE40*1.0556)/80) | M40: =(G40-(0)+0-(J40*Ventas!AE508*1.0556)) | O40: =(H40+0) | Q40: =(K40+M40+O40) | R40: =(((L40*7)+(N40*1)+(P40*0))/8) | S40: =(180*(Ventas!AE40*0.9644) - IF(K40>0,K40,0)) | T40: =IF(S40>0,S40,0) | U40: =(180*(Ventas!AE508*0.9644) - IF(M40>0,M40,0)) | V40: =IF(U40>0,U40,0) | Y40: =IF(K40>0,K40+IF(T40>0,T40,0),T40) | Z40: =IF(M40>0,M40+IF(V40>0,V40,0),V40) | AB40: 6 | AC40: 3016 | AH40: =(Y40-(90*Ventas!AE40*0.9644)) | AI40: =(AH40/(Ventas!AE40*0.9644)/80) | AN40: =(IF(AH40>0,AH40,0)+IF(AJ40>0,AJ40,0)+IF(AL40>0,AL40,0)) | AO40: =(((AI40*7)+(AK40*1)+(AM40*1))/8) | AP40: A
A41: 5350137120610 | B41: TAMBOR BROTHER DR-360 CPT 12K | C41: C00263 | F41: 21 | I41: 46313 | J41: 81 | K41: =(F41-(0)+0-(J41*Ventas!AE41*1.0556)) | L41: =(K41/(Ventas!AE41*1.0556)/80) | M41: =(G41+0) | O41: =(H41+0) | Q41: =(K41+M41+O41) | R41: =(((L41*7)+(N41*1)+(P41*0))/8) | S41: =(180*(Ventas!AE41*0.9644) - IF(K41>0,K41,0)) | T41: =IF(S41>0,S41,0) | Y41: =IF(K41>0,K41+IF(T41>0,T41,0),T41) | AB41: 3.5 | AC41: 3016 | AH41: =(Y41-(90*Ventas!AE41*0.9644)) | AI41: =(AH41/(Ventas!AE41*0.9644)/80) | AN41: =(IF(AH41>0,AH41,0)+IF(AJ41>0,AJ41,0)+IF(AL41>0,AL41,0)) | AO41: =(((AI41*7)+(AK41*1)+(AM41*1))/8) | AP41: A
A42: 5350137120627 | B42: TAMBOR BROTHER DR-450/420 CPT 12K | C42: C00264 | F42: 88 | I42: 46313 | J42: 81 | K42: =(F42-(0)+0-(J42*Ventas!AE42*1.0556)) | L42: =(K42/(Ventas!AE42*1.0556)/80) | M42: =(G42+0) | O42: =(H42+0) | Q42: =(K42+M42+O42) | R42: =(((L42*7)+(N42*1)+(P42*0))/8) | S42: =(180*(Ventas!AE42*0.9644) - IF(K42>0,K42,0)) | T42: =IF(S42>0,S42,0) | Y42: =IF(K42>0,K42+IF(T42>0,T42,0),T42) | AB42: 2.75 | AC42: 3016 | AH42: =(Y42-(90*Ventas!AE42*0.9644)) | AI42: =(AH42/(Ventas!AE42*0.9644)/80) | AN42: =(IF(AH42>0,AH42,0)+IF(AJ42>0,AJ42,0)+IF(AL42>0,AL42,0)) | AO42: =(((AI42*7)+(AK42*1)+(AM42*1))/8) | AP42: A
A43: 5350137120634 | B43: TAMBOR BROTHER DR-620/520 CPT 25K | C43: C00265 | F43: 71 | I43: 46313 | J43: 81 | K43: =(F43-(0)+0-(J43*Ventas!AE43*1.0556)) | L43: =(K43/(Ventas!AE43*1.0556)/80) | M43: =(G43+0) | O43: =(H43+0) | Q43: =(K43+M43+O43) | R43: =(((L43*7)+(N43*1)+(P43*0))/8) | S43: =(180*(Ventas!AE43*0.9644) - IF(K43>0,K43,0)) | T43: =IF(S43>0,S43,0) | Y43: =IF(K43>0,K43+IF(T43>0,T43,0),T43) | AB43: 3.3 | AC43: 3016 | AH43: =(Y43-(90*Ventas!AE43*0.9644)) | AI43: =(AH43/(Ventas!AE43*0.9644)/80) | AN43: =(IF(AH43>0,AH43,0)+IF(AJ43>0,AJ43,0)+IF(AL43>0,AL43,0)) | AO43: =(((AI43*7)+(AK43*1)+(AM43*1))/8) | AP43: A
A44: 5350137120603 | B44: TONER BROTHER TN-350 CPT 2.5K | C44: C00266 | F44: 13 | I44: 46313 | J44: 81 | K44: =(F44-(0)+0-(J44*Ventas!AE44*1.0556)) | L44: =(K44/(Ventas!AE44*1.0556)/80) | M44: =(G44+0) | O44: =(H44+0) | Q44: =(K44+M44+O44) | R44: =(((L44*7)+(N44*1)+(P44*0))/8) | S44: =(180*(Ventas!AE44*0.9644) - IF(K44>0,K44,0)) | T44: =IF(S44>0,S44,0) | Y44: =IF(K44>0,K44+IF(T44>0,T44,0),T44) | AB44: 2.7 | AC44: 3016 | AH44: =(Y44-(90*Ventas!AE44*0.9644)) | AI44: =(AH44/(Ventas!AE44*0.9644)/80) | AN44: =(IF(AH44>0,AH44,0)+IF(AJ44>0,AJ44,0)+IF(AL44>0,AL44,0)) | AO44: =(((AI44*7)+(AK44*1)+(AM44*1))/8) | AP44: A
A45: 5350137120641 | B45: TONER HP C3906A CPT 2.5K | C45: C00267 | I45: 46313 | J45: 81 | K45: =(F45-(0)+0-(J45*Ventas!AE45*1.0556)) | M45: =(G45+0) | O45: =(H45+0) | Q45: =(K45+M45+O45) | R45: =(((L45*7)+(N45*1)+(P45*0))/8) | S45: =(180*(Ventas!AE45*0.9644) - IF(K45>0,K45,0)) | T45: =IF(S45>0,S45,0) | Y45: =IF(K45>0,K45+IF(T45>0,T45,0),T45) | AB45: 9 | AC45: 3002 | AN45: =(IF(AH45>0,AH45,0)+IF(AJ45>0,AJ45,0)+IF(AL45>0,AL45,0)) | AO45: =(((AI45*7)+(AK45*1)+(AM45*1))/8) | AP45: A
A46: 5350137120658 | B46: TONER HP C7115A / Q2613A / Q2624A Univ CPT 2.5K | C46: C00268 | F46: 10 | I46: 46313 | J46: 81 | K46: =(F46-(0)+0-(J46*Ventas!AE46*1.0556)) | L46: =(K46/(Ventas!AE46*1.0556)/80) | M46: =(G46+0) | O46: =(H46+0) | Q46: =(K46+M46+O46) | R46: =(((L46*7)+(N46*1)+(P46*0))/8) | S46: =(180*(Ventas!AE46*0.9644) - IF(K46>0,K46,0)) | T46: =IF(S46>0,S46,0) | Y46: =IF(K46>0,K46+IF(T46>0,T46,0),T46) | AB46: 4 | AC46: 3016 | AH46: =(Y46-(90*Ventas!AE46*0.9644)) | AI46: =(AH46/(Ventas!AE46*0.9644)/80) | AN46: =(IF(AH46>0,AH46,0)+IF(AJ46>0,AJ46,0)+IF(AL46>0,AL46,0)) | AO46: =(((AI46*7)+(AK46*1)+(AM46*1))/8) | AP46: A
A47: 5350137120665 | B47: TONER HP C7115X / Q2613X CPT 3.5K | C47: C00269 | F47: 3 | I47: 46313 | J47: 81 | K47: =(F47-(0)+0-(J47*Ventas!AE47*1.0556)) | L47: =(K47/(Ventas!AE47*1.0556)/80) | M47: =(G47+0) | O47: =(H47+0) | Q47: =(K47+M47+O47) | R47: =(((L47*7)+(N47*1)+(P47*0))/8) | S47: =(180*(Ventas!AE47*0.9644) - IF(K47>0,K47,0)) | T47: =IF(S47>0,S47,0) | Y47: =IF(K47>0,K47+IF(T47>0,T47,0),T47) | AB47: 4.8 | AC47: 3016 | AH47: =(Y47-(90*Ventas!AE47*0.9644)) | AI47: =(AH47/(Ventas!AE47*0.9644)/80) | AN47: =(IF(AH47>0,AH47,0)+IF(AJ47>0,AJ47,0)+IF(AL47>0,AL47,0)) | AO47: =(((AI47*7)+(AK47*1)+(AM47*1))/8) | AP47: A
A48: 5350137120672 | B48: TONER HP CC364A / 390A CPT 10K | C48: C00270 | F48: 13 | I48: 46313 | J48: 81 | K48: =(F48-(0)+0-(J48*Ventas!AE48*1.0556)) | L48: =(K48/(Ventas!AE48*1.0556)/80) | M48: =(G48+0) | O48: =(H48+0) | Q48: =(K48+M48+O48) | R48: =(((L48*7)+(N48*1)+(P48*0))/8) | S48: =(180*(Ventas!AE48*0.9644) - IF(K48>0,K48,0)) | T48: =IF(S48>0,S48,0) | Y48: =IF(K48>0,K48+IF(T48>0,T48,0),T48) | AB48: 7.9 | AC48: 3016 | AH48: =(Y48-(90*Ventas!AE48*0.9644)) | AI48: =(AH48/(Ventas!AE48*0.9644)/80) | AN48: =(IF(AH48>0,AH48,0)+IF(AJ48>0,AJ48,0)+IF(AL48>0,AL48,0)) | AO48: =(((AI48*7)+(AK48*1)+(AM48*1))/8) | AP48: A
A49: 5350137120689 | B49: TONER HP CC364X / 390X CPT 24K | C49: C00271 | F49: 22 | I49: 46313 | J49: 81 | K49: =(F49-(0)+0-(J49*Ventas!AE49*1.0556)) | L49: =(K49/(Ventas!AE49*1.0556)/80) | M49: =(G49+0) | O49: =(H49+0) | Q49: =(K49+M49+O49) | R49: =(((L49*7)+(N49*1)+(P49*0))/8) | S49: =(180*(Ventas!AE49*0.9644) - IF(K49>0,K49,0)) | T49: =IF(S49>0,S49,0) | Y49: =IF(K49>0,K49+IF(T49>0,T49,0),T49) | AB49: 10.8 | AC49: 3016 | AH49: =(Y49-(90*Ventas!AE49*0.9644)) | AI49: =(AH49/(Ventas!AE49*0.9644)/80) | AN49: =(IF(AH49>0,AH49,0)+IF(AJ49>0,AJ49,0)+IF(AL49>0,AL49,0)) | AO49: =(((AI49*7)+(AK49*1)+(AM49*1))/8) | AP49: A
A50: 5350137120788 | B50: TONER HP Q2612X 3K CPT | C50: C00272 | F50: 13 | I50: 46313 | J50: 81 | K50: =(F50-(0)+0-(J50*Ventas!AE50*1.0556)) | L50: =(K50/(Ventas!AE50*1.0556)/80) | M50: =(G50+0) | O50: =(H50+0) | Q50: =(K50+M50+O50) | R50: =(((L50*7)+(N50*1)+(P50*0))/8) | S50: =(180*(Ventas!AE50*0.9644) - IF(K50>0,K50,0)) | T50: =IF(S50>0,S50,0) | Y50: =IF(K50>0,K50+IF(T50>0,T50,0),T50) | AB50: 2.6 | AC50: 3016 | AH50: =(Y50-(90*Ventas!AE50*0.9644)) | AI50: =(AH50/(Ventas!AE50*0.9644)/80) | AN50: =(IF(AH50>0,AH50,0)+IF(AJ50>0,AJ50,0)+IF(AL50>0,AL50,0)) | AO50: =(((AI50*7)+(AK50*1)+(AM50*1))/8) | AP50: A
A51: 5350137120795 | B51: TONER HP Q5949X 6K CPT | C51: C00273 | I51: 46313 | J51: 81 | K51: =(F51-(0)+0-(J51*Ventas!AE51*1.0556)) | M51: =(G51+0) | O51: =(H51+0) | Q51: =(K51+M51+O51) | R51: =(((L51*7)+(N51*1)+(P51*0))/8) | S51: =(180*(Ventas!AE51*0.9644) - IF(K51>0,K51,0)) | T51: =IF(S51>0,S51,0) | Y51: =IF(K51>0,K51+IF(T51>0,T51,0),T51) | AB51: 5.5 | AC51: 3013 | AN51: =(IF(AH51>0,AH51,0)+IF(AJ51>0,AJ51,0)+IF(AL51>0,AL51,0)) | AO51: =(((AI51*7)+(AK51*1)+(AM51*1))/8) | AP51: A
B52: TONER HP C530 BK CPT 3.5K | C52: C00274 | I52: 46313 | J52: 81 | K52: =(F52-(0)+0-(J52*Ventas!AE52*1.0556)) | M52: =(G52+0) | O52: =(H52+0) | Q52: =(K52+M52+O52) | R52: =(((L52*7)+(N52*1)+(P52*0))/8) | S52: =(180*(Ventas!AE52*0.9644) - IF(K52>0,K52,0)) | T52: =IF(S52>0,S52,0) | Y52: =IF(K52>0,K52+IF(T52>0,T52,0),T52) | AB52: 17 | AC52: 3011 | AN52: =(IF(AH52>0,AH52,0)+IF(AJ52>0,AJ52,0)+IF(AL52>0,AL52,0)) | AO52: =(((AI52*7)+(AK52*1)+(AM52*1))/8) | AP52: D
B53: TONER HP C531 CY CPT 2.8K | C53: C00275 | I53: 46313 | J53: 81 | K53: =(F53-(0)+0-(J53*Ventas!AE53*1.0556)) | M53: =(G53+0) | O53: =(H53+0) | Q53: =(K53+M53+O53) | R53: =(((L53*7)+(N53*1)+(P53*0))/8) | S53: =(180*(Ventas!AE53*0.9644) - IF(K53>0,K53,0)) | T53: =IF(S53>0,S53,0) | Y53: =IF(K53>0,K53+IF(T53>0,T53,0),T53) | AB53: 15.9 | AC53: 3011 | AN53: =(IF(AH53>0,AH53,0)+IF(AJ53>0,AJ53,0)+IF(AL53>0,AL53,0)) | AO53: =(((AI53*7)+(AK53*1)+(AM53*1))/8) | AP53: D
B54: TONER HP C532 YE CPT 2.8K | C54: C00276 | I54: 46313 | J54: 81 | K54: =(F54-(0)+0-(J54*Ventas!AE54*1.0556)) | M54: =(G54+0) | O54: =(H54+0) | Q54: =(K54+M54+O54) | R54: =(((L54*7)+(N54*1)+(P54*0))/8) | S54: =(180*(Ventas!AE54*0.9644) - IF(K54>0,K54,0)) | T54: =IF(S54>0,S54,0) | Y54: =IF(K54>0,K54+IF(T54>0,T54,0),T54) | AB54: 15.9 | AC54: 3011 | AN54: =(IF(AH54>0,AH54,0)+IF(AJ54>0,AJ54,0)+IF(AL54>0,AL54,0)) | AO54: =(((AI54*7)+(AK54*1)+(AM54*1))/8) | AP54: D
B55: TONER HP C533 MG CPT 2.8K | C55: C00277 | I55: 46313 | J55: 81 | K55: =(F55-(0)+0-(J55*Ventas!AE55*1.0556)) | M55: =(G55+0) | O55: =(H55+0) | Q55: =(K55+M55+O55) | R55: =(((L55*7)+(N55*1)+(P55*0))/8) | S55: =(180*(Ventas!AE55*0.9644) - IF(K55>0,K55,0)) | T55: =IF(S55>0,S55,0) | Y55: =IF(K55>0,K55+IF(T55>0,T55,0),T55) | AB55: 15.9 | AC55: 3011 | AN55: =(IF(AH55>0,AH55,0)+IF(AJ55>0,AJ55,0)+IF(AL55>0,AL55,0)) | AO55: =(((AI55*7)+(AK55*1)+(AM55*1))/8) | AP55: D
A56: 5350137120740 | B56: TONER HP CE310/CF350A BK CPT 1.3K | C56: C00278 | F56: 18 | I56: 46313 | J56: 81 | K56: =(F56-(0)+0-(J56*Ventas!AE56*1.0556)) | L56: =(K56/(Ventas!AE56*1.0556)/80) | M56: =(G56+0) | O56: =(H56+0) | Q56: =(K56+M56+O56) | R56: =(((L56*7)+(N56*1)+(P56*0))/8) | S56: =(180*(Ventas!AE56*0.9644) - IF(K56>0,K56,0)) | T56: =IF(S56>0,S56,0) | Y56: =IF(K56>0,K56+IF(T56>0,T56,0),T56) | AB56: 2 | AC56: 3016 | AH56: =(Y56-(90*Ventas!AE56*0.9644)) | AI56: =(AH56/(Ventas!AE56*0.9644)/80) | AN56: =(IF(AH56>0,AH56,0)+IF(AJ56>0,AJ56,0)+IF(AL56>0,AL56,0)) | AO56: =(((AI56*7)+(AK56*1)+(AM56*1))/8) | AP56: A
A57: 5350137120757 | B57: TONER HP CE311/CF351 CY CPT 1.0K | C57: C00279 | F57: 11 | I57: 46313 | J57: 81 | K57: =(F57-(0)+0-(J57*Ventas!AE57*1.0556)) | L57: =(K57/(Ventas!AE57*1.0556)/80) | M57: =(G57+0) | O57: =(H57+0) | Q57: =(K57+M57+O57) | R57: =(((L57*7)+(N57*1)+(P57*0))/8) | S57: =(180*(Ventas!AE57*0.9644) - IF(K57>0,K57,0)) | T57: =IF(S57>0,S57,0) | Y57: =IF(K57>0,K57+IF(T57>0,T57,0),T57) | AB57: 2.2 | AC57: 3016 | AH57: =(Y57-(90*Ventas!AE57*0.9644)) | AI57: =(AH57/(Ventas!AE57*0.9644)/80) | AN57: =(IF(AH57>0,AH57,0)+IF(AJ57>0,AJ57,0)+IF(AL57>0,AL57,0)) | AO57: =(((AI57*7)+(AK57*1)+(AM57*1))/8) | AP57: A
A58: 5350137120764 | B58: TONER HP CE312/CF352 YE CPT 1.0K | C58: C00280 | F58: 4 | I58: 46313 | J58: 81 | K58: =(F58-(0)+0-(J58*Ventas!AE58*1.0556)) | L58: =(K58/(Ventas!AE58*1.0556)/80) | M58: =(G58+0) | O58: =(H58+0) | Q58: =(K58+M58+O58) | R58: =(((L58*7)+(N58*1)+(P58*0))/8) | S58: =(180*(Ventas!AE58*0.9644) - IF(K58>0,K58,0)) | T58: =IF(S58>0,S58,0) | Y58: =IF(K58>0,K58+IF(T58>0,T58,0),T58) | AB58: 2.2 | AC58: 3016 | AH58: =(Y58-(90*Ventas!AE58*0.9644)) | AI58: =(AH58/(Ventas!AE58*0.9644)/80) | AN58: =(IF(AH58>0,AH58,0)+IF(AJ58>0,AJ58,0)+IF(AL58>0,AL58,0)) | AO58: =(((AI58*7)+(AK58*1)+(AM58*1))/8) | AP58: A
A59: 5350137120771 | B59: TONER HP CE313/CF353 MG CPT 1.0K | C59: C00281 | F59: 17 | I59: 46313 | J59: 81 | K59: =(F59-(0)+0-(J59*Ventas!AE59*1.0556)) | L59: =(K59/(Ventas!AE59*1.0556)/80) | M59: =(G59+0) | O59: =(H59+0) | Q59: =(K59+M59+O59) | R59: =(((L59*7)+(N59*1)+(P59*0))/8) | S59: =(180*(Ventas!AE59*0.9644) - IF(K59>0,K59,0)) | T59: =IF(S59>0,S59,0) | Y59: =IF(K59>0,K59+IF(T59>0,T59,0),T59) | AB59: 2.2 | AC59: 3016 | AH59: =(Y59-(90*Ventas!AE59*0.9644)) | AI59: =(AH59/(Ventas!AE59*0.9644)/80) | AN59: =(IF(AH59>0,AH59,0)+IF(AJ59>0,AJ59,0)+IF(AL59>0,AL59,0)) | AO59: =(((AI59*7)+(AK59*1)+(AM59*1))/8) | AP59: A
A60: 5350137120818 | B60: TONER LEXMARK E210 CPT 2.5K | C60: C00283 | F60: 6 | I60: 46313 | J60: 81 | K60: =(F60-(0)+0-(J60*Ventas!AE60*1.0556)) | M60: =(G60+0) | O60: =(H60+0) | Q60: =(K60+M60+O60) | R60: =(((L60*7)+(N60*1)+(P60*0))/8) | S60: =(180*(Ventas!AE60*0.9644) - IF(K60>0,K60,0)) | T60: =IF(S60>0,S60,0) | Y60: =IF(K60>0,K60+IF(T60>0,T60,0),T60) | AB60: 12.9 | AC60: 3002 | AN60: =(IF(AH60>0,AH60,0)+IF(AJ60>0,AJ60,0)+IF(AL60>0,AL60,0)) | AO60: =(((AI60*7)+(AK60*1)+(AM60*1))/8) | AP60: A
A61: 5350137120825 | B61: TONER LEXMARK 2.5K E230/E232/E234/240/E330/E33 CPT | C61: C00284 | I61: 46313 | J61: 81 | K61: =(F61-(0)+0-(J61*Ventas!AE61*1.0556)) | M61: =(G61+0) | O61: =(H61+0) | Q61: =(K61+M61+O61) | R61: =(((L61*7)+(N61*1)+(P61*0))/8) | S61: =(180*(Ventas!AE61*0.9644) - IF(K61>0,K61,0)) | T61: =IF(S61>0,S61,0) | Y61: =IF(K61>0,K61+IF(T61>0,T61,0),T61) | AB61: 9.8 | AC61: 2998 | AN61: =(IF(AH61>0,AH61,0)+IF(AJ61>0,AJ61,0)+IF(AL61>0,AL61,0)) | AO61: =(((AI61*7)+(AK61*1)+(AM61*1))/8) | AP61: A
A62: 5350137120832 | B62: TONER LEXMARK E250 CPT 3.5K | C62: C00285 | F62: 8 | I62: 46313 | J62: 81 | K62: =(F62-(0)+0-(J62*Ventas!AE62*1.0556)) | M62: =(G62+0) | O62: =(H62+0) | Q62: =(K62+M62+O62) | R62: =(((L62*7)+(N62*1)+(P62*0))/8) | S62: =(180*(Ventas!AE62*0.9644) - IF(K62>0,K62,0)) | T62: =IF(S62>0,S62,0) | Y62: =IF(K62>0,K62+IF(T62>0,T62,0),T62) | AB62: 5.72 | AC62: 3016 | AN62: =(IF(AH62>0,AH62,0)+IF(AJ62>0,AJ62,0)+IF(AL62>0,AL62,0)) | AO62: =(((AI62*7)+(AK62*1)+(AM62*1))/8) | AP62: A
A63: 5360125120027 | B63: TONER OKIDATA 2500X CPT 4K | C63: C00286 | I63: 46313 | J63: 81 | K63: =(F63-(0)+0-(J63*Ventas!AE63*1.0556)) | M63: =(G63+0) | O63: =(H63+0) | Q63: =(K63+M63+O63) | R63: =(((L63*7)+(N63*1)+(P63*0))/8) | S63: =(180*(Ventas!AE63*0.9644) - IF(K63>0,K63,0)) | T63: =IF(S63>0,S63,0) | Y63: =IF(K63>0,K63+IF(T63>0,T63,0),T63) | AN63: =(IF(AH63>0,AH63,0)+IF(AJ63>0,AJ63,0)+IF(AL63>0,AL63,0)) | AO63: =(((AI63*7)+(AK63*1)+(AM63*1))/8) | AP63: D
A64: 5358137120265 | B64: TONER SAMSUNG CLP-300 BK CPT 2K | C64: C00287 | I64: 46313 | J64: 81 | K64: =(F64-(0)+0-(J64*Ventas!AE64*1.0556)) | M64: =(G64+0) | O64: =(H64+0) | Q64: =(K64+M64+O64) | R64: =(((L64*7)+(N64*1)+(P64*0))/8) | S64: =(180*(Ventas!AE64*0.9644) - IF(K64>0,K64,0)) | T64: =IF(S64>0,S64,0) | Y64: =IF(K64>0,K64+IF(T64>0,T64,0),T64) | AB64: 5.5 | AC64: 3002 | AN64: =(IF(AH64>0,AH64,0)+IF(AJ64>0,AJ64,0)+IF(AL64>0,AL64,0)) | AO64: =(((AI64*7)+(AK64*1)+(AM64*1))/8) | AP64: A
A65: 5358137120203 | B65: TONER SAMSUNG CLP-300 CY CPT 1K | C65: C00288 | F65: 1 | I65: 46313 | J65: 81 | K65: =(F65-(0)+0-(J65*Ventas!AE65*1.0556)) | M65: =(G65+0) | O65: =(H65+0) | Q65: =(K65+M65+O65) | R65: =(((L65*7)+(N65*1)+(P65*0))/8) | S65: =(180*(Ventas!AE65*0.9644) - IF(K65>0,K65,0)) | T65: =IF(S65>0,S65,0) | Y65: =IF(K65>0,K65+IF(T65>0,T65,0),T65) | AB65: 4.8 | AC65: 3002 | AN65: =(IF(AH65>0,AH65,0)+IF(AJ65>0,AJ65,0)+IF(AL65>0,AL65,0)) | AO65: =(((AI65*7)+(AK65*1)+(AM65*1))/8) | AP65: A
A66: 5358137120210 | B66: TONER SAMSUNG CLP-300 MG CPT 1K | C66: C00289 | F66: 2 | I66: 46313 | J66: 81 | K66: =(F66-(0)+0-(J66*Ventas!AE66*1.0556)) | M66: =(G66+0) | O66: =(H66+0) | Q66: =(K66+M66+O66) | R66: =(((L66*7)+(N66*1)+(P66*0))/8) | S66: =(180*(Ventas!AE66*0.9644) - IF(K66>0,K66,0)) | T66: =IF(S66>0,S66,0) | Y66: =IF(K66>0,K66+IF(T66>0,T66,0),T66) | AB66: 4.8 | AC66: 3002 | AN66: =(IF(AH66>0,AH66,0)+IF(AJ66>0,AJ66,0)+IF(AL66>0,AL66,0)) | AO66: =(((AI66*7)+(AK66*1)+(AM66*1))/8) | AP66: D
A67: 5358137120227 | B67: TONER SAMSUNG CLP-300 YE CPT 1K | C67: C00290 | I67: 46313 | J67: 81 | K67: =(F67-(0)+0-(J67*Ventas!AE67*1.0556)) | M67: =(G67+0) | O67: =(H67+0) | Q67: =(K67+M67+O67) | R67: =(((L67*7)+(N67*1)+(P67*0))/8) | S67: =(180*(Ventas!AE67*0.9644) - IF(K67>0,K67,0)) | T67: =IF(S67>0,S67,0) | Y67: =IF(K67>0,K67+IF(T67>0,T67,0),T67) | AB67: 4.8 | AC67: 3002 | AN67: =(IF(AH67>0,AH67,0)+IF(AJ67>0,AJ67,0)+IF(AL67>0,AL67,0)) | AO67: =(((AI67*7)+(AK67*1)+(AM67*1))/8) | AP67: A
A68: 5350137121259 | B68: TONER XEROX 6125 BK CPT 2K | C68: C00295 | F68: 7 | I68: 46313 | J68: 81 | K68: =(F68-(0)+0-(J68*Ventas!AE68*1.0556)) | M68: =(G68+0) | O68: =(H68+0) | Q68: =(K68+M68+O68) | R68: =(((L68*7)+(N68*1)+(P68*0))/8) | S68: =(180*(Ventas!AE68*0.9644) - IF(K68>0,K68,0)) | T68: =IF(S68>0,S68,0) | Y68: =IF(K68>0,K68+IF(T68>0,T68,0),T68) | AB68: 3.08 | AC68: 3013 | AN68: =(IF(AH68>0,AH68,0)+IF(AJ68>0,AJ68,0)+IF(AL68>0,AL68,0)) | AO68: =(((AI68*7)+(AK68*1)+(AM68*1))/8) | AP68: D
A69: 5350137121266 | B69: TONER XEROX 6125 CY CPT 1K | C69: C00296 | F69: 1 | I69: 46313 | J69: 81 | K69: =(F69-(0)+0-(J69*Ventas!AE69*1.0556)) | M69: =(G69+0) | O69: =(H69+0) | Q69: =(K69+M69+O69) | R69: =(((L69*7)+(N69*1)+(P69*0))/8) | S69: =(180*(Ventas!AE69*0.9644) - IF(K69>0,K69,0)) | T69: =IF(S69>0,S69,0) | Y69: =IF(K69>0,K69+IF(T69>0,T69,0),T69) | AB69: 5.5 | AC69: 3002 | AN69: =(IF(AH69>0,AH69,0)+IF(AJ69>0,AJ69,0)+IF(AL69>0,AL69,0)) | AO69: =(((AI69*7)+(AK69*1)+(AM69*1))/8) | AP69: A
A70: 5350137121273 | B70: TONER XEROX 6125 MG CPT 1K | C70: C00297 | I70: 46313 | J70: 81 | K70: =(F70-(0)+0-(J70*Ventas!AE70*1.0556)) | M70: =(G70+0) | O70: =(H70+0) | Q70: =(K70+M70+O70) | R70: =(((L70*7)+(N70*1)+(P70*0))/8) | S70: =(180*(Ventas!AE70*0.9644) - IF(K70>0,K70,0)) | T70: =IF(S70>0,S70,0) | Y70: =IF(K70>0,K70+IF(T70>0,T70,0),T70) | AB70: 5.5 | AC70: 3002 | AN70: =(IF(AH70>0,AH70,0)+IF(AJ70>0,AJ70,0)+IF(AL70>0,AL70,0)) | AO70: =(((AI70*7)+(AK70*1)+(AM70*1))/8) | AP70: A
A71: 5350137121280 | B71: TONER XEROX 6125 YE CPT 1K | C71: C00298 | F71: 3 | I71: 46313 | J71: 81 | K71: =(F71-(0)+0-(J71*Ventas!AE71*1.0556)) | M71: =(G71+0) | O71: =(H71+0) | Q71: =(K71+M71+O71) | R71: =(((L71*7)+(N71*1)+(P71*0))/8) | S71: =(180*(Ventas!AE71*0.9644) - IF(K71>0,K71,0)) | T71: =IF(S71>0,S71,0) | Y71: =IF(K71>0,K71+IF(T71>0,T71,0),T71) | AB71: 5.5 | AC71: 3002 | AN71: =(IF(AH71>0,AH71,0)+IF(AJ71>0,AJ71,0)+IF(AL71>0,AL71,0)) | AO71: =(((AI71*7)+(AK71*1)+(AM71*1))/8) | AP71: A
A72: 5350137121297 | B72: TONER XEROX 6130 BK CPT 2.5K | C72: C00299 | F72: 8 | I72: 46313 | J72: 81 | K72: =(F72-(0)+0-(J72*Ventas!AE72*1.0556)) | M72: =(G72+0) | O72: =(H72+0) | Q72: =(K72+M72+O72) | R72: =(((L72*7)+(N72*1)+(P72*0))/8) | S72: =(180*(Ventas!AE72*0.9644) - IF(K72>0,K72,0)) | T72: =IF(S72>0,S72,0) | Y72: =IF(K72>0,K72+IF(T72>0,T72,0),T72) | AB72: 7 | AC72: 3002 | AN72: =(IF(AH72>0,AH72,0)+IF(AJ72>0,AJ72,0)+IF(AL72>0,AL72,0)) | AO72: =(((AI72*7)+(AK72*1)+(AM72*1))/8) | AP72: A
A73: 5350137121303 | B73: TONER XEROX 6130 CY CPT 1.9K | C73: C00300 | F73: 3 | I73: 46313 | J73: 81 | K73: =(F73-(0)+0-(J73*Ventas!AE73*1.0556)) | M73: =(G73+0) | O73: =(H73+0) | Q73: =(K73+M73+O73) | R73: =(((L73*7)+(N73*1)+(P73*0))/8) | S73: =(180*(Ventas!AE73*0.9644) - IF(K73>0,K73,0)) | T73: =IF(S73>0,S73,0) | Y73: =IF(K73>0,K73+IF(T73>0,T73,0),T73) | AB73: 7 | AC73: 3002 | AN73: =(IF(AH73>0,AH73,0)+IF(AJ73>0,AJ73,0)+IF(AL73>0,AL73,0)) | AO73: =(((AI73*7)+(AK73*1)+(AM73*1))/8) | AP73: A
A74: 5350137121310 | B74: TONER XEROX 6130 MG CPT 1.9K | C74: C00301 | I74: 46313 | J74: 81 | K74: =(F74-(0)+0-(J74*Ventas!AE74*1.0556)) | M74: =(G74+0) | O74: =(H74+0) | Q74: =(K74+M74+O74) | R74: =(((L74*7)+(N74*1)+(P74*0))/8) | S74: =(180*(Ventas!AE74*0.9644) - IF(K74>0,K74,0)) | T74: =IF(S74>0,S74,0) | Y74: =IF(K74>0,K74+IF(T74>0,T74,0),T74) | AB74: 7 | AC74: 3002 | AN74: =(IF(AH74>0,AH74,0)+IF(AJ74>0,AJ74,0)+IF(AL74>0,AL74,0)) | AO74: =(((AI74*7)+(AK74*1)+(AM74*1))/8) | AP74: A
A75: 5350137121327 | B75: TONER XEROX 6130 YE CPT 1.9K | C75: C00302 | I75: 46313 | J75: 81 | K75: =(F75-(0)+0-(J75*Ventas!AE75*1.0556)) | M75: =(G75+0) | O75: =(H75+0) | Q75: =(K75+M75+O75) | R75: =(((L75*7)+(N75*1)+(P75*0))/8) | S75: =(180*(Ventas!AE75*0.9644) - IF(K75>0,K75,0)) | T75: =IF(S75>0,S75,0) | Y75: =IF(K75>0,K75+IF(T75>0,T75,0),T75) | AB75: 7 | AC75: 3002 | AN75: =(IF(AH75>0,AH75,0)+IF(AJ75>0,AJ75,0)+IF(AL75>0,AL75,0)) | AO75: =(((AI75*7)+(AK75*1)+(AM75*1))/8) | AP75: A
A76: 5350137121013 | B76: TONER SAMSUNG MLT-D103L 2.5k CPT | C76: C00303 | D76: E00303 | F76: 61 | I76: 46313 | J76: 81 | K76: =(F76-(0)+0-(J76*Ventas!AE76*1.0556)) | L76: =(K76/(Ventas!AE76*1.0556)/80) | M76: =(G76-(0)+0-(J76*Ventas!AE509*1.0556)) | O76: =(H76+0) | Q76: =(K76+M76+O76) | R76: =(((L76*7)+(N76*1)+(P76*0))/8) | S76: =(180*(Ventas!AE76*0.9644) - IF(K76>0,K76,0)) | T76: =IF(S76>0,S76,0) | U76: =(180*(Ventas!AE509*0.9644) - IF(M76>0,M76,0)) | V76: =IF(U76>0,U76,0) | Y76: =IF(K76>0,K76+IF(T76>0,T76,0),T76) | Z76: =IF(M76>0,M76+IF(V76>0,V76,0),V76) | AB76: 4.4 | AC76: 3016 | AD76: 5.43 | AH76: =(Y76-(90*Ventas!AE76*0.9644)) | AI76: =(AH76/(Ventas!AE76*0.9644)/80) | AN76: =(IF(AH76>0,AH76,0)+IF(AJ76>0,AJ76,0)+IF(AL76>0,AL76,0)) | AO76: =(((AI76*7)+(AK76*1)+(AM76*1))/8) | AP76: A
A77: 5358137120234 | B77: TONER SAMSUNG MLT-109L/SCX4300 CPT 2K | C77: C00305 | F77: 7 | I77: 46313 | J77: 81 | K77: =(F77-(0)+0-(J77*Ventas!AE77*1.0556)) | L77: =(K77/(Ventas!AE77*1.0556)/80) | M77: =(G77+0) | O77: =(H77+0) | Q77: =(K77+M77+O77) | R77: =(((L77*7)+(N77*1)+(P77*0))/8) | S77: =(180*(Ventas!AE77*0.9644) - IF(K77>0,K77,0)) | T77: =IF(S77>0,S77,0) | Y77: =IF(K77>0,K77+IF(T77>0,T77,0),T77) | AB77: 6.039 | AC77: 3022 | AH77: =(Y77-(90*Ventas!AE77*0.9644)) | AI77: =(AH77/(Ventas!AE77*0.9644)/80) | AN77: =(IF(AH77>0,AH77,0)+IF(AJ77>0,AJ77,0)+IF(AL77>0,AL77,0)) | AO77: =(((AI77*7)+(AK77*1)+(AM77*1))/8) | AP77: D
B78: TAMBOR BROTHER HL-2030/2035/2040 CPT | C78: C00307 | I78: 46313 | J78: 81 | K78: =(F78-(0)+0-(J78*Ventas!AE78*1.0556)) | M78: =(G78+0) | O78: =(H78+0) | Q78: =(K78+M78+O78) | R78: =(((L78*7)+(N78*1)+(P78*0))/8) | S78: =(180*(Ventas!AE78*0.9644) - IF(K78>0,K78,0)) | T78: =IF(S78>0,S78,0) | Y78: =IF(K78>0,K78+IF(T78>0,T78,0),T78) | AN78: =(IF(AH78>0,AH78,0)+IF(AJ78>0,AJ78,0)+IF(AL78>0,AL78,0)) | AO78: =(((AI78*7)+(AK78*1)+(AM78*1))/8) | AP78: D
A79: 5350137120849 | B79: TONER LEXMARK E350 CPT 9K | C79: C00313 | F79: 12 | I79: 46313 | J79: 81 | K79: =(F79-(0)+0-(J79*Ventas!AE79*1.0556)) | L79: =(K79/(Ventas!AE79*1.0556)/80) | M79: =(G79+0) | O79: =(H79+0) | Q79: =(K79+M79+O79) | R79: =(((L79*7)+(N79*1)+(P79*0))/8) | S79: =(180*(Ventas!AE79*0.9644) - IF(K79>0,K79,0)) | T79: =IF(S79>0,S79,0) | Y79: =IF(K79>0,K79+IF(T79>0,T79,0),T79) | AB79: 8.5 | AC79: 2998 | AH79: =(Y79-(90*Ventas!AE79*0.9644)) | AI79: =(AH79/(Ventas!AE79*0.9644)/80) | AN79: =(IF(AH79>0,AH79,0)+IF(AJ79>0,AJ79,0)+IF(AL79>0,AL79,0)) | AO79: =(((AI79*7)+(AK79*1)+(AM79*1))/8) | AP79: D
A80: 5350137120801 | B80: TAMBOR LEXMARK E120 17K | C80: C00316 | I80: 46313 | J80: 81 | K80: =(F80-(0)+0-(J80*Ventas!AE80*1.0556)) | M80: =(G80+0) | O80: =(H80+0) | Q80: =(K80+M80+O80) | R80: =(((L80*7)+(N80*1)+(P80*0))/8) | S80: =(180*(Ventas!AE80*0.9644) - IF(K80>0,K80,0)) | T80: =IF(S80>0,S80,0) | Y80: =IF(K80>0,K80+IF(T80>0,T80,0),T80) | AB80: 10.9 | AC80: 2998 | AN80: =(IF(AH80>0,AH80,0)+IF(AJ80>0,AJ80,0)+IF(AL80>0,AL80,0)) | AO80: =(((AI80*7)+(AK80*1)+(AM80*1))/8) | AP80: D
A81: 5350137120856 | B81: TONER SAMSUNG MLT-1640/108 CPT 1.5K | C81: C00317 | D81: E00317 | F81: 39 | G81: 6 | I81: 46313 | J81: 81 | K81: =(F81-(0)+0-(J81*Ventas!AE81*1.0556)) | L81: =(K81/(Ventas!AE81*1.0556)/80) | M81: =(G81-(0)+0-(J81*Ventas!AE510*1.0556)) | N81: =(M81/(Ventas!AE510*1.0556)/85) | O81: =(H81+0) | Q81: =(K81+M81+O81) | R81: =(((L81*7)+(N81*1)+(P81*0))/8) | S81: =(180*(Ventas!AE81*0.9644) - IF(K81>0,K81,0)) | T81: =IF(S81>0,S81,0) | U81: =(180*(Ventas!AE510*0.9644) - IF(M81>0,M81,0)) | V81: =IF(U81>0,U81,0) | Y81: =IF(K81>0,K81+IF(T81>0,T81,0),T81) | Z81: =IF(M81>0,M81+IF(V81>0,V81,0),V81) | AB81: 4.55 | AC81: 3016 | AD81: 4.55 | AH81: =(Y81-(90*Ventas!AE81*0.9644)) | AI81: =(AH81/(Ventas!AE81*0.9644)/80) | AJ81: =(Z81-(90*Ventas!AE510*0.9644)) | AK81: =(AJ81/(Ventas!AE510*0.9644)/85) | AN81: =(IF(AH81>0,AH81,0)+IF(AJ81>0,AJ81,0)+IF(AL81>0,AL81,0)) | AO81: =(((AI81*7)+(AK81*1)+(AM81*1))/8) | AP81: A
A82: 5350137120863 | B82: TONER SAMSUNG MLT-1670 CPT 1.5K | C82: C00318 | I82: 46313 | J82: 81 | K82: =(F82-(0)+0-(J82*Ventas!AE82*1.0556)) | M82: =(G82+0) | O82: =(H82+0) | Q82: =(K82+M82+O82) | R82: =(((L82*7)+(N82*1)+(P82*0))/8) | S82: =(180*(Ventas!AE82*0.9644) - IF(K82>0,K82,0)) | T82: =IF(S82>0,S82,0) | Y82: =IF(K82>0,K82+IF(T82>0,T82,0),T82) | AB82: 19.5 | AC82: 3002 | AN82: =(IF(AH82>0,AH82,0)+IF(AJ82>0,AJ82,0)+IF(AL82>0,AL82,0)) | AO82: =(((AI82*7)+(AK82*1)+(AM82*1))/8) | AP82: A
A83: 5350137120733 | B83: TONER HP CE255A CPT 6K | C83: C00319 | F83: 2 | I83: 46313 | J83: 81 | K83: =(F83-(0)+0-(J83*Ventas!AE83*1.0556)) | L83: =(K83/(Ventas!AE83*1.0556)/80) | M83: =(G83+0) | O83: =(H83+0) | Q83: =(K83+M83+O83) | R83: =(((L83*7)+(N83*1)+(P83*0))/8) | S83: =(180*(Ventas!AE83*0.9644) - IF(K83>0,K83,0)) | T83: =IF(S83>0,S83,0) | Y83: =IF(K83>0,K83+IF(T83>0,T83,0),T83) | AB83: 5.9 | AC83: 3016 | AH83: =(Y83-(90*Ventas!AE83*0.9644)) | AI83: =(AH83/(Ventas!AE83*0.9644)/80) | AN83: =(IF(AH83>0,AH83,0)+IF(AJ83>0,AJ83,0)+IF(AL83>0,AL83,0)) | AO83: =(((AI83*7)+(AK83*1)+(AM83*1))/8) | AP83: A
A84: 5350137121204 | B84: TONER BROTHER TN-210 BK CPT 2.2K | C84: C00324 | F84: 7 | I84: 46313 | J84: 81 | K84: =(F84-(0)+0-(J84*Ventas!AE84*1.0556)) | M84: =(G84+0) | O84: =(H84+0) | Q84: =(K84+M84+O84) | R84: =(((L84*7)+(N84*1)+(P84*0))/8) | S84: =(180*(Ventas!AE84*0.9644) - IF(K84>0,K84,0)) | T84: =IF(S84>0,S84,0) | Y84: =IF(K84>0,K84+IF(T84>0,T84,0),T84) | AB84: 3.95 | AC84: 3016 | AN84: =(IF(AH84>0,AH84,0)+IF(AJ84>0,AJ84,0)+IF(AL84>0,AL84,0)) | AO84: =(((AI84*7)+(AK84*1)+(AM84*1))/8) | AP84: A
A85: 5350137121211 | B85: TONER BROTHER TN-210 CY CPT 1.4K | C85: C00325 | I85: 46313 | J85: 81 | K85: =(F85-(0)+0-(J85*Ventas!AE85*1.0556)) | M85: =(G85+0) | O85: =(H85+0) | Q85: =(K85+M85+O85) | R85: =(((L85*7)+(N85*1)+(P85*0))/8) | S85: =(180*(Ventas!AE85*0.9644) - IF(K85>0,K85,0)) | T85: =IF(S85>0,S85,0) | Y85: =IF(K85>0,K85+IF(T85>0,T85,0),T85) | AB85: 5.02 | AC85: 3006 | AN85: =(IF(AH85>0,AH85,0)+IF(AJ85>0,AJ85,0)+IF(AL85>0,AL85,0)) | AO85: =(((AI85*7)+(AK85*1)+(AM85*1))/8) | AP85: A
A86: 5350137121228 | B86: TONER BROTHER TN-210 MG CPT 1.4K | C86: C00326 | F86: 15 | I86: 46313 | J86: 81 | K86: =(F86-(0)+0-(J86*Ventas!AE86*1.0556)) | M86: =(G86+0) | O86: =(H86+0) | Q86: =(K86+M86+O86) | R86: =(((L86*7)+(N86*1)+(P86*0))/8) | S86: =(180*(Ventas!AE86*0.9644) - IF(K86>0,K86,0)) | T86: =IF(S86>0,S86,0) | Y86: =IF(K86>0,K86+IF(T86>0,T86,0),T86) | AB86: 3.95 | AC86: 3016 | AN86: =(IF(AH86>0,AH86,0)+IF(AJ86>0,AJ86,0)+IF(AL86>0,AL86,0)) | AO86: =(((AI86*7)+(AK86*1)+(AM86*1))/8) | AP86: A
A87: 5350137121235 | B87: TONER BROTHER TN-210 YE CPT 1.4K | C87: C00327 | F87: 9 | I87: 46313 | J87: 81 | K87: =(F87-(0)+0-(J87*Ventas!AE87*1.0556)) | L87: =(K87/(Ventas!AE87*1.0556)/80) | M87: =(G87+0) | O87: =(H87+0) | Q87: =(K87+M87+O87) | R87: =(((L87*7)+(N87*1)+(P87*0))/8) | S87: =(180*(Ventas!AE87*0.9644) - IF(K87>0,K87,0)) | T87: =IF(S87>0,S87,0) | Y87: =IF(K87>0,K87+IF(T87>0,T87,0),T87) | AB87: 3.95 | AC87: 3016 | AH87: =(Y87-(90*Ventas!AE87*0.9644)) | AI87: =(AH87/(Ventas!AE87*0.9644)/80) | AN87: =(IF(AH87>0,AH87,0)+IF(AJ87>0,AJ87,0)+IF(AL87>0,AL87,0)) | AO87: =(((AI87*7)+(AK87*1)+(AM87*1))/8) | AP87: A
A88: 5350137121358 | B88: TONER HP CF280A/CE505A/CRG120 CPT 2.3K | C88: C00328 | D88: E00328 | F88: 65 | I88: 46313 | J88: 81 | K88: =(F88-(0)+0-(J88*Ventas!AE88*1.0556)) | L88: =(K88/(Ventas!AE88*1.0556)/80) | M88: =(G88-(0)+0-(J88*Ventas!AE511*1.0556)) | O88: =(H88+0) | Q88: =(K88+M88+O88) | R88: =(((L88*7)+(N88*1)+(P88*0))/8) | S88: =(180*(Ventas!AE88*0.9644) - IF(K88>0,K88,0)) | T88: =IF(S88>0,S88,0) | U88: =(180*(Ventas!AE511*0.9644) - IF(M88>0,M88,0)) | V88: =IF(U88>0,U88,0) | Y88: =IF(K88>0,K88+IF(T88>0,T88,0),T88) | Z88: =IF(M88>0,M88+IF(V88>0,V88,0),V88) | AB88: 3.1 | AC88: 3016 | AD88: 3.3 | AH88: =(Y88-(90*Ventas!AE88*0.9644)) | AI88: =(AH88/(Ventas!AE88*0.9644)/80) | AN88: =(IF(AH88>0,AH88,0)+IF(AJ88>0,AJ88,0)+IF(AL88>0,AL88,0)) | AO88: =(((AI88*7)+(AK88*1)+(AM88*1))/8) | AP88: A
A89: 5358137120241 | B89: TONER OKIDATA B4400/4500/4600 CPT 7K | C89: C00329 | F89: 1 | I89: 46313 | J89: 81 | K89: =(F89-(0)+0-(J89*Ventas!AE89*1.0556)) | M89: =(G89+0) | O89: =(H89+0) | Q89: =(K89+M89+O89) | R89: =(((L89*7)+(N89*1)+(P89*0))/8) | S89: =(180*(Ventas!AE89*0.9644) - IF(K89>0,K89,0)) | T89: =IF(S89>0,S89,0) | Y89: =IF(K89>0,K89+IF(T89>0,T89,0),T89) | AB89: 2.776 | AC89: 3022 | AN89: =(IF(AH89>0,AH89,0)+IF(AJ89>0,AJ89,0)+IF(AL89>0,AL89,0)) | AO89: =(((AI89*7)+(AK89*1)+(AM89*1))/8) | AP89: A
A90: 5358137120876 | B90: TONER SAMSUNG SCX-4725 CPT 3K | C90: C00339 | I90: 46313 | J90: 81 | K90: =(F90-(0)+0-(J90*Ventas!AE90*1.0556)) | M90: =(G90+0) | O90: =(H90+0) | Q90: =(K90+M90+O90) | R90: =(((L90*7)+(N90*1)+(P90*0))/8) | S90: =(180*(Ventas!AE90*0.9644) - IF(K90>0,K90,0)) | T90: =IF(S90>0,S90,0) | Y90: =IF(K90>0,K90+IF(T90>0,T90,0),T90) | AB90: 6.02 | AC90: 3006 | AN90: =(IF(AH90>0,AH90,0)+IF(AJ90>0,AJ90,0)+IF(AL90>0,AL90,0)) | AO90: =(((AI90*7)+(AK90*1)+(AM90*1))/8) | AP90: D
A91: 5350137121334 | B91: TONER XEROX PE120 BK CPT 5K | C91: C00353 | F91: 9 | I91: 46313 | J91: 81 | K91: =(F91-(0)+0-(J91*Ventas!AE91*1.0556)) | M91: =(G91+0) | O91: =(H91+0) | Q91: =(K91+M91+O91) | R91: =(((L91*7)+(N91*1)+(P91*0))/8) | S91: =(180*(Ventas!AE91*0.9644) - IF(K91>0,K91,0)) | T91: =IF(S91>0,S91,0) | Y91: =IF(K91>0,K91+IF(T91>0,T91,0),T91) | AB91: 12.29 | AC91: 2998 | AN91: =(IF(AH91>0,AH91,0)+IF(AJ91>0,AJ91,0)+IF(AL91>0,AL91,0)) | AO91: =(((AI91*7)+(AK91*1)+(AM91*1))/8) | AP91: D
A92: 5358137120678 | B92: TONER XEROX CCL 3119 CPT 3K | C92: C00357 | I92: 46313 | J92: 81 | K92: =(F92-(0)+0-(J92*Ventas!AE92*1.0556)) | M92: =(G92+0) | O92: =(H92+0) | Q92: =(K92+M92+O92) | R92: =(((L92*7)+(N92*1)+(P92*0))/8) | S92: =(180*(Ventas!AE92*0.9644) - IF(K92>0,K92,0)) | T92: =IF(S92>0,S92,0) | Y92: =IF(K92>0,K92+IF(T92>0,T92,0),T92) | AN92: =(IF(AH92>0,AH92,0)+IF(AJ92>0,AJ92,0)+IF(AL92>0,AL92,0)) | AO92: =(((AI92*7)+(AK92*1)+(AM92*1))/8) | AP92: D
A93: 5350137121020 | B93: TONER LEXMARK E260A11L E260/E360/E460 CPT 3.5K | C93: C00376 | F93: 51 | I93: 46313 | J93: 81 | K93: =(F93-(0)+0-(J93*Ventas!AE94*1.0556)) | L93: =(K93/(Ventas!AE94*1.0556)/80) | M93: =(G93+0) | O93: =(H93+0) | Q93: =(K93+M93+O93) | R93: =(((L93*7)+(N93*1)+(P93*0))/8) | S93: =(180*(Ventas!AE94*0.9644) - IF(K93>0,K93,0)) | T93: =IF(S93>0,S93,0) | Y93: =IF(K93>0,K93+IF(T93>0,T93,0),T93) | AB93: 6.2 | AC93: 3016 | AH93: =(Y93-(90*Ventas!AE94*0.9644)) | AI93: =(AH93/(Ventas!AE94*0.9644)/80) | AN93: =(IF(AH93>0,AH93,0)+IF(AJ93>0,AJ93,0)+IF(AL93>0,AL93,0)) | AO93: =(((AI93*7)+(AK93*1)+(AM93*1))/8) | AP93: A
A94: 5350137121037 | B94: TONER BROTHER TN-115 BK CPT 5K | C94: C00377 | I94: 46313 | J94: 81 | K94: =(F94-(0)+0-(J94*Ventas!AE95*1.0556)) | M94: =(G94+0) | O94: =(H94+0) | Q94: =(K94+M94+O94) | R94: =(((L94*7)+(N94*1)+(P94*0))/8) | S94: =(180*(Ventas!AE95*0.9644) - IF(K94>0,K94,0)) | T94: =IF(S94>0,S94,0) | Y94: =IF(K94>0,K94+IF(T94>0,T94,0),T94) | AB94: 17.6 | AC94: 3011 | AN94: =(IF(AH94>0,AH94,0)+IF(AJ94>0,AJ94,0)+IF(AL94>0,AL94,0)) | AO94: =(((AI94*7)+(AK94*1)+(AM94*1))/8) | AP94: D
A95: 5350137121044 | B95: TONER BROTHER TN-115 CY CPT 4K | C95: C00378 | I95: 46313 | J95: 81 | K95: =(F95-(0)+0-(J95*Ventas!AE96*1.0556)) | M95: =(G95+0) | O95: =(H95+0) | Q95: =(K95+M95+O95) | R95: =(((L95*7)+(N95*1)+(P95*0))/8) | S95: =(180*(Ventas!AE96*0.9644) - IF(K95>0,K95,0)) | T95: =IF(S95>0,S95,0) | Y95: =IF(K95>0,K95+IF(T95>0,T95,0),T95) | AB95: 19.8 | AC95: 3011 | AN95: =(IF(AH95>0,AH95,0)+IF(AJ95>0,AJ95,0)+IF(AL95>0,AL95,0)) | AO95: =(((AI95*7)+(AK95*1)+(AM95*1))/8) | AP95: A
A96: 5350137121051 | B96: TONER BROTHER TN-115 MG CPT 4K | C96: C00379 | F96: 2 | I96: 46313 | J96: 81 | K96: =(F96-(0)+0-(J96*Ventas!AE97*1.0556)) | M96: =(G96+0) | O96: =(H96+0) | Q96: =(K96+M96+O96) | R96: =(((L96*7)+(N96*1)+(P96*0))/8) | S96: =(180*(Ventas!AE97*0.9644) - IF(K96>0,K96,0)) | T96: =IF(S96>0,S96,0) | Y96: =IF(K96>0,K96+IF(T96>0,T96,0),T96) | AB96: 19.8 | AC96: 3011 | AN96: =(IF(AH96>0,AH96,0)+IF(AJ96>0,AJ96,0)+IF(AL96>0,AL96,0)) | AO96: =(((AI96*7)+(AK96*1)+(AM96*1))/8) | AP96: A
A97: 5350137121068 | B97: TONER BROTHER TN-115 YE CPT 4K | C97: C00380 | I97: 46313 | J97: 81 | K97: =(F97-(0)+0-(J97*Ventas!AE98*1.0556)) | M97: =(G97+0) | O97: =(H97+0) | Q97: =(K97+M97+O97) | R97: =(((L97*7)+(N97*1)+(P97*0))/8) | S97: =(180*(Ventas!AE98*0.9644) - IF(K97>0,K97,0)) | T97: =IF(S97>0,S97,0) | Y97: =IF(K97>0,K97+IF(T97>0,T97,0),T97) | AB97: 19.8 | AC97: 3011 | AN97: =(IF(AH97>0,AH97,0)+IF(AJ97>0,AJ97,0)+IF(AL97>0,AL97,0)) | AO97: =(((AI97*7)+(AK97*1)+(AM97*1))/8) | AP97: D
A98: 5350137121075 | B98: TONER BROTHER TN-315/319 BK CPT 6K | C98: C00381 | F98: 5 | I98: 46313 | J98: 81 | K98: =(F98-(0)+0-(J98*Ventas!AE99*1.0556)) | L98: =(K98/(Ventas!AE99*1.0556)/80) | M98: =(G98+0) | O98: =(H98+0) | Q98: =(K98+M98+O98) | R98: =(((L98*7)+(N98*1)+(P98*0))/8) | S98: =(180*(Ventas!AE99*0.9644) - IF(K98>0,K98,0)) | T98: =IF(S98>0,S98,0) | Y98: =IF(K98>0,K98+IF(T98>0,T98,0),T98) | AB98: 3.4 | AC98: 3016 | AH98: =(Y98-(90*Ventas!AE99*0.9644)) | AI98: =(AH98/(Ventas!AE99*0.9644)/80) | AN98: =(IF(AH98>0,AH98,0)+IF(AJ98>0,AJ98,0)+IF(AL98>0,AL98,0)) | AO98: =(((AI98*7)+(AK98*1)+(AM98*1))/8) | AP98: A
A99: 5350137121082 | B99: TONER BROTHER TN-315/319 CY CPT 3.5K | C99: C00382 | I99: 46313 | J99: 81 | K99: =(F99-(0)+0-(J99*Ventas!AE100*1.0556)) | M99: =(G99+0) | O99: =(H99+0) | Q99: =(K99+M99+O99) | R99: =(((L99*7)+(N99*1)+(P99*0))/8) | S99: =(180*(Ventas!AE100*0.9644) - IF(K99>0,K99,0)) | T99: =IF(S99>0,S99,0) | Y99: =IF(K99>0,K99+IF(T99>0,T99,0),T99) | AB99: 3.51 | AC99: 3016 | AN99: =(IF(AH99>0,AH99,0)+IF(AJ99>0,AJ99,0)+IF(AL99>0,AL99,0)) | AO99: =(((AI99*7)+(AK99*1)+(AM99*1))/8) | AP99: A
A100: 5350137121099 | B100: TONER BROTHER TN-315/319 MG CPT 3.5K | C100: C00383 | F100: 2 | I100: 46313 | J100: 81 | K100: =(F100-(0)+0-(J100*Ventas!AE101*1.0556)) | L100: =(K100/(Ventas!AE101*1.0556)/80) | M100: =(G100+0) | O100: =(H100+0) | Q100: =(K100+M100+O100) | R100: =(((L100*7)+(N100*1)+(P100*0))/8) | S100: =(180*(Ventas!AE101*0.9644) - IF(K100>0,K100,0)) | T100: =IF(S100>0,S100,0) | Y100: =IF(K100>0,K100+IF(T100>0,T100,0),T100) | AB100: 5.9 | AC100: 3022 | AH100: =(Y100-(90*Ventas!AE101*0.9644)) | AI100: =(AH100/(Ventas!AE101*0.9644)/80) | AN100: =(IF(AH100>0,AH100,0)+IF(AJ100>0,AJ100,0)+IF(AL100>0,AL100,0)) | AO100: =(((AI100*7)+(AK100*1)+(AM100*1))/8) | AP100: A
A101: 5350137121105 | B101: TONER BROTHER TN-315/319 YE CPT 3.5K | C101: C00384 | F101: 1 | I101: 46313 | J101: 81 | K101: =(F101-(0)+0-(J101*Ventas!AE102*1.0556)) | M101: =(G101+0) | O101: =(H101+0) | Q101: =(K101+M101+O101) | R101: =(((L101*7)+(N101*1)+(P101*0))/8) | S101: =(180*(Ventas!AE102*0.9644) - IF(K101>0,K101,0)) | T101: =IF(S101>0,S101,0) | Y101: =IF(K101>0,K101+IF(T101>0,T101,0),T101) | AB101: 5.9 | AC101: 3022 | AN101: =(IF(AH101>0,AH101,0)+IF(AJ101>0,AJ101,0)+IF(AL101>0,AL101,0)) | AO101: =(((AI101*7)+(AK101*1)+(AM101*1))/8) | AP101: A
...
